[2026-06-23 16:19:17] production.ERROR: Method Illuminate\Database\Eloquent\Collection::hasPages does not exist. (View: D:\DiskFiles\Projects\Web\upwork_Invoice_Ninja\reception-par-type\resources\views\admin\import\index.blade.php) {"userId":"01kvarefp6wsnndkj42mr077f2","exception":"[object] (Illuminate\\View\\ViewException(code: 0): Method Illuminate\\Database\\Eloquent\\Collection::hasPages does not exist. (View: D:\\DiskFiles\\Projects\\Web\\upwork_Invoice_Ninja\\reception-par-type\\resources\\views\\admin\\import\\index.blade.php) at D:/DiskFiles/Projects/Web/upwork_Invoice_Ninja/reception-par-type/vendor/laravel/framework/src/Illuminate/Macroable/Traits/Macroable.php:115)
[stacktrace]
#0 D:/DiskFiles/Projects/Web/upwork_Invoice_Ninja/reception-par-type/vendor/laravel/framework/src/Illuminate/View/Engines/PhpEngine.php(60): Illuminate/View/Engines/CompilerEngine->handleViewException()
#1 D:/DiskFiles/Projects/Web/upwork_Invoice_Ninja/reception-par-type/vendor/laravel/framework/src/Illuminate/View/Engines/CompilerEngine.php(75): Illuminate/View/Engines/PhpEngine->evaluatePath()
#2 D:/DiskFiles/Projects/Web/upwork_Invoice_Ninja/reception-par-type/vendor/laravel/framework/src/Illuminate/View/View.php(209): Illuminate/View/Engines/CompilerEngine->get()
#3 D:/DiskFiles/Projects/Web/upwork_Invoice_Ninja/reception-par-type/vendor/laravel/framework/src/Illuminate/View/View.php(192): Illuminate/View/View->getContents()
#4 D:/DiskFiles/Projects/Web/upwork_Invoice_Ninja/reception-par-type/vendor/laravel/framework/src/Illuminate/View/View.php(161): Illuminate/View/View->renderContents()
#5 D:/DiskFiles/Projects/Web/upwork_Invoice_Ninja/reception-par-type/vendor/laravel/framework/src/Illuminate/Http/Response.php(79): Illuminate/View/View->render()
#6 D:/DiskFiles/Projects/Web/upwork_Invoice_Ninja/reception-par-type/vendor/laravel/framework/src/Illuminate/Http/Response.php(35): Illuminate/Http/Response->setContent()
#7 D:/DiskFiles/Projects/Web/upwork_Invoice_Ninja/reception-par-type/vendor/laravel/framework/src/Illuminate/Routing/Router.php(920): Illuminate/Http/Response->__construct()
#8 D:/DiskFiles/Projects/Web/upwork_Invoice_Ninja/reception-par-type/vendor/laravel/framework/src/Illuminate/Routing/Router.php(887): Illuminate/Routing/Router::toResponse()
#9 D:/DiskFiles/Projects/Web/upwork_Invoice_Ninja/reception-par-type/vendor/laravel/framework/src/Illuminate/Routing/Router.php(807): Illuminate/Routing/Router->prepareResponse()
#10 D:/DiskFiles/Projects/Web/upwork_Invoice_Ninja/reception-par-type/vendor/laravel/framework/src/Illuminate/Pipeline/Pipeline.php(170): Illuminate/Routing/Router->Illuminate/Routing/{closure}()
#11 D:/DiskFiles/Projects/Web/upwork_Invoice_Ninja/reception-par-type/app/Http/Middleware/AdminAccess.php(41): Illuminate/Pipeline/Pipeline->Illuminate/Pipeline/{closure}()
#12 D:/DiskFiles/Projects/Web/upwork_Invoice_Ninja/reception-par-type/vendor/laravel/framework/src/Illuminate/Pipeline/Pipeline.php(209): App/Http/Middleware/AdminAccess->handle()
#13 D:/DiskFiles/Projects/Web/upwork_Invoice_Ninja/reception-par-type/app/Http/Middleware/TrackAffiliate.php(45): Illuminate/Pipeline/Pipeline->Illuminate/Pipeline/{closure}()
#14 D:/DiskFiles/Projects/Web/upwork_Invoice_Ninja/reception-par-type/vendor/laravel/framework/src/Illuminate/Pipeline/Pipeline.php(209): App/Http/Middleware/TrackAffiliate->handle()
#15 D:/DiskFiles/Projects/Web/upwork_Invoice_Ninja/reception-par-type/vendor/laravel/framework/src/Illuminate/Routing/Middleware/SubstituteBindings.php(51): Illuminate/Pipeline/Pipeline->Illuminate/Pipeline/{closure}()
#16 D:/DiskFiles/Projects/Web/upwork_Invoice_Ninja/reception-par-type/vendor/laravel/framework/src/Illuminate/Pipeline/Pipeline.php(209): Illuminate/Routing/Middleware/SubstituteBindings->handle()
#17 D:/DiskFiles/Projects/Web/upwork_Invoice_Ninja/reception-par-type/vendor/laravel/framework/src/Illuminate/Auth/Middleware/Authenticate.php(64): Illuminate/Pipeline/Pipeline->Illuminate/Pipeline/{closure}()
#18 D:/DiskFiles/Projects/Web/upwork_Invoice_Ninja/reception-par-type/vendor/laravel/framework/src/Illuminate/Pipeline/Pipeline.php(209): Illuminate/Auth/Middleware/Authenticate->handle()
#19 D:/DiskFiles/Projects/Web/upwork_Invoice_Ninja/reception-par-type/vendor/laravel/framework/src/Illuminate/Foundation/Http/Middleware/VerifyCsrfToken.php(88): Illuminate/Pipeline/Pipeline->Illuminate/Pipeline/{closure}()
#20 D:/DiskFiles/Projects/Web/upwork_Invoice_Ninja/reception-par-type/vendor/laravel/framework/src/Illuminate/Pipeline/Pipeline.php(209): Illuminate/Foundation/Http/Middleware/VerifyCsrfToken->handle()
#21 D:/DiskFiles/Projects/Web/upwork_Invoice_Ninja/reception-par-type/vendor/laravel/framework/src/Illuminate/View/Middleware/ShareErrorsFromSession.php(49): Illuminate/Pipeline/Pipeline->Illuminate/Pipeline/{closure}()
#22 D:/DiskFiles/Projects/Web/upwork_Invoice_Ninja/reception-par-type/vendor/laravel/framework/src/Illuminate/Pipeline/Pipeline.php(209): Illuminate/View/Middleware/ShareErrorsFromSession->handle()
#23 D:/DiskFiles/Projects/Web/upwork_Invoice_Ninja/reception-par-type/vendor/laravel/framework/src/Illuminate/Session/Middleware/StartSession.php(121): Illuminate/Pipeline/Pipeline->Illuminate/Pipeline/{closure}()
#24 D:/DiskFiles/Projects/Web/upwork_Invoice_Ninja/reception-par-type/vendor/laravel/framework/src/Illuminate/Session/Middleware/StartSession.php(64): Illuminate/Session/Middleware/StartSession->handleStatefulRequest()
#25 D:/DiskFiles/Projects/Web/upwork_Invoice_Ninja/reception-par-type/vendor/laravel/framework/src/Illuminate/Pipeline/Pipeline.php(209): Illuminate/Session/Middleware/StartSession->handle()
#26 D:/DiskFiles/Projects/Web/upwork_Invoice_Ninja/reception-par-type/vendor/laravel/framework/src/Illuminate/Cookie/Middleware/AddQueuedCookiesToResponse.php(37): Illuminate/Pipeline/Pipeline->Illuminate/Pipeline/{closure}()
#27 D:/DiskFiles/Projects/Web/upwork_Invoice_Ninja/reception-par-type/vendor/laravel/framework/src/Illuminate/Pipeline/Pipeline.php(209): Illuminate/Cookie/Middleware/AddQueuedCookiesToResponse->handle()
#28 D:/DiskFiles/Projects/Web/upwork_Invoice_Ninja/reception-par-type/vendor/laravel/framework/src/Illuminate/Cookie/Middleware/EncryptCookies.php(75): Illuminate/Pipeline/Pipeline->Illuminate/Pipeline/{closure}()
#29 D:/DiskFiles/Projects/Web/upwork_Invoice_Ninja/reception-par-type/vendor/laravel/framework/src/Illuminate/Pipeline/Pipeline.php(209): Illuminate/Cookie/Middleware/EncryptCookies->handle()
#30 D:/DiskFiles/Projects/Web/upwork_Invoice_Ninja/reception-par-type/vendor/laravel/framework/src/Illuminate/Pipeline/Pipeline.php(127): Illuminate/Pipeline/Pipeline->Illuminate/Pipeline/{closure}()
#31 D:/DiskFiles/Projects/Web/upwork_Invoice_Ninja/reception-par-type/vendor/laravel/framework/src/Illuminate/Routing/Router.php(807): Illuminate/Pipeline/Pipeline->then()
#32 D:/DiskFiles/Projects/Web/upwork_Invoice_Ninja/reception-par-type/vendor/laravel/framework/src/Illuminate/Routing/Router.php(786): Illuminate/Routing/Router->runRouteWithinStack()
#33 D:/DiskFiles/Projects/Web/upwork_Invoice_Ninja/reception-par-type/vendor/laravel/framework/src/Illuminate/Routing/Router.php(750): Illuminate/Routing/Router->runRoute()
#34 D:/DiskFiles/Projects/Web/upwork_Invoice_Ninja/reception-par-type/vendor/laravel/framework/src/Illuminate/Routing/Router.php(739): Illuminate/Routing/Router->dispatchToRoute()
#35 D:/DiskFiles/Projects/Web/upwork_Invoice_Ninja/reception-par-type/vendor/laravel/framework/src/Illuminate/Foundation/Http/Kernel.php(201): Illuminate/Routing/Router->dispatch()
#36 D:/DiskFiles/Projects/Web/upwork_Invoice_Ninja/reception-par-type/vendor/laravel/framework/src/Illuminate/Pipeline/Pipeline.php(170): Illuminate/Foundation/Http/Kernel->Illuminate/Foundation/Http/{closure}()
#37 D:/DiskFiles/Projects/Web/upwork_Invoice_Ninja/reception-par-type/vendor/laravel/framework/src/Illuminate/Foundation/Http/Middleware/TransformsRequest.php(21): Illuminate/Pipeline/Pipeline->Illuminate/Pipeline/{closure}()
#38 D:/DiskFiles/Projects/Web/upwork_Invoice_Ninja/reception-par-type/vendor/laravel/framework/src/Illuminate/Foundation/Http/Middleware/ConvertEmptyStringsToNull.php(31): Illuminate/Foundation/Http/Middleware/TransformsRequest->handle()
#39 D:/DiskFiles/Projects/Web/upwork_Invoice_Ninja/reception-par-type/vendor/laravel/framework/src/Illuminate/Pipeline/Pipeline.php(209): Illuminate/Foundation/Http/Middleware/ConvertEmptyStringsToNull->handle()
#40 D:/DiskFiles/Projects/Web/upwork_Invoice_Ninja/reception-par-type/vendor/laravel/framework/src/Illuminate/Foundation/Http/Middleware/TransformsRequest.php(21): Illuminate/Pipeline/Pipeline->Illuminate/Pipeline/{closure}()
#41 D:/DiskFiles/Projects/Web/upwork_Invoice_Ninja/reception-par-type/vendor/laravel/framework/src/Illuminate/Foundation/Http/Middleware/TrimStrings.php(51): Illuminate/Foundation/Http/Middleware/TransformsRequest->handle()
#42 D:/DiskFiles/Projects/Web/upwork_Invoice_Ninja/reception-par-type/vendor/laravel/framework/src/Illuminate/Pipeline/Pipeline.php(209): Illuminate/Foundation/Http/Middleware/TrimStrings->handle()
#43 D:/DiskFiles/Projects/Web/upwork_Invoice_Ninja/reception-par-type/vendor/laravel/framework/src/Illuminate/Http/Middleware/ValidatePostSize.php(27): Illuminate/Pipeline/Pipeline->Illuminate/Pipeline/{closure}()
#44 D:/DiskFiles/Projects/Web/upwork_Invoice_Ninja/reception-par-type/vendor/laravel/framework/src/Illuminate/Pipeline/Pipeline.php(209): Illuminate/Http/Middleware/ValidatePostSize->handle()
#45 D:/DiskFiles/Projects/Web/upwork_Invoice_Ninja/reception-par-type/vendor/laravel/framework/src/Illuminate/Foundation/Http/Middleware/PreventRequestsDuringMaintenance.php(110): Illuminate/Pipeline/Pipeline->Illuminate/Pipeline/{closure}()
#46 D:/DiskFiles/Projects/Web/upwork_Invoice_Ninja/reception-par-type/vendor/laravel/framework/src/Illuminate/Pipeline/Pipeline.php(209): Illuminate/Foundation/Http/Middleware/PreventRequestsDuringMaintenance->handle()
#47 D:/DiskFiles/Projects/Web/upwork_Invoice_Ninja/reception-par-type/vendor/laravel/framework/src/Illuminate/Http/Middleware/HandleCors.php(49): Illuminate/Pipeline/Pipeline->Illuminate/Pipeline/{closure}()
#48 D:/DiskFiles/Projects/Web/upwork_Invoice_Ninja/reception-par-type/vendor/laravel/framework/src/Illuminate/Pipeline/Pipeline.php(209): Illuminate/Http/Middleware/HandleCors->handle()
#49 D:/DiskFiles/Projects/Web/upwork_Invoice_Ninja/reception-par-type/vendor/laravel/framework/src/Illuminate/Http/Middleware/TrustProxies.php(58): Illuminate/Pipeline/Pipeline->Illuminate/Pipeline/{closure}()
#50 D:/DiskFiles/Projects/Web/upwork_Invoice_Ninja/reception-par-type/vendor/laravel/framework/src/Illuminate/Pipeline/Pipeline.php(209): Illuminate/Http/Middleware/TrustProxies->handle()
#51 D:/DiskFiles/Projects/Web/upwork_Invoice_Ninja/reception-par-type/vendor/laravel/framework/src/Illuminate/Foundation/Http/Middleware/InvokeDeferredCallbacks.php(22): Illuminate/Pipeline/Pipeline->Illuminate/Pipeline/{closure}()
#52 D:/DiskFiles/Projects/Web/upwork_Invoice_Ninja/reception-par-type/vendor/laravel/framework/src/Illuminate/Pipeline/Pipeline.php(209): Illuminate/Foundation/Http/Middleware/InvokeDeferredCallbacks->handle()
#53 D:/DiskFiles/Projects/Web/upwork_Invoice_Ninja/reception-par-type/vendor/laravel/framework/src/Illuminate/Pipeline/Pipeline.php(127): Illuminate/Pipeline/Pipeline->Illuminate/Pipeline/{closure}()
#54 D:/DiskFiles/Projects/Web/upwork_Invoice_Ninja/reception-par-type/vendor/laravel/framework/src/Illuminate/Foundation/Http/Kernel.php(176): Illuminate/Pipeline/Pipeline->then()
#55 D:/DiskFiles/Projects/Web/upwork_Invoice_Ninja/reception-par-type/vendor/laravel/framework/src/Illuminate/Foundation/Http/Kernel.php(145): Illuminate/Foundation/Http/Kernel->sendRequestThroughRouter()
#56 D:/DiskFiles/Projects/Web/upwork_Invoice_Ninja/reception-par-type/vendor/laravel/framework/src/Illuminate/Foundation/Application.php(1220): Illuminate/Foundation/Http/Kernel->handle()
#57 D:/DiskFiles/Projects/Web/upwork_Invoice_Ninja/reception-par-type/public/index.php(18): Illuminate/Foundation/Application->handleRequest()
#58 D:/DiskFiles/Projects/Web/upwork_Invoice_Ninja/reception-par-type/vendor/laravel/framework/src/Illuminate/Foundation/resources/server.php(23): require_once('...')
#59 {main}

[previous exception] [object] (BadMethodCallException(code: 0): Method Illuminate\\Database\\Eloquent\\Collection::hasPages does not exist. at D:/DiskFiles/Projects/Web/upwork_Invoice_Ninja/reception-par-type/vendor/laravel/framework/src/Illuminate/Macroable/Traits/Macroable.php:115)
[stacktrace]
#0 D:/DiskFiles/Projects/Web/upwork_Invoice_Ninja/reception-par-type/storage/framework/views/2f95b1798476b7b2c6a2be97f2782006.php(119): Illuminate/Support/Collection->__call()
#1 D:/DiskFiles/Projects/Web/upwork_Invoice_Ninja/reception-par-type/vendor/laravel/framework/src/Illuminate/Filesystem/Filesystem.php(123): require('...')
#2 D:/DiskFiles/Projects/Web/upwork_Invoice_Ninja/reception-par-type/vendor/laravel/framework/src/Illuminate/Filesystem/Filesystem.php(124): Illuminate/Filesystem/Filesystem::Illuminate/Filesystem/{closure}()
#3 D:/DiskFiles/Projects/Web/upwork_Invoice_Ninja/reception-par-type/vendor/laravel/framework/src/Illuminate/View/Engines/PhpEngine.php(58): Illuminate/Filesystem/Filesystem->getRequire()
#4 D:/DiskFiles/Projects/Web/upwork_Invoice_Ninja/reception-par-type/vendor/laravel/framework/src/Illuminate/View/Engines/CompilerEngine.php(75): Illuminate/View/Engines/PhpEngine->evaluatePath()
#5 D:/DiskFiles/Projects/Web/upwork_Invoice_Ninja/reception-par-type/vendor/laravel/framework/src/Illuminate/View/View.php(209): Illuminate/View/Engines/CompilerEngine->get()
#6 D:/DiskFiles/Projects/Web/upwork_Invoice_Ninja/reception-par-type/vendor/laravel/framework/src/Illuminate/View/View.php(192): Illuminate/View/View->getContents()
#7 D:/DiskFiles/Projects/Web/upwork_Invoice_Ninja/reception-par-type/vendor/laravel/framework/src/Illuminate/View/View.php(161): Illuminate/View/View->renderContents()
#8 D:/DiskFiles/Projects/Web/upwork_Invoice_Ninja/reception-par-type/vendor/laravel/framework/src/Illuminate/Http/Response.php(79): Illuminate/View/View->render()
#9 D:/DiskFiles/Projects/Web/upwork_Invoice_Ninja/reception-par-type/vendor/laravel/framework/src/Illuminate/Http/Response.php(35): Illuminate/Http/Response->setContent()
#10 D:/DiskFiles/Projects/Web/upwork_Invoice_Ninja/reception-par-type/vendor/laravel/framework/src/Illuminate/Routing/Router.php(920): Illuminate/Http/Response->__construct()
#11 D:/DiskFiles/Projects/Web/upwork_Invoice_Ninja/reception-par-type/vendor/laravel/framework/src/Illuminate/Routing/Router.php(887): Illuminate/Routing/Router::toResponse()
#12 D:/DiskFiles/Projects/Web/upwork_Invoice_Ninja/reception-par-type/vendor/laravel/framework/src/Illuminate/Routing/Router.php(807): Illuminate/Routing/Router->prepareResponse()
#13 D:/DiskFiles/Projects/Web/upwork_Invoice_Ninja/reception-par-type/vendor/laravel/framework/src/Illuminate/Pipeline/Pipeline.php(170): Illuminate/Routing/Router->Illuminate/Routing/{closure}()
#14 D:/DiskFiles/Projects/Web/upwork_Invoice_Ninja/reception-par-type/app/Http/Middleware/AdminAccess.php(41): Illuminate/Pipeline/Pipeline->Illuminate/Pipeline/{closure}()
#15 D:/DiskFiles/Projects/Web/upwork_Invoice_Ninja/reception-par-type/vendor/laravel/framework/src/Illuminate/Pipeline/Pipeline.php(209): App/Http/Middleware/AdminAccess->handle()
#16 D:/DiskFiles/Projects/Web/upwork_Invoice_Ninja/reception-par-type/app/Http/Middleware/TrackAffiliate.php(45): Illuminate/Pipeline/Pipeline->Illuminate/Pipeline/{closure}()
#17 D:/DiskFiles/Projects/Web/upwork_Invoice_Ninja/reception-par-type/vendor/laravel/framework/src/Illuminate/Pipeline/Pipeline.php(209): App/Http/Middleware/TrackAffiliate->handle()
#18 D:/DiskFiles/Projects/Web/upwork_Invoice_Ninja/reception-par-type/vendor/laravel/framework/src/Illuminate/Routing/Middleware/SubstituteBindings.php(51): Illuminate/Pipeline/Pipeline->Illuminate/Pipeline/{closure}()
#19 D:/DiskFiles/Projects/Web/upwork_Invoice_Ninja/reception-par-type/vendor/laravel/framework/src/Illuminate/Pipeline/Pipeline.php(209): Illuminate/Routing/Middleware/SubstituteBindings->handle()
#20 D:/DiskFiles/Projects/Web/upwork_Invoice_Ninja/reception-par-type/vendor/laravel/framework/src/Illuminate/Auth/Middleware/Authenticate.php(64): Illuminate/Pipeline/Pipeline->Illuminate/Pipeline/{closure}()
#21 D:/DiskFiles/Projects/Web/upwork_Invoice_Ninja/reception-par-type/vendor/laravel/framework/src/Illuminate/Pipeline/Pipeline.php(209): Illuminate/Auth/Middleware/Authenticate->handle()
#22 D:/DiskFiles/Projects/Web/upwork_Invoice_Ninja/reception-par-type/vendor/laravel/framework/src/Illuminate/Foundation/Http/Middleware/VerifyCsrfToken.php(88): Illuminate/Pipeline/Pipeline->Illuminate/Pipeline/{closure}()
#23 D:/DiskFiles/Projects/Web/upwork_Invoice_Ninja/reception-par-type/vendor/laravel/framework/src/Illuminate/Pipeline/Pipeline.php(209): Illuminate/Foundation/Http/Middleware/VerifyCsrfToken->handle()
#24 D:/DiskFiles/Projects/Web/upwork_Invoice_Ninja/reception-par-type/vendor/laravel/framework/src/Illuminate/View/Middleware/ShareErrorsFromSession.php(49): Illuminate/Pipeline/Pipeline->Illuminate/Pipeline/{closure}()
#25 D:/DiskFiles/Projects/Web/upwork_Invoice_Ninja/reception-par-type/vendor/laravel/framework/src/Illuminate/Pipeline/Pipeline.php(209): Illuminate/View/Middleware/ShareErrorsFromSession->handle()
#26 D:/DiskFiles/Projects/Web/upwork_Invoice_Ninja/reception-par-type/vendor/laravel/framework/src/Illuminate/Session/Middleware/StartSession.php(121): Illuminate/Pipeline/Pipeline->Illuminate/Pipeline/{closure}()
#27 D:/DiskFiles/Projects/Web/upwork_Invoice_Ninja/reception-par-type/vendor/laravel/framework/src/Illuminate/Session/Middleware/StartSession.php(64): Illuminate/Session/Middleware/StartSession->handleStatefulRequest()
#28 D:/DiskFiles/Projects/Web/upwork_Invoice_Ninja/reception-par-type/vendor/laravel/framework/src/Illuminate/Pipeline/Pipeline.php(209): Illuminate/Session/Middleware/StartSession->handle()
#29 D:/DiskFiles/Projects/Web/upwork_Invoice_Ninja/reception-par-type/vendor/laravel/framework/src/Illuminate/Cookie/Middleware/AddQueuedCookiesToResponse.php(37): Illuminate/Pipeline/Pipeline->Illuminate/Pipeline/{closure}()
#30 D:/DiskFiles/Projects/Web/upwork_Invoice_Ninja/reception-par-type/vendor/laravel/framework/src/Illuminate/Pipeline/Pipeline.php(209): Illuminate/Cookie/Middleware/AddQueuedCookiesToResponse->handle()
#31 D:/DiskFiles/Projects/Web/upwork_Invoice_Ninja/reception-par-type/vendor/laravel/framework/src/Illuminate/Cookie/Middleware/EncryptCookies.php(75): Illuminate/Pipeline/Pipeline->Illuminate/Pipeline/{closure}()
#32 D:/DiskFiles/Projects/Web/upwork_Invoice_Ninja/reception-par-type/vendor/laravel/framework/src/Illuminate/Pipeline/Pipeline.php(209): Illuminate/Cookie/Middleware/EncryptCookies->handle()
#33 D:/DiskFiles/Projects/Web/upwork_Invoice_Ninja/reception-par-type/vendor/laravel/framework/src/Illuminate/Pipeline/Pipeline.php(127): Illuminate/Pipeline/Pipeline->Illuminate/Pipeline/{closure}()
#34 D:/DiskFiles/Projects/Web/upwork_Invoice_Ninja/reception-par-type/vendor/laravel/framework/src/Illuminate/Routing/Router.php(807): Illuminate/Pipeline/Pipeline->then()
#35 D:/DiskFiles/Projects/Web/upwork_Invoice_Ninja/reception-par-type/vendor/laravel/framework/src/Illuminate/Routing/Router.php(786): Illuminate/Routing/Router->runRouteWithinStack()
#36 D:/DiskFiles/Projects/Web/upwork_Invoice_Ninja/reception-par-type/vendor/laravel/framework/src/Illuminate/Routing/Router.php(750): Illuminate/Routing/Router->runRoute()
#37 D:/DiskFiles/Projects/Web/upwork_Invoice_Ninja/reception-par-type/vendor/laravel/framework/src/Illuminate/Routing/Router.php(739): Illuminate/Routing/Router->dispatchToRoute()
#38 D:/DiskFiles/Projects/Web/upwork_Invoice_Ninja/reception-par-type/vendor/laravel/framework/src/Illuminate/Foundation/Http/Kernel.php(201): Illuminate/Routing/Router->dispatch()
#39 D:/DiskFiles/Projects/Web/upwork_Invoice_Ninja/reception-par-type/vendor/laravel/framework/src/Illuminate/Pipeline/Pipeline.php(170): Illuminate/Foundation/Http/Kernel->Illuminate/Foundation/Http/{closure}()
#40 D:/DiskFiles/Projects/Web/upwork_Invoice_Ninja/reception-par-type/vendor/laravel/framework/src/Illuminate/Foundation/Http/Middleware/TransformsRequest.php(21): Illuminate/Pipeline/Pipeline->Illuminate/Pipeline/{closure}()
#41 D:/DiskFiles/Projects/Web/upwork_Invoice_Ninja/reception-par-type/vendor/laravel/framework/src/Illuminate/Foundation/Http/Middleware/ConvertEmptyStringsToNull.php(31): Illuminate/Foundation/Http/Middleware/TransformsRequest->handle()
#42 D:/DiskFiles/Projects/Web/upwork_Invoice_Ninja/reception-par-type/vendor/laravel/framework/src/Illuminate/Pipeline/Pipeline.php(209): Illuminate/Foundation/Http/Middleware/ConvertEmptyStringsToNull->handle()
#43 D:/DiskFiles/Projects/Web/upwork_Invoice_Ninja/reception-par-type/vendor/laravel/framework/src/Illuminate/Foundation/Http/Middleware/TransformsRequest.php(21): Illuminate/Pipeline/Pipeline->Illuminate/Pipeline/{closure}()
#44 D:/DiskFiles/Projects/Web/upwork_Invoice_Ninja/reception-par-type/vendor/laravel/framework/src/Illuminate/Foundation/Http/Middleware/TrimStrings.php(51): Illuminate/Foundation/Http/Middleware/TransformsRequest->handle()
#45 D:/DiskFiles/Projects/Web/upwork_Invoice_Ninja/reception-par-type/vendor/laravel/framework/src/Illuminate/Pipeline/Pipeline.php(209): Illuminate/Foundation/Http/Middleware/TrimStrings->handle()
#46 D:/DiskFiles/Projects/Web/upwork_Invoice_Ninja/reception-par-type/vendor/laravel/framework/src/Illuminate/Http/Middleware/ValidatePostSize.php(27): Illuminate/Pipeline/Pipeline->Illuminate/Pipeline/{closure}()
#47 D:/DiskFiles/Projects/Web/upwork_Invoice_Ninja/reception-par-type/vendor/laravel/framework/src/Illuminate/Pipeline/Pipeline.php(209): Illuminate/Http/Middleware/ValidatePostSize->handle()
#48 D:/DiskFiles/Projects/Web/upwork_Invoice_Ninja/reception-par-type/vendor/laravel/framework/src/Illuminate/Foundation/Http/Middleware/PreventRequestsDuringMaintenance.php(110): Illuminate/Pipeline/Pipeline->Illuminate/Pipeline/{closure}()
#49 D:/DiskFiles/Projects/Web/upwork_Invoice_Ninja/reception-par-type/vendor/laravel/framework/src/Illuminate/Pipeline/Pipeline.php(209): Illuminate/Foundation/Http/Middleware/PreventRequestsDuringMaintenance->handle()
#50 D:/DiskFiles/Projects/Web/upwork_Invoice_Ninja/reception-par-type/vendor/laravel/framework/src/Illuminate/Http/Middleware/HandleCors.php(49): Illuminate/Pipeline/Pipeline->Illuminate/Pipeline/{closure}()
#51 D:/DiskFiles/Projects/Web/upwork_Invoice_Ninja/reception-par-type/vendor/laravel/framework/src/Illuminate/Pipeline/Pipeline.php(209): Illuminate/Http/Middleware/HandleCors->handle()
#52 D:/DiskFiles/Projects/Web/upwork_Invoice_Ninja/reception-par-type/vendor/laravel/framework/src/Illuminate/Http/Middleware/TrustProxies.php(58): Illuminate/Pipeline/Pipeline->Illuminate/Pipeline/{closure}()
#53 D:/DiskFiles/Projects/Web/upwork_Invoice_Ninja/reception-par-type/vendor/laravel/framework/src/Illuminate/Pipeline/Pipeline.php(209): Illuminate/Http/Middleware/TrustProxies->handle()
#54 D:/DiskFiles/Projects/Web/upwork_Invoice_Ninja/reception-par-type/vendor/laravel/framework/src/Illuminate/Foundation/Http/Middleware/InvokeDeferredCallbacks.php(22): Illuminate/Pipeline/Pipeline->Illuminate/Pipeline/{closure}()
#55 D:/DiskFiles/Projects/Web/upwork_Invoice_Ninja/reception-par-type/vendor/laravel/framework/src/Illuminate/Pipeline/Pipeline.php(209): Illuminate/Foundation/Http/Middleware/InvokeDeferredCallbacks->handle()
#56 D:/DiskFiles/Projects/Web/upwork_Invoice_Ninja/reception-par-type/vendor/laravel/framework/src/Illuminate/Pipeline/Pipeline.php(127): Illuminate/Pipeline/Pipeline->Illuminate/Pipeline/{closure}()
#57 D:/DiskFiles/Projects/Web/upwork_Invoice_Ninja/reception-par-type/vendor/laravel/framework/src/Illuminate/Foundation/Http/Kernel.php(176): Illuminate/Pipeline/Pipeline->then()
#58 D:/DiskFiles/Projects/Web/upwork_Invoice_Ninja/reception-par-type/vendor/laravel/framework/src/Illuminate/Foundation/Http/Kernel.php(145): Illuminate/Foundation/Http/Kernel->sendRequestThroughRouter()
#59 D:/DiskFiles/Projects/Web/upwork_Invoice_Ninja/reception-par-type/vendor/laravel/framework/src/Illuminate/Foundation/Application.php(1220): Illuminate/Foundation/Http/Kernel->handle()
#60 D:/DiskFiles/Projects/Web/upwork_Invoice_Ninja/reception-par-type/public/index.php(18): Illuminate/Foundation/Application->handleRequest()
#61 D:/DiskFiles/Projects/Web/upwork_Invoice_Ninja/reception-par-type/vendor/laravel/framework/src/Illuminate/Foundation/resources/server.php(23): require_once('...')
#62 {main}
"} 
[2026-06-24 13:49:02] production.ERROR: SQLSTATE[HY000] [2002] A connection attempt failed because the connected party did not properly respond after a period of time, or established connection failed because connected host has failed to respond (Connection: mysql, SQL: select * from `pricing_plans` where `is_public` = 1 and `is_active` = 1 order by `display_order` asc, `level` asc) {"exception":"[object] (Illuminate\\Database\\QueryException(code: 2002): SQLSTATE[HY000] [2002] A connection attempt failed because the connected party did not properly respond after a period of time, or established connection failed because connected host has failed to respond (Connection: mysql, SQL: select * from `pricing_plans` where `is_public` = 1 and `is_active` = 1 order by `display_order` asc, `level` asc) at D:/DiskFiles/Projects/Web/upwork_Invoice_Ninja/reception-par-type/vendor/laravel/framework/src/Illuminate/Database/Connection.php:825)
[stacktrace]
#0 D:/DiskFiles/Projects/Web/upwork_Invoice_Ninja/reception-par-type/vendor/laravel/framework/src/Illuminate/Database/Connection.php(979): Illuminate/Database/Connection->runQueryCallback()
#1 D:/DiskFiles/Projects/Web/upwork_Invoice_Ninja/reception-par-type/vendor/laravel/framework/src/Illuminate/Database/Connection.php(958): Illuminate/Database/Connection->tryAgainIfCausedByLostConnection()
#2 D:/DiskFiles/Projects/Web/upwork_Invoice_Ninja/reception-par-type/vendor/laravel/framework/src/Illuminate/Database/Connection.php(781): Illuminate/Database/Connection->handleQueryException()
#3 D:/DiskFiles/Projects/Web/upwork_Invoice_Ninja/reception-par-type/vendor/laravel/framework/src/Illuminate/Database/Connection.php(398): Illuminate/Database/Connection->run()
#4 D:/DiskFiles/Projects/Web/upwork_Invoice_Ninja/reception-par-type/vendor/laravel/framework/src/Illuminate/Database/Query/Builder.php(3106): Illuminate/Database/Connection->select()
#5 D:/DiskFiles/Projects/Web/upwork_Invoice_Ninja/reception-par-type/vendor/laravel/framework/src/Illuminate/Database/Query/Builder.php(3091): Illuminate/Database/Query/Builder->runSelect()
#6 D:/DiskFiles/Projects/Web/upwork_Invoice_Ninja/reception-par-type/vendor/laravel/framework/src/Illuminate/Database/Query/Builder.php(3676): Illuminate/Database/Query/Builder->Illuminate/Database/Query/{closure}()
#7 D:/DiskFiles/Projects/Web/upwork_Invoice_Ninja/reception-par-type/vendor/laravel/framework/src/Illuminate/Database/Query/Builder.php(3090): Illuminate/Database/Query/Builder->onceWithColumns()
#8 D:/DiskFiles/Projects/Web/upwork_Invoice_Ninja/reception-par-type/vendor/laravel/framework/src/Illuminate/Database/Eloquent/Builder.php(811): Illuminate/Database/Query/Builder->get()
#9 D:/DiskFiles/Projects/Web/upwork_Invoice_Ninja/reception-par-type/vendor/laravel/framework/src/Illuminate/Database/Eloquent/Builder.php(793): Illuminate/Database/Eloquent/Builder->getModels()
#10 D:/DiskFiles/Projects/Web/upwork_Invoice_Ninja/reception-par-type/app/Http/Controllers/PricingController.php(16): Illuminate/Database/Eloquent/Builder->get()
#11 D:/DiskFiles/Projects/Web/upwork_Invoice_Ninja/reception-par-type/vendor/laravel/framework/src/Illuminate/Routing/Controller.php(54): App/Http/Controllers/PricingController->index()
#12 D:/DiskFiles/Projects/Web/upwork_Invoice_Ninja/reception-par-type/vendor/laravel/framework/src/Illuminate/Routing/ControllerDispatcher.php(44): Illuminate/Routing/Controller->callAction()
#13 D:/DiskFiles/Projects/Web/upwork_Invoice_Ninja/reception-par-type/vendor/laravel/framework/src/Illuminate/Routing/Route.php(266): Illuminate/Routing/ControllerDispatcher->dispatch()
#14 D:/DiskFiles/Projects/Web/upwork_Invoice_Ninja/reception-par-type/vendor/laravel/framework/src/Illuminate/Routing/Route.php(212): Illuminate/Routing/Route->runController()
#15 D:/DiskFiles/Projects/Web/upwork_Invoice_Ninja/reception-par-type/vendor/laravel/framework/src/Illuminate/Routing/Router.php(808): Illuminate/Routing/Route->run()
#16 D:/DiskFiles/Projects/Web/upwork_Invoice_Ninja/reception-par-type/vendor/laravel/framework/src/Illuminate/Pipeline/Pipeline.php(170): Illuminate/Routing/Router->Illuminate/Routing/{closure}()
#17 D:/DiskFiles/Projects/Web/upwork_Invoice_Ninja/reception-par-type/app/Http/Middleware/SetLocale.php(87): Illuminate/Pipeline/Pipeline->Illuminate/Pipeline/{closure}()
#18 D:/DiskFiles/Projects/Web/upwork_Invoice_Ninja/reception-par-type/vendor/laravel/framework/src/Illuminate/Pipeline/Pipeline.php(209): App/Http/Middleware/SetLocale->handle()
#19 D:/DiskFiles/Projects/Web/upwork_Invoice_Ninja/reception-par-type/app/Http/Middleware/TrackAffiliate.php(45): Illuminate/Pipeline/Pipeline->Illuminate/Pipeline/{closure}()
#20 D:/DiskFiles/Projects/Web/upwork_Invoice_Ninja/reception-par-type/vendor/laravel/framework/src/Illuminate/Pipeline/Pipeline.php(209): App/Http/Middleware/TrackAffiliate->handle()
#21 D:/DiskFiles/Projects/Web/upwork_Invoice_Ninja/reception-par-type/vendor/laravel/framework/src/Illuminate/Routing/Middleware/SubstituteBindings.php(51): Illuminate/Pipeline/Pipeline->Illuminate/Pipeline/{closure}()
#22 D:/DiskFiles/Projects/Web/upwork_Invoice_Ninja/reception-par-type/vendor/laravel/framework/src/Illuminate/Pipeline/Pipeline.php(209): Illuminate/Routing/Middleware/SubstituteBindings->handle()
#23 D:/DiskFiles/Projects/Web/upwork_Invoice_Ninja/reception-par-type/vendor/laravel/framework/src/Illuminate/Foundation/Http/Middleware/VerifyCsrfToken.php(88): Illuminate/Pipeline/Pipeline->Illuminate/Pipeline/{closure}()
#24 D:/DiskFiles/Projects/Web/upwork_Invoice_Ninja/reception-par-type/vendor/laravel/framework/src/Illuminate/Pipeline/Pipeline.php(209): Illuminate/Foundation/Http/Middleware/VerifyCsrfToken->handle()
#25 D:/DiskFiles/Projects/Web/upwork_Invoice_Ninja/reception-par-type/vendor/laravel/framework/src/Illuminate/View/Middleware/ShareErrorsFromSession.php(49): Illuminate/Pipeline/Pipeline->Illuminate/Pipeline/{closure}()
#26 D:/DiskFiles/Projects/Web/upwork_Invoice_Ninja/reception-par-type/vendor/laravel/framework/src/Illuminate/Pipeline/Pipeline.php(209): Illuminate/View/Middleware/ShareErrorsFromSession->handle()
#27 D:/DiskFiles/Projects/Web/upwork_Invoice_Ninja/reception-par-type/vendor/laravel/framework/src/Illuminate/Session/Middleware/StartSession.php(121): Illuminate/Pipeline/Pipeline->Illuminate/Pipeline/{closure}()
#28 D:/DiskFiles/Projects/Web/upwork_Invoice_Ninja/reception-par-type/vendor/laravel/framework/src/Illuminate/Session/Middleware/StartSession.php(64): Illuminate/Session/Middleware/StartSession->handleStatefulRequest()
#29 D:/DiskFiles/Projects/Web/upwork_Invoice_Ninja/reception-par-type/vendor/laravel/framework/src/Illuminate/Pipeline/Pipeline.php(209): Illuminate/Session/Middleware/StartSession->handle()
#30 D:/DiskFiles/Projects/Web/upwork_Invoice_Ninja/reception-par-type/vendor/laravel/framework/src/Illuminate/Cookie/Middleware/AddQueuedCookiesToResponse.php(37): Illuminate/Pipeline/Pipeline->Illuminate/Pipeline/{closure}()
#31 D:/DiskFiles/Projects/Web/upwork_Invoice_Ninja/reception-par-type/vendor/laravel/framework/src/Illuminate/Pipeline/Pipeline.php(209): Illuminate/Cookie/Middleware/AddQueuedCookiesToResponse->handle()
#32 D:/DiskFiles/Projects/Web/upwork_Invoice_Ninja/reception-par-type/vendor/laravel/framework/src/Illuminate/Cookie/Middleware/EncryptCookies.php(75): Illuminate/Pipeline/Pipeline->Illuminate/Pipeline/{closure}()
#33 D:/DiskFiles/Projects/Web/upwork_Invoice_Ninja/reception-par-type/vendor/laravel/framework/src/Illuminate/Pipeline/Pipeline.php(209): Illuminate/Cookie/Middleware/EncryptCookies->handle()
#34 D:/DiskFiles/Projects/Web/upwork_Invoice_Ninja/reception-par-type/vendor/laravel/framework/src/Illuminate/Pipeline/Pipeline.php(127): Illuminate/Pipeline/Pipeline->Illuminate/Pipeline/{closure}()
#35 D:/DiskFiles/Projects/Web/upwork_Invoice_Ninja/reception-par-type/vendor/laravel/framework/src/Illuminate/Routing/Router.php(807): Illuminate/Pipeline/Pipeline->then()
#36 D:/DiskFiles/Projects/Web/upwork_Invoice_Ninja/reception-par-type/vendor/laravel/framework/src/Illuminate/Routing/Router.php(786): Illuminate/Routing/Router->runRouteWithinStack()
#37 D:/DiskFiles/Projects/Web/upwork_Invoice_Ninja/reception-par-type/vendor/laravel/framework/src/Illuminate/Routing/Router.php(750): Illuminate/Routing/Router->runRoute()
#38 D:/DiskFiles/Projects/Web/upwork_Invoice_Ninja/reception-par-type/vendor/laravel/framework/src/Illuminate/Routing/Router.php(739): Illuminate/Routing/Router->dispatchToRoute()
#39 D:/DiskFiles/Projects/Web/upwork_Invoice_Ninja/reception-par-type/vendor/laravel/framework/src/Illuminate/Foundation/Http/Kernel.php(201): Illuminate/Routing/Router->dispatch()
#40 D:/DiskFiles/Projects/Web/upwork_Invoice_Ninja/reception-par-type/vendor/laravel/framework/src/Illuminate/Pipeline/Pipeline.php(170): Illuminate/Foundation/Http/Kernel->Illuminate/Foundation/Http/{closure}()
#41 D:/DiskFiles/Projects/Web/upwork_Invoice_Ninja/reception-par-type/vendor/laravel/framework/src/Illuminate/Foundation/Http/Middleware/TransformsRequest.php(21): Illuminate/Pipeline/Pipeline->Illuminate/Pipeline/{closure}()
#42 D:/DiskFiles/Projects/Web/upwork_Invoice_Ninja/reception-par-type/vendor/laravel/framework/src/Illuminate/Foundation/Http/Middleware/ConvertEmptyStringsToNull.php(31): Illuminate/Foundation/Http/Middleware/TransformsRequest->handle()
#43 D:/DiskFiles/Projects/Web/upwork_Invoice_Ninja/reception-par-type/vendor/laravel/framework/src/Illuminate/Pipeline/Pipeline.php(209): Illuminate/Foundation/Http/Middleware/ConvertEmptyStringsToNull->handle()
#44 D:/DiskFiles/Projects/Web/upwork_Invoice_Ninja/reception-par-type/vendor/laravel/framework/src/Illuminate/Foundation/Http/Middleware/TransformsRequest.php(21): Illuminate/Pipeline/Pipeline->Illuminate/Pipeline/{closure}()
#45 D:/DiskFiles/Projects/Web/upwork_Invoice_Ninja/reception-par-type/vendor/laravel/framework/src/Illuminate/Foundation/Http/Middleware/TrimStrings.php(51): Illuminate/Foundation/Http/Middleware/TransformsRequest->handle()
#46 D:/DiskFiles/Projects/Web/upwork_Invoice_Ninja/reception-par-type/vendor/laravel/framework/src/Illuminate/Pipeline/Pipeline.php(209): Illuminate/Foundation/Http/Middleware/TrimStrings->handle()
#47 D:/DiskFiles/Projects/Web/upwork_Invoice_Ninja/reception-par-type/vendor/laravel/framework/src/Illuminate/Http/Middleware/ValidatePostSize.php(27): Illuminate/Pipeline/Pipeline->Illuminate/Pipeline/{closure}()
#48 D:/DiskFiles/Projects/Web/upwork_Invoice_Ninja/reception-par-type/vendor/laravel/framework/src/Illuminate/Pipeline/Pipeline.php(209): Illuminate/Http/Middleware/ValidatePostSize->handle()
#49 D:/DiskFiles/Projects/Web/upwork_Invoice_Ninja/reception-par-type/vendor/laravel/framework/src/Illuminate/Foundation/Http/Middleware/PreventRequestsDuringMaintenance.php(110): Illuminate/Pipeline/Pipeline->Illuminate/Pipeline/{closure}()
#50 D:/DiskFiles/Projects/Web/upwork_Invoice_Ninja/reception-par-type/vendor/laravel/framework/src/Illuminate/Pipeline/Pipeline.php(209): Illuminate/Foundation/Http/Middleware/PreventRequestsDuringMaintenance->handle()
#51 D:/DiskFiles/Projects/Web/upwork_Invoice_Ninja/reception-par-type/vendor/laravel/framework/src/Illuminate/Http/Middleware/HandleCors.php(49): Illuminate/Pipeline/Pipeline->Illuminate/Pipeline/{closure}()
#52 D:/DiskFiles/Projects/Web/upwork_Invoice_Ninja/reception-par-type/vendor/laravel/framework/src/Illuminate/Pipeline/Pipeline.php(209): Illuminate/Http/Middleware/HandleCors->handle()
#53 D:/DiskFiles/Projects/Web/upwork_Invoice_Ninja/reception-par-type/vendor/laravel/framework/src/Illuminate/Http/Middleware/TrustProxies.php(58): Illuminate/Pipeline/Pipeline->Illuminate/Pipeline/{closure}()
#54 D:/DiskFiles/Projects/Web/upwork_Invoice_Ninja/reception-par-type/vendor/laravel/framework/src/Illuminate/Pipeline/Pipeline.php(209): Illuminate/Http/Middleware/TrustProxies->handle()
#55 D:/DiskFiles/Projects/Web/upwork_Invoice_Ninja/reception-par-type/vendor/laravel/framework/src/Illuminate/Foundation/Http/Middleware/InvokeDeferredCallbacks.php(22): Illuminate/Pipeline/Pipeline->Illuminate/Pipeline/{closure}()
#56 D:/DiskFiles/Projects/Web/upwork_Invoice_Ninja/reception-par-type/vendor/laravel/framework/src/Illuminate/Pipeline/Pipeline.php(209): Illuminate/Foundation/Http/Middleware/InvokeDeferredCallbacks->handle()
#57 D:/DiskFiles/Projects/Web/upwork_Invoice_Ninja/reception-par-type/vendor/laravel/framework/src/Illuminate/Pipeline/Pipeline.php(127): Illuminate/Pipeline/Pipeline->Illuminate/Pipeline/{closure}()
#58 D:/DiskFiles/Projects/Web/upwork_Invoice_Ninja/reception-par-type/vendor/laravel/framework/src/Illuminate/Foundation/Http/Kernel.php(176): Illuminate/Pipeline/Pipeline->then()
#59 D:/DiskFiles/Projects/Web/upwork_Invoice_Ninja/reception-par-type/vendor/laravel/framework/src/Illuminate/Foundation/Http/Kernel.php(145): Illuminate/Foundation/Http/Kernel->sendRequestThroughRouter()
#60 D:/DiskFiles/Projects/Web/upwork_Invoice_Ninja/reception-par-type/vendor/laravel/framework/src/Illuminate/Foundation/Application.php(1220): Illuminate/Foundation/Http/Kernel->handle()
#61 D:/DiskFiles/Projects/Web/upwork_Invoice_Ninja/reception-par-type/public/index.php(18): Illuminate/Foundation/Application->handleRequest()
#62 D:/DiskFiles/Projects/Web/upwork_Invoice_Ninja/reception-par-type/vendor/laravel/framework/src/Illuminate/Foundation/resources/server.php(23): require_once('...')
#63 {main}

[previous exception] [object] (PDOException(code: 2002): SQLSTATE[HY000] [2002] A connection attempt failed because the connected party did not properly respond after a period of time, or established connection failed because connected host has failed to respond at D:/DiskFiles/Projects/Web/upwork_Invoice_Ninja/reception-par-type/vendor/laravel/framework/src/Illuminate/Database/Connectors/Connector.php:66)
[stacktrace]
#0 D:/DiskFiles/Projects/Web/upwork_Invoice_Ninja/reception-par-type/vendor/laravel/framework/src/Illuminate/Database/Connectors/Connector.php(66): PDO->__construct()
#1 D:/DiskFiles/Projects/Web/upwork_Invoice_Ninja/reception-par-type/vendor/laravel/framework/src/Illuminate/Database/Connectors/Connector.php(85): Illuminate/Database/Connectors/Connector->createPdoConnection()
#2 D:/DiskFiles/Projects/Web/upwork_Invoice_Ninja/reception-par-type/vendor/laravel/framework/src/Illuminate/Database/Connectors/Connector.php(48): Illuminate/Database/Connectors/Connector->tryAgainIfCausedByLostConnection()
#3 D:/DiskFiles/Projects/Web/upwork_Invoice_Ninja/reception-par-type/vendor/laravel/framework/src/Illuminate/Database/Connectors/MySqlConnector.php(24): Illuminate/Database/Connectors/Connector->createConnection()
#4 D:/DiskFiles/Projects/Web/upwork_Invoice_Ninja/reception-par-type/vendor/laravel/framework/src/Illuminate/Database/Connectors/ConnectionFactory.php(185): Illuminate/Database/Connectors/MySqlConnector->connect()
#5 [internal function]: Illuminate/Database/Connectors/ConnectionFactory->Illuminate/Database/Connectors/{closure}()
#6 D:/DiskFiles/Projects/Web/upwork_Invoice_Ninja/reception-par-type/vendor/laravel/framework/src/Illuminate/Database/Connection.php(1231): call_user_func()
#7 D:/DiskFiles/Projects/Web/upwork_Invoice_Ninja/reception-par-type/vendor/laravel/framework/src/Illuminate/Database/Connection.php(1267): Illuminate/Database/Connection->getPdo()
#8 D:/DiskFiles/Projects/Web/upwork_Invoice_Ninja/reception-par-type/vendor/laravel/framework/src/Illuminate/Database/Connection.php(512): Illuminate/Database/Connection->getReadPdo()
#9 D:/DiskFiles/Projects/Web/upwork_Invoice_Ninja/reception-par-type/vendor/laravel/framework/src/Illuminate/Database/Connection.php(407): Illuminate/Database/Connection->getPdoForSelect()
#10 D:/DiskFiles/Projects/Web/upwork_Invoice_Ninja/reception-par-type/vendor/laravel/framework/src/Illuminate/Database/Connection.php(812): Illuminate/Database/Connection->Illuminate/Database/{closure}()
#11 D:/DiskFiles/Projects/Web/upwork_Invoice_Ninja/reception-par-type/vendor/laravel/framework/src/Illuminate/Database/Connection.php(979): Illuminate/Database/Connection->runQueryCallback()
#12 D:/DiskFiles/Projects/Web/upwork_Invoice_Ninja/reception-par-type/vendor/laravel/framework/src/Illuminate/Database/Connection.php(958): Illuminate/Database/Connection->tryAgainIfCausedByLostConnection()
#13 D:/DiskFiles/Projects/Web/upwork_Invoice_Ninja/reception-par-type/vendor/laravel/framework/src/Illuminate/Database/Connection.php(781): Illuminate/Database/Connection->handleQueryException()
#14 D:/DiskFiles/Projects/Web/upwork_Invoice_Ninja/reception-par-type/vendor/laravel/framework/src/Illuminate/Database/Connection.php(398): Illuminate/Database/Connection->run()
#15 D:/DiskFiles/Projects/Web/upwork_Invoice_Ninja/reception-par-type/vendor/laravel/framework/src/Illuminate/Database/Query/Builder.php(3106): Illuminate/Database/Connection->select()
#16 D:/DiskFiles/Projects/Web/upwork_Invoice_Ninja/reception-par-type/vendor/laravel/framework/src/Illuminate/Database/Query/Builder.php(3091): Illuminate/Database/Query/Builder->runSelect()
#17 D:/DiskFiles/Projects/Web/upwork_Invoice_Ninja/reception-par-type/vendor/laravel/framework/src/Illuminate/Database/Query/Builder.php(3676): Illuminate/Database/Query/Builder->Illuminate/Database/Query/{closure}()
#18 D:/DiskFiles/Projects/Web/upwork_Invoice_Ninja/reception-par-type/vendor/laravel/framework/src/Illuminate/Database/Query/Builder.php(3090): Illuminate/Database/Query/Builder->onceWithColumns()
#19 D:/DiskFiles/Projects/Web/upwork_Invoice_Ninja/reception-par-type/vendor/laravel/framework/src/Illuminate/Database/Eloquent/Builder.php(811): Illuminate/Database/Query/Builder->get()
#20 D:/DiskFiles/Projects/Web/upwork_Invoice_Ninja/reception-par-type/vendor/laravel/framework/src/Illuminate/Database/Eloquent/Builder.php(793): Illuminate/Database/Eloquent/Builder->getModels()
#21 D:/DiskFiles/Projects/Web/upwork_Invoice_Ninja/reception-par-type/app/Http/Controllers/PricingController.php(16): Illuminate/Database/Eloquent/Builder->get()
#22 D:/DiskFiles/Projects/Web/upwork_Invoice_Ninja/reception-par-type/vendor/laravel/framework/src/Illuminate/Routing/Controller.php(54): App/Http/Controllers/PricingController->index()
#23 D:/DiskFiles/Projects/Web/upwork_Invoice_Ninja/reception-par-type/vendor/laravel/framework/src/Illuminate/Routing/ControllerDispatcher.php(44): Illuminate/Routing/Controller->callAction()
#24 D:/DiskFiles/Projects/Web/upwork_Invoice_Ninja/reception-par-type/vendor/laravel/framework/src/Illuminate/Routing/Route.php(266): Illuminate/Routing/ControllerDispatcher->dispatch()
#25 D:/DiskFiles/Projects/Web/upwork_Invoice_Ninja/reception-par-type/vendor/laravel/framework/src/Illuminate/Routing/Route.php(212): Illuminate/Routing/Route->runController()
#26 D:/DiskFiles/Projects/Web/upwork_Invoice_Ninja/reception-par-type/vendor/laravel/framework/src/Illuminate/Routing/Router.php(808): Illuminate/Routing/Route->run()
#27 D:/DiskFiles/Projects/Web/upwork_Invoice_Ninja/reception-par-type/vendor/laravel/framework/src/Illuminate/Pipeline/Pipeline.php(170): Illuminate/Routing/Router->Illuminate/Routing/{closure}()
#28 D:/DiskFiles/Projects/Web/upwork_Invoice_Ninja/reception-par-type/app/Http/Middleware/SetLocale.php(87): Illuminate/Pipeline/Pipeline->Illuminate/Pipeline/{closure}()
#29 D:/DiskFiles/Projects/Web/upwork_Invoice_Ninja/reception-par-type/vendor/laravel/framework/src/Illuminate/Pipeline/Pipeline.php(209): App/Http/Middleware/SetLocale->handle()
#30 D:/DiskFiles/Projects/Web/upwork_Invoice_Ninja/reception-par-type/app/Http/Middleware/TrackAffiliate.php(45): Illuminate/Pipeline/Pipeline->Illuminate/Pipeline/{closure}()
#31 D:/DiskFiles/Projects/Web/upwork_Invoice_Ninja/reception-par-type/vendor/laravel/framework/src/Illuminate/Pipeline/Pipeline.php(209): App/Http/Middleware/TrackAffiliate->handle()
#32 D:/DiskFiles/Projects/Web/upwork_Invoice_Ninja/reception-par-type/vendor/laravel/framework/src/Illuminate/Routing/Middleware/SubstituteBindings.php(51): Illuminate/Pipeline/Pipeline->Illuminate/Pipeline/{closure}()
#33 D:/DiskFiles/Projects/Web/upwork_Invoice_Ninja/reception-par-type/vendor/laravel/framework/src/Illuminate/Pipeline/Pipeline.php(209): Illuminate/Routing/Middleware/SubstituteBindings->handle()
#34 D:/DiskFiles/Projects/Web/upwork_Invoice_Ninja/reception-par-type/vendor/laravel/framework/src/Illuminate/Foundation/Http/Middleware/VerifyCsrfToken.php(88): Illuminate/Pipeline/Pipeline->Illuminate/Pipeline/{closure}()
#35 D:/DiskFiles/Projects/Web/upwork_Invoice_Ninja/reception-par-type/vendor/laravel/framework/src/Illuminate/Pipeline/Pipeline.php(209): Illuminate/Foundation/Http/Middleware/VerifyCsrfToken->handle()
#36 D:/DiskFiles/Projects/Web/upwork_Invoice_Ninja/reception-par-type/vendor/laravel/framework/src/Illuminate/View/Middleware/ShareErrorsFromSession.php(49): Illuminate/Pipeline/Pipeline->Illuminate/Pipeline/{closure}()
#37 D:/DiskFiles/Projects/Web/upwork_Invoice_Ninja/reception-par-type/vendor/laravel/framework/src/Illuminate/Pipeline/Pipeline.php(209): Illuminate/View/Middleware/ShareErrorsFromSession->handle()
#38 D:/DiskFiles/Projects/Web/upwork_Invoice_Ninja/reception-par-type/vendor/laravel/framework/src/Illuminate/Session/Middleware/StartSession.php(121): Illuminate/Pipeline/Pipeline->Illuminate/Pipeline/{closure}()
#39 D:/DiskFiles/Projects/Web/upwork_Invoice_Ninja/reception-par-type/vendor/laravel/framework/src/Illuminate/Session/Middleware/StartSession.php(64): Illuminate/Session/Middleware/StartSession->handleStatefulRequest()
#40 D:/DiskFiles/Projects/Web/upwork_Invoice_Ninja/reception-par-type/vendor/laravel/framework/src/Illuminate/Pipeline/Pipeline.php(209): Illuminate/Session/Middleware/StartSession->handle()
#41 D:/DiskFiles/Projects/Web/upwork_Invoice_Ninja/reception-par-type/vendor/laravel/framework/src/Illuminate/Cookie/Middleware/AddQueuedCookiesToResponse.php(37): Illuminate/Pipeline/Pipeline->Illuminate/Pipeline/{closure}()
#42 D:/DiskFiles/Projects/Web/upwork_Invoice_Ninja/reception-par-type/vendor/laravel/framework/src/Illuminate/Pipeline/Pipeline.php(209): Illuminate/Cookie/Middleware/AddQueuedCookiesToResponse->handle()
#43 D:/DiskFiles/Projects/Web/upwork_Invoice_Ninja/reception-par-type/vendor/laravel/framework/src/Illuminate/Cookie/Middleware/EncryptCookies.php(75): Illuminate/Pipeline/Pipeline->Illuminate/Pipeline/{closure}()
#44 D:/DiskFiles/Projects/Web/upwork_Invoice_Ninja/reception-par-type/vendor/laravel/framework/src/Illuminate/Pipeline/Pipeline.php(209): Illuminate/Cookie/Middleware/EncryptCookies->handle()
#45 D:/DiskFiles/Projects/Web/upwork_Invoice_Ninja/reception-par-type/vendor/laravel/framework/src/Illuminate/Pipeline/Pipeline.php(127): Illuminate/Pipeline/Pipeline->Illuminate/Pipeline/{closure}()
#46 D:/DiskFiles/Projects/Web/upwork_Invoice_Ninja/reception-par-type/vendor/laravel/framework/src/Illuminate/Routing/Router.php(807): Illuminate/Pipeline/Pipeline->then()
#47 D:/DiskFiles/Projects/Web/upwork_Invoice_Ninja/reception-par-type/vendor/laravel/framework/src/Illuminate/Routing/Router.php(786): Illuminate/Routing/Router->runRouteWithinStack()
#48 D:/DiskFiles/Projects/Web/upwork_Invoice_Ninja/reception-par-type/vendor/laravel/framework/src/Illuminate/Routing/Router.php(750): Illuminate/Routing/Router->runRoute()
#49 D:/DiskFiles/Projects/Web/upwork_Invoice_Ninja/reception-par-type/vendor/laravel/framework/src/Illuminate/Routing/Router.php(739): Illuminate/Routing/Router->dispatchToRoute()
#50 D:/DiskFiles/Projects/Web/upwork_Invoice_Ninja/reception-par-type/vendor/laravel/framework/src/Illuminate/Foundation/Http/Kernel.php(201): Illuminate/Routing/Router->dispatch()
#51 D:/DiskFiles/Projects/Web/upwork_Invoice_Ninja/reception-par-type/vendor/laravel/framework/src/Illuminate/Pipeline/Pipeline.php(170): Illuminate/Foundation/Http/Kernel->Illuminate/Foundation/Http/{closure}()
#52 D:/DiskFiles/Projects/Web/upwork_Invoice_Ninja/reception-par-type/vendor/laravel/framework/src/Illuminate/Foundation/Http/Middleware/TransformsRequest.php(21): Illuminate/Pipeline/Pipeline->Illuminate/Pipeline/{closure}()
#53 D:/DiskFiles/Projects/Web/upwork_Invoice_Ninja/reception-par-type/vendor/laravel/framework/src/Illuminate/Foundation/Http/Middleware/ConvertEmptyStringsToNull.php(31): Illuminate/Foundation/Http/Middleware/TransformsRequest->handle()
#54 D:/DiskFiles/Projects/Web/upwork_Invoice_Ninja/reception-par-type/vendor/laravel/framework/src/Illuminate/Pipeline/Pipeline.php(209): Illuminate/Foundation/Http/Middleware/ConvertEmptyStringsToNull->handle()
#55 D:/DiskFiles/Projects/Web/upwork_Invoice_Ninja/reception-par-type/vendor/laravel/framework/src/Illuminate/Foundation/Http/Middleware/TransformsRequest.php(21): Illuminate/Pipeline/Pipeline->Illuminate/Pipeline/{closure}()
#56 D:/DiskFiles/Projects/Web/upwork_Invoice_Ninja/reception-par-type/vendor/laravel/framework/src/Illuminate/Foundation/Http/Middleware/TrimStrings.php(51): Illuminate/Foundation/Http/Middleware/TransformsRequest->handle()
#57 D:/DiskFiles/Projects/Web/upwork_Invoice_Ninja/reception-par-type/vendor/laravel/framework/src/Illuminate/Pipeline/Pipeline.php(209): Illuminate/Foundation/Http/Middleware/TrimStrings->handle()
#58 D:/DiskFiles/Projects/Web/upwork_Invoice_Ninja/reception-par-type/vendor/laravel/framework/src/Illuminate/Http/Middleware/ValidatePostSize.php(27): Illuminate/Pipeline/Pipeline->Illuminate/Pipeline/{closure}()
#59 D:/DiskFiles/Projects/Web/upwork_Invoice_Ninja/reception-par-type/vendor/laravel/framework/src/Illuminate/Pipeline/Pipeline.php(209): Illuminate/Http/Middleware/ValidatePostSize->handle()
#60 D:/DiskFiles/Projects/Web/upwork_Invoice_Ninja/reception-par-type/vendor/laravel/framework/src/Illuminate/Foundation/Http/Middleware/PreventRequestsDuringMaintenance.php(110): Illuminate/Pipeline/Pipeline->Illuminate/Pipeline/{closure}()
#61 D:/DiskFiles/Projects/Web/upwork_Invoice_Ninja/reception-par-type/vendor/laravel/framework/src/Illuminate/Pipeline/Pipeline.php(209): Illuminate/Foundation/Http/Middleware/PreventRequestsDuringMaintenance->handle()
#62 D:/DiskFiles/Projects/Web/upwork_Invoice_Ninja/reception-par-type/vendor/laravel/framework/src/Illuminate/Http/Middleware/HandleCors.php(49): Illuminate/Pipeline/Pipeline->Illuminate/Pipeline/{closure}()
#63 D:/DiskFiles/Projects/Web/upwork_Invoice_Ninja/reception-par-type/vendor/laravel/framework/src/Illuminate/Pipeline/Pipeline.php(209): Illuminate/Http/Middleware/HandleCors->handle()
#64 D:/DiskFiles/Projects/Web/upwork_Invoice_Ninja/reception-par-type/vendor/laravel/framework/src/Illuminate/Http/Middleware/TrustProxies.php(58): Illuminate/Pipeline/Pipeline->Illuminate/Pipeline/{closure}()
#65 D:/DiskFiles/Projects/Web/upwork_Invoice_Ninja/reception-par-type/vendor/laravel/framework/src/Illuminate/Pipeline/Pipeline.php(209): Illuminate/Http/Middleware/TrustProxies->handle()
#66 D:/DiskFiles/Projects/Web/upwork_Invoice_Ninja/reception-par-type/vendor/laravel/framework/src/Illuminate/Foundation/Http/Middleware/InvokeDeferredCallbacks.php(22): Illuminate/Pipeline/Pipeline->Illuminate/Pipeline/{closure}()
#67 D:/DiskFiles/Projects/Web/upwork_Invoice_Ninja/reception-par-type/vendor/laravel/framework/src/Illuminate/Pipeline/Pipeline.php(209): Illuminate/Foundation/Http/Middleware/InvokeDeferredCallbacks->handle()
#68 D:/DiskFiles/Projects/Web/upwork_Invoice_Ninja/reception-par-type/vendor/laravel/framework/src/Illuminate/Pipeline/Pipeline.php(127): Illuminate/Pipeline/Pipeline->Illuminate/Pipeline/{closure}()
#69 D:/DiskFiles/Projects/Web/upwork_Invoice_Ninja/reception-par-type/vendor/laravel/framework/src/Illuminate/Foundation/Http/Kernel.php(176): Illuminate/Pipeline/Pipeline->then()
#70 D:/DiskFiles/Projects/Web/upwork_Invoice_Ninja/reception-par-type/vendor/laravel/framework/src/Illuminate/Foundation/Http/Kernel.php(145): Illuminate/Foundation/Http/Kernel->sendRequestThroughRouter()
#71 D:/DiskFiles/Projects/Web/upwork_Invoice_Ninja/reception-par-type/vendor/laravel/framework/src/Illuminate/Foundation/Application.php(1220): Illuminate/Foundation/Http/Kernel->handle()
#72 D:/DiskFiles/Projects/Web/upwork_Invoice_Ninja/reception-par-type/public/index.php(18): Illuminate/Foundation/Application->handleRequest()
#73 D:/DiskFiles/Projects/Web/upwork_Invoice_Ninja/reception-par-type/vendor/laravel/framework/src/Illuminate/Foundation/resources/server.php(23): require_once('...')
#74 {main}
"} 
[2026-06-24 13:50:57] production.ERROR: SQLSTATE[HY000] [2002] A connection attempt failed because the connected party did not properly respond after a period of time, or established connection failed because connected host has failed to respond (Connection: mysql, SQL: select * from `pricing_plans` where `is_public` = 1 and `is_active` = 1 order by `display_order` asc, `level` asc) {"exception":"[object] (Illuminate\\Database\\QueryException(code: 2002): SQLSTATE[HY000] [2002] A connection attempt failed because the connected party did not properly respond after a period of time, or established connection failed because connected host has failed to respond (Connection: mysql, SQL: select * from `pricing_plans` where `is_public` = 1 and `is_active` = 1 order by `display_order` asc, `level` asc) at D:/DiskFiles/Projects/Web/upwork_Invoice_Ninja/reception-par-type/vendor/laravel/framework/src/Illuminate/Database/Connection.php:825)
[stacktrace]
#0 D:/DiskFiles/Projects/Web/upwork_Invoice_Ninja/reception-par-type/vendor/laravel/framework/src/Illuminate/Database/Connection.php(979): Illuminate/Database/Connection->runQueryCallback()
#1 D:/DiskFiles/Projects/Web/upwork_Invoice_Ninja/reception-par-type/vendor/laravel/framework/src/Illuminate/Database/Connection.php(958): Illuminate/Database/Connection->tryAgainIfCausedByLostConnection()
#2 D:/DiskFiles/Projects/Web/upwork_Invoice_Ninja/reception-par-type/vendor/laravel/framework/src/Illuminate/Database/Connection.php(781): Illuminate/Database/Connection->handleQueryException()
#3 D:/DiskFiles/Projects/Web/upwork_Invoice_Ninja/reception-par-type/vendor/laravel/framework/src/Illuminate/Database/Connection.php(398): Illuminate/Database/Connection->run()
#4 D:/DiskFiles/Projects/Web/upwork_Invoice_Ninja/reception-par-type/vendor/laravel/framework/src/Illuminate/Database/Query/Builder.php(3106): Illuminate/Database/Connection->select()
#5 D:/DiskFiles/Projects/Web/upwork_Invoice_Ninja/reception-par-type/vendor/laravel/framework/src/Illuminate/Database/Query/Builder.php(3091): Illuminate/Database/Query/Builder->runSelect()
#6 D:/DiskFiles/Projects/Web/upwork_Invoice_Ninja/reception-par-type/vendor/laravel/framework/src/Illuminate/Database/Query/Builder.php(3676): Illuminate/Database/Query/Builder->Illuminate/Database/Query/{closure}()
#7 D:/DiskFiles/Projects/Web/upwork_Invoice_Ninja/reception-par-type/vendor/laravel/framework/src/Illuminate/Database/Query/Builder.php(3090): Illuminate/Database/Query/Builder->onceWithColumns()
#8 D:/DiskFiles/Projects/Web/upwork_Invoice_Ninja/reception-par-type/vendor/laravel/framework/src/Illuminate/Database/Eloquent/Builder.php(811): Illuminate/Database/Query/Builder->get()
#9 D:/DiskFiles/Projects/Web/upwork_Invoice_Ninja/reception-par-type/vendor/laravel/framework/src/Illuminate/Database/Eloquent/Builder.php(793): Illuminate/Database/Eloquent/Builder->getModels()
#10 D:/DiskFiles/Projects/Web/upwork_Invoice_Ninja/reception-par-type/app/Http/Controllers/PricingController.php(16): Illuminate/Database/Eloquent/Builder->get()
#11 D:/DiskFiles/Projects/Web/upwork_Invoice_Ninja/reception-par-type/vendor/laravel/framework/src/Illuminate/Routing/Controller.php(54): App/Http/Controllers/PricingController->index()
#12 D:/DiskFiles/Projects/Web/upwork_Invoice_Ninja/reception-par-type/vendor/laravel/framework/src/Illuminate/Routing/ControllerDispatcher.php(44): Illuminate/Routing/Controller->callAction()
#13 D:/DiskFiles/Projects/Web/upwork_Invoice_Ninja/reception-par-type/vendor/laravel/framework/src/Illuminate/Routing/Route.php(266): Illuminate/Routing/ControllerDispatcher->dispatch()
#14 D:/DiskFiles/Projects/Web/upwork_Invoice_Ninja/reception-par-type/vendor/laravel/framework/src/Illuminate/Routing/Route.php(212): Illuminate/Routing/Route->runController()
#15 D:/DiskFiles/Projects/Web/upwork_Invoice_Ninja/reception-par-type/vendor/laravel/framework/src/Illuminate/Routing/Router.php(808): Illuminate/Routing/Route->run()
#16 D:/DiskFiles/Projects/Web/upwork_Invoice_Ninja/reception-par-type/vendor/laravel/framework/src/Illuminate/Pipeline/Pipeline.php(170): Illuminate/Routing/Router->Illuminate/Routing/{closure}()
#17 D:/DiskFiles/Projects/Web/upwork_Invoice_Ninja/reception-par-type/app/Http/Middleware/SetLocale.php(87): Illuminate/Pipeline/Pipeline->Illuminate/Pipeline/{closure}()
#18 D:/DiskFiles/Projects/Web/upwork_Invoice_Ninja/reception-par-type/vendor/laravel/framework/src/Illuminate/Pipeline/Pipeline.php(209): App/Http/Middleware/SetLocale->handle()
#19 D:/DiskFiles/Projects/Web/upwork_Invoice_Ninja/reception-par-type/app/Http/Middleware/TrackAffiliate.php(45): Illuminate/Pipeline/Pipeline->Illuminate/Pipeline/{closure}()
#20 D:/DiskFiles/Projects/Web/upwork_Invoice_Ninja/reception-par-type/vendor/laravel/framework/src/Illuminate/Pipeline/Pipeline.php(209): App/Http/Middleware/TrackAffiliate->handle()
#21 D:/DiskFiles/Projects/Web/upwork_Invoice_Ninja/reception-par-type/vendor/laravel/framework/src/Illuminate/Routing/Middleware/SubstituteBindings.php(51): Illuminate/Pipeline/Pipeline->Illuminate/Pipeline/{closure}()
#22 D:/DiskFiles/Projects/Web/upwork_Invoice_Ninja/reception-par-type/vendor/laravel/framework/src/Illuminate/Pipeline/Pipeline.php(209): Illuminate/Routing/Middleware/SubstituteBindings->handle()
#23 D:/DiskFiles/Projects/Web/upwork_Invoice_Ninja/reception-par-type/vendor/laravel/framework/src/Illuminate/Foundation/Http/Middleware/VerifyCsrfToken.php(88): Illuminate/Pipeline/Pipeline->Illuminate/Pipeline/{closure}()
#24 D:/DiskFiles/Projects/Web/upwork_Invoice_Ninja/reception-par-type/vendor/laravel/framework/src/Illuminate/Pipeline/Pipeline.php(209): Illuminate/Foundation/Http/Middleware/VerifyCsrfToken->handle()
#25 D:/DiskFiles/Projects/Web/upwork_Invoice_Ninja/reception-par-type/vendor/laravel/framework/src/Illuminate/View/Middleware/ShareErrorsFromSession.php(49): Illuminate/Pipeline/Pipeline->Illuminate/Pipeline/{closure}()
#26 D:/DiskFiles/Projects/Web/upwork_Invoice_Ninja/reception-par-type/vendor/laravel/framework/src/Illuminate/Pipeline/Pipeline.php(209): Illuminate/View/Middleware/ShareErrorsFromSession->handle()
#27 D:/DiskFiles/Projects/Web/upwork_Invoice_Ninja/reception-par-type/vendor/laravel/framework/src/Illuminate/Session/Middleware/StartSession.php(121): Illuminate/Pipeline/Pipeline->Illuminate/Pipeline/{closure}()
#28 D:/DiskFiles/Projects/Web/upwork_Invoice_Ninja/reception-par-type/vendor/laravel/framework/src/Illuminate/Session/Middleware/StartSession.php(64): Illuminate/Session/Middleware/StartSession->handleStatefulRequest()
#29 D:/DiskFiles/Projects/Web/upwork_Invoice_Ninja/reception-par-type/vendor/laravel/framework/src/Illuminate/Pipeline/Pipeline.php(209): Illuminate/Session/Middleware/StartSession->handle()
#30 D:/DiskFiles/Projects/Web/upwork_Invoice_Ninja/reception-par-type/vendor/laravel/framework/src/Illuminate/Cookie/Middleware/AddQueuedCookiesToResponse.php(37): Illuminate/Pipeline/Pipeline->Illuminate/Pipeline/{closure}()
#31 D:/DiskFiles/Projects/Web/upwork_Invoice_Ninja/reception-par-type/vendor/laravel/framework/src/Illuminate/Pipeline/Pipeline.php(209): Illuminate/Cookie/Middleware/AddQueuedCookiesToResponse->handle()
#32 D:/DiskFiles/Projects/Web/upwork_Invoice_Ninja/reception-par-type/vendor/laravel/framework/src/Illuminate/Cookie/Middleware/EncryptCookies.php(75): Illuminate/Pipeline/Pipeline->Illuminate/Pipeline/{closure}()
#33 D:/DiskFiles/Projects/Web/upwork_Invoice_Ninja/reception-par-type/vendor/laravel/framework/src/Illuminate/Pipeline/Pipeline.php(209): Illuminate/Cookie/Middleware/EncryptCookies->handle()
#34 D:/DiskFiles/Projects/Web/upwork_Invoice_Ninja/reception-par-type/vendor/laravel/framework/src/Illuminate/Pipeline/Pipeline.php(127): Illuminate/Pipeline/Pipeline->Illuminate/Pipeline/{closure}()
#35 D:/DiskFiles/Projects/Web/upwork_Invoice_Ninja/reception-par-type/vendor/laravel/framework/src/Illuminate/Routing/Router.php(807): Illuminate/Pipeline/Pipeline->then()
#36 D:/DiskFiles/Projects/Web/upwork_Invoice_Ninja/reception-par-type/vendor/laravel/framework/src/Illuminate/Routing/Router.php(786): Illuminate/Routing/Router->runRouteWithinStack()
#37 D:/DiskFiles/Projects/Web/upwork_Invoice_Ninja/reception-par-type/vendor/laravel/framework/src/Illuminate/Routing/Router.php(750): Illuminate/Routing/Router->runRoute()
#38 D:/DiskFiles/Projects/Web/upwork_Invoice_Ninja/reception-par-type/vendor/laravel/framework/src/Illuminate/Routing/Router.php(739): Illuminate/Routing/Router->dispatchToRoute()
#39 D:/DiskFiles/Projects/Web/upwork_Invoice_Ninja/reception-par-type/vendor/laravel/framework/src/Illuminate/Foundation/Http/Kernel.php(201): Illuminate/Routing/Router->dispatch()
#40 D:/DiskFiles/Projects/Web/upwork_Invoice_Ninja/reception-par-type/vendor/laravel/framework/src/Illuminate/Pipeline/Pipeline.php(170): Illuminate/Foundation/Http/Kernel->Illuminate/Foundation/Http/{closure}()
#41 D:/DiskFiles/Projects/Web/upwork_Invoice_Ninja/reception-par-type/vendor/laravel/framework/src/Illuminate/Foundation/Http/Middleware/TransformsRequest.php(21): Illuminate/Pipeline/Pipeline->Illuminate/Pipeline/{closure}()
#42 D:/DiskFiles/Projects/Web/upwork_Invoice_Ninja/reception-par-type/vendor/laravel/framework/src/Illuminate/Foundation/Http/Middleware/ConvertEmptyStringsToNull.php(31): Illuminate/Foundation/Http/Middleware/TransformsRequest->handle()
#43 D:/DiskFiles/Projects/Web/upwork_Invoice_Ninja/reception-par-type/vendor/laravel/framework/src/Illuminate/Pipeline/Pipeline.php(209): Illuminate/Foundation/Http/Middleware/ConvertEmptyStringsToNull->handle()
#44 D:/DiskFiles/Projects/Web/upwork_Invoice_Ninja/reception-par-type/vendor/laravel/framework/src/Illuminate/Foundation/Http/Middleware/TransformsRequest.php(21): Illuminate/Pipeline/Pipeline->Illuminate/Pipeline/{closure}()
#45 D:/DiskFiles/Projects/Web/upwork_Invoice_Ninja/reception-par-type/vendor/laravel/framework/src/Illuminate/Foundation/Http/Middleware/TrimStrings.php(51): Illuminate/Foundation/Http/Middleware/TransformsRequest->handle()
#46 D:/DiskFiles/Projects/Web/upwork_Invoice_Ninja/reception-par-type/vendor/laravel/framework/src/Illuminate/Pipeline/Pipeline.php(209): Illuminate/Foundation/Http/Middleware/TrimStrings->handle()
#47 D:/DiskFiles/Projects/Web/upwork_Invoice_Ninja/reception-par-type/vendor/laravel/framework/src/Illuminate/Http/Middleware/ValidatePostSize.php(27): Illuminate/Pipeline/Pipeline->Illuminate/Pipeline/{closure}()
#48 D:/DiskFiles/Projects/Web/upwork_Invoice_Ninja/reception-par-type/vendor/laravel/framework/src/Illuminate/Pipeline/Pipeline.php(209): Illuminate/Http/Middleware/ValidatePostSize->handle()
#49 D:/DiskFiles/Projects/Web/upwork_Invoice_Ninja/reception-par-type/vendor/laravel/framework/src/Illuminate/Foundation/Http/Middleware/PreventRequestsDuringMaintenance.php(110): Illuminate/Pipeline/Pipeline->Illuminate/Pipeline/{closure}()
#50 D:/DiskFiles/Projects/Web/upwork_Invoice_Ninja/reception-par-type/vendor/laravel/framework/src/Illuminate/Pipeline/Pipeline.php(209): Illuminate/Foundation/Http/Middleware/PreventRequestsDuringMaintenance->handle()
#51 D:/DiskFiles/Projects/Web/upwork_Invoice_Ninja/reception-par-type/vendor/laravel/framework/src/Illuminate/Http/Middleware/HandleCors.php(49): Illuminate/Pipeline/Pipeline->Illuminate/Pipeline/{closure}()
#52 D:/DiskFiles/Projects/Web/upwork_Invoice_Ninja/reception-par-type/vendor/laravel/framework/src/Illuminate/Pipeline/Pipeline.php(209): Illuminate/Http/Middleware/HandleCors->handle()
#53 D:/DiskFiles/Projects/Web/upwork_Invoice_Ninja/reception-par-type/vendor/laravel/framework/src/Illuminate/Http/Middleware/TrustProxies.php(58): Illuminate/Pipeline/Pipeline->Illuminate/Pipeline/{closure}()
#54 D:/DiskFiles/Projects/Web/upwork_Invoice_Ninja/reception-par-type/vendor/laravel/framework/src/Illuminate/Pipeline/Pipeline.php(209): Illuminate/Http/Middleware/TrustProxies->handle()
#55 D:/DiskFiles/Projects/Web/upwork_Invoice_Ninja/reception-par-type/vendor/laravel/framework/src/Illuminate/Foundation/Http/Middleware/InvokeDeferredCallbacks.php(22): Illuminate/Pipeline/Pipeline->Illuminate/Pipeline/{closure}()
#56 D:/DiskFiles/Projects/Web/upwork_Invoice_Ninja/reception-par-type/vendor/laravel/framework/src/Illuminate/Pipeline/Pipeline.php(209): Illuminate/Foundation/Http/Middleware/InvokeDeferredCallbacks->handle()
#57 D:/DiskFiles/Projects/Web/upwork_Invoice_Ninja/reception-par-type/vendor/laravel/framework/src/Illuminate/Pipeline/Pipeline.php(127): Illuminate/Pipeline/Pipeline->Illuminate/Pipeline/{closure}()
#58 D:/DiskFiles/Projects/Web/upwork_Invoice_Ninja/reception-par-type/vendor/laravel/framework/src/Illuminate/Foundation/Http/Kernel.php(176): Illuminate/Pipeline/Pipeline->then()
#59 D:/DiskFiles/Projects/Web/upwork_Invoice_Ninja/reception-par-type/vendor/laravel/framework/src/Illuminate/Foundation/Http/Kernel.php(145): Illuminate/Foundation/Http/Kernel->sendRequestThroughRouter()
#60 D:/DiskFiles/Projects/Web/upwork_Invoice_Ninja/reception-par-type/vendor/laravel/framework/src/Illuminate/Foundation/Application.php(1220): Illuminate/Foundation/Http/Kernel->handle()
#61 D:/DiskFiles/Projects/Web/upwork_Invoice_Ninja/reception-par-type/public/index.php(18): Illuminate/Foundation/Application->handleRequest()
#62 D:/DiskFiles/Projects/Web/upwork_Invoice_Ninja/reception-par-type/vendor/laravel/framework/src/Illuminate/Foundation/resources/server.php(23): require_once('...')
#63 {main}

[previous exception] [object] (PDOException(code: 2002): SQLSTATE[HY000] [2002] A connection attempt failed because the connected party did not properly respond after a period of time, or established connection failed because connected host has failed to respond at D:/DiskFiles/Projects/Web/upwork_Invoice_Ninja/reception-par-type/vendor/laravel/framework/src/Illuminate/Database/Connectors/Connector.php:66)
[stacktrace]
#0 D:/DiskFiles/Projects/Web/upwork_Invoice_Ninja/reception-par-type/vendor/laravel/framework/src/Illuminate/Database/Connectors/Connector.php(66): PDO->__construct()
#1 D:/DiskFiles/Projects/Web/upwork_Invoice_Ninja/reception-par-type/vendor/laravel/framework/src/Illuminate/Database/Connectors/Connector.php(85): Illuminate/Database/Connectors/Connector->createPdoConnection()
#2 D:/DiskFiles/Projects/Web/upwork_Invoice_Ninja/reception-par-type/vendor/laravel/framework/src/Illuminate/Database/Connectors/Connector.php(48): Illuminate/Database/Connectors/Connector->tryAgainIfCausedByLostConnection()
#3 D:/DiskFiles/Projects/Web/upwork_Invoice_Ninja/reception-par-type/vendor/laravel/framework/src/Illuminate/Database/Connectors/MySqlConnector.php(24): Illuminate/Database/Connectors/Connector->createConnection()
#4 D:/DiskFiles/Projects/Web/upwork_Invoice_Ninja/reception-par-type/vendor/laravel/framework/src/Illuminate/Database/Connectors/ConnectionFactory.php(185): Illuminate/Database/Connectors/MySqlConnector->connect()
#5 [internal function]: Illuminate/Database/Connectors/ConnectionFactory->Illuminate/Database/Connectors/{closure}()
#6 D:/DiskFiles/Projects/Web/upwork_Invoice_Ninja/reception-par-type/vendor/laravel/framework/src/Illuminate/Database/Connection.php(1231): call_user_func()
#7 D:/DiskFiles/Projects/Web/upwork_Invoice_Ninja/reception-par-type/vendor/laravel/framework/src/Illuminate/Database/Connection.php(1267): Illuminate/Database/Connection->getPdo()
#8 D:/DiskFiles/Projects/Web/upwork_Invoice_Ninja/reception-par-type/vendor/laravel/framework/src/Illuminate/Database/Connection.php(512): Illuminate/Database/Connection->getReadPdo()
#9 D:/DiskFiles/Projects/Web/upwork_Invoice_Ninja/reception-par-type/vendor/laravel/framework/src/Illuminate/Database/Connection.php(407): Illuminate/Database/Connection->getPdoForSelect()
#10 D:/DiskFiles/Projects/Web/upwork_Invoice_Ninja/reception-par-type/vendor/laravel/framework/src/Illuminate/Database/Connection.php(812): Illuminate/Database/Connection->Illuminate/Database/{closure}()
#11 D:/DiskFiles/Projects/Web/upwork_Invoice_Ninja/reception-par-type/vendor/laravel/framework/src/Illuminate/Database/Connection.php(979): Illuminate/Database/Connection->runQueryCallback()
#12 D:/DiskFiles/Projects/Web/upwork_Invoice_Ninja/reception-par-type/vendor/laravel/framework/src/Illuminate/Database/Connection.php(958): Illuminate/Database/Connection->tryAgainIfCausedByLostConnection()
#13 D:/DiskFiles/Projects/Web/upwork_Invoice_Ninja/reception-par-type/vendor/laravel/framework/src/Illuminate/Database/Connection.php(781): Illuminate/Database/Connection->handleQueryException()
#14 D:/DiskFiles/Projects/Web/upwork_Invoice_Ninja/reception-par-type/vendor/laravel/framework/src/Illuminate/Database/Connection.php(398): Illuminate/Database/Connection->run()
#15 D:/DiskFiles/Projects/Web/upwork_Invoice_Ninja/reception-par-type/vendor/laravel/framework/src/Illuminate/Database/Query/Builder.php(3106): Illuminate/Database/Connection->select()
#16 D:/DiskFiles/Projects/Web/upwork_Invoice_Ninja/reception-par-type/vendor/laravel/framework/src/Illuminate/Database/Query/Builder.php(3091): Illuminate/Database/Query/Builder->runSelect()
#17 D:/DiskFiles/Projects/Web/upwork_Invoice_Ninja/reception-par-type/vendor/laravel/framework/src/Illuminate/Database/Query/Builder.php(3676): Illuminate/Database/Query/Builder->Illuminate/Database/Query/{closure}()
#18 D:/DiskFiles/Projects/Web/upwork_Invoice_Ninja/reception-par-type/vendor/laravel/framework/src/Illuminate/Database/Query/Builder.php(3090): Illuminate/Database/Query/Builder->onceWithColumns()
#19 D:/DiskFiles/Projects/Web/upwork_Invoice_Ninja/reception-par-type/vendor/laravel/framework/src/Illuminate/Database/Eloquent/Builder.php(811): Illuminate/Database/Query/Builder->get()
#20 D:/DiskFiles/Projects/Web/upwork_Invoice_Ninja/reception-par-type/vendor/laravel/framework/src/Illuminate/Database/Eloquent/Builder.php(793): Illuminate/Database/Eloquent/Builder->getModels()
#21 D:/DiskFiles/Projects/Web/upwork_Invoice_Ninja/reception-par-type/app/Http/Controllers/PricingController.php(16): Illuminate/Database/Eloquent/Builder->get()
#22 D:/DiskFiles/Projects/Web/upwork_Invoice_Ninja/reception-par-type/vendor/laravel/framework/src/Illuminate/Routing/Controller.php(54): App/Http/Controllers/PricingController->index()
#23 D:/DiskFiles/Projects/Web/upwork_Invoice_Ninja/reception-par-type/vendor/laravel/framework/src/Illuminate/Routing/ControllerDispatcher.php(44): Illuminate/Routing/Controller->callAction()
#24 D:/DiskFiles/Projects/Web/upwork_Invoice_Ninja/reception-par-type/vendor/laravel/framework/src/Illuminate/Routing/Route.php(266): Illuminate/Routing/ControllerDispatcher->dispatch()
#25 D:/DiskFiles/Projects/Web/upwork_Invoice_Ninja/reception-par-type/vendor/laravel/framework/src/Illuminate/Routing/Route.php(212): Illuminate/Routing/Route->runController()
#26 D:/DiskFiles/Projects/Web/upwork_Invoice_Ninja/reception-par-type/vendor/laravel/framework/src/Illuminate/Routing/Router.php(808): Illuminate/Routing/Route->run()
#27 D:/DiskFiles/Projects/Web/upwork_Invoice_Ninja/reception-par-type/vendor/laravel/framework/src/Illuminate/Pipeline/Pipeline.php(170): Illuminate/Routing/Router->Illuminate/Routing/{closure}()
#28 D:/DiskFiles/Projects/Web/upwork_Invoice_Ninja/reception-par-type/app/Http/Middleware/SetLocale.php(87): Illuminate/Pipeline/Pipeline->Illuminate/Pipeline/{closure}()
#29 D:/DiskFiles/Projects/Web/upwork_Invoice_Ninja/reception-par-type/vendor/laravel/framework/src/Illuminate/Pipeline/Pipeline.php(209): App/Http/Middleware/SetLocale->handle()
#30 D:/DiskFiles/Projects/Web/upwork_Invoice_Ninja/reception-par-type/app/Http/Middleware/TrackAffiliate.php(45): Illuminate/Pipeline/Pipeline->Illuminate/Pipeline/{closure}()
#31 D:/DiskFiles/Projects/Web/upwork_Invoice_Ninja/reception-par-type/vendor/laravel/framework/src/Illuminate/Pipeline/Pipeline.php(209): App/Http/Middleware/TrackAffiliate->handle()
#32 D:/DiskFiles/Projects/Web/upwork_Invoice_Ninja/reception-par-type/vendor/laravel/framework/src/Illuminate/Routing/Middleware/SubstituteBindings.php(51): Illuminate/Pipeline/Pipeline->Illuminate/Pipeline/{closure}()
#33 D:/DiskFiles/Projects/Web/upwork_Invoice_Ninja/reception-par-type/vendor/laravel/framework/src/Illuminate/Pipeline/Pipeline.php(209): Illuminate/Routing/Middleware/SubstituteBindings->handle()
#34 D:/DiskFiles/Projects/Web/upwork_Invoice_Ninja/reception-par-type/vendor/laravel/framework/src/Illuminate/Foundation/Http/Middleware/VerifyCsrfToken.php(88): Illuminate/Pipeline/Pipeline->Illuminate/Pipeline/{closure}()
#35 D:/DiskFiles/Projects/Web/upwork_Invoice_Ninja/reception-par-type/vendor/laravel/framework/src/Illuminate/Pipeline/Pipeline.php(209): Illuminate/Foundation/Http/Middleware/VerifyCsrfToken->handle()
#36 D:/DiskFiles/Projects/Web/upwork_Invoice_Ninja/reception-par-type/vendor/laravel/framework/src/Illuminate/View/Middleware/ShareErrorsFromSession.php(49): Illuminate/Pipeline/Pipeline->Illuminate/Pipeline/{closure}()
#37 D:/DiskFiles/Projects/Web/upwork_Invoice_Ninja/reception-par-type/vendor/laravel/framework/src/Illuminate/Pipeline/Pipeline.php(209): Illuminate/View/Middleware/ShareErrorsFromSession->handle()
#38 D:/DiskFiles/Projects/Web/upwork_Invoice_Ninja/reception-par-type/vendor/laravel/framework/src/Illuminate/Session/Middleware/StartSession.php(121): Illuminate/Pipeline/Pipeline->Illuminate/Pipeline/{closure}()
#39 D:/DiskFiles/Projects/Web/upwork_Invoice_Ninja/reception-par-type/vendor/laravel/framework/src/Illuminate/Session/Middleware/StartSession.php(64): Illuminate/Session/Middleware/StartSession->handleStatefulRequest()
#40 D:/DiskFiles/Projects/Web/upwork_Invoice_Ninja/reception-par-type/vendor/laravel/framework/src/Illuminate/Pipeline/Pipeline.php(209): Illuminate/Session/Middleware/StartSession->handle()
#41 D:/DiskFiles/Projects/Web/upwork_Invoice_Ninja/reception-par-type/vendor/laravel/framework/src/Illuminate/Cookie/Middleware/AddQueuedCookiesToResponse.php(37): Illuminate/Pipeline/Pipeline->Illuminate/Pipeline/{closure}()
#42 D:/DiskFiles/Projects/Web/upwork_Invoice_Ninja/reception-par-type/vendor/laravel/framework/src/Illuminate/Pipeline/Pipeline.php(209): Illuminate/Cookie/Middleware/AddQueuedCookiesToResponse->handle()
#43 D:/DiskFiles/Projects/Web/upwork_Invoice_Ninja/reception-par-type/vendor/laravel/framework/src/Illuminate/Cookie/Middleware/EncryptCookies.php(75): Illuminate/Pipeline/Pipeline->Illuminate/Pipeline/{closure}()
#44 D:/DiskFiles/Projects/Web/upwork_Invoice_Ninja/reception-par-type/vendor/laravel/framework/src/Illuminate/Pipeline/Pipeline.php(209): Illuminate/Cookie/Middleware/EncryptCookies->handle()
#45 D:/DiskFiles/Projects/Web/upwork_Invoice_Ninja/reception-par-type/vendor/laravel/framework/src/Illuminate/Pipeline/Pipeline.php(127): Illuminate/Pipeline/Pipeline->Illuminate/Pipeline/{closure}()
#46 D:/DiskFiles/Projects/Web/upwork_Invoice_Ninja/reception-par-type/vendor/laravel/framework/src/Illuminate/Routing/Router.php(807): Illuminate/Pipeline/Pipeline->then()
#47 D:/DiskFiles/Projects/Web/upwork_Invoice_Ninja/reception-par-type/vendor/laravel/framework/src/Illuminate/Routing/Router.php(786): Illuminate/Routing/Router->runRouteWithinStack()
#48 D:/DiskFiles/Projects/Web/upwork_Invoice_Ninja/reception-par-type/vendor/laravel/framework/src/Illuminate/Routing/Router.php(750): Illuminate/Routing/Router->runRoute()
#49 D:/DiskFiles/Projects/Web/upwork_Invoice_Ninja/reception-par-type/vendor/laravel/framework/src/Illuminate/Routing/Router.php(739): Illuminate/Routing/Router->dispatchToRoute()
#50 D:/DiskFiles/Projects/Web/upwork_Invoice_Ninja/reception-par-type/vendor/laravel/framework/src/Illuminate/Foundation/Http/Kernel.php(201): Illuminate/Routing/Router->dispatch()
#51 D:/DiskFiles/Projects/Web/upwork_Invoice_Ninja/reception-par-type/vendor/laravel/framework/src/Illuminate/Pipeline/Pipeline.php(170): Illuminate/Foundation/Http/Kernel->Illuminate/Foundation/Http/{closure}()
#52 D:/DiskFiles/Projects/Web/upwork_Invoice_Ninja/reception-par-type/vendor/laravel/framework/src/Illuminate/Foundation/Http/Middleware/TransformsRequest.php(21): Illuminate/Pipeline/Pipeline->Illuminate/Pipeline/{closure}()
#53 D:/DiskFiles/Projects/Web/upwork_Invoice_Ninja/reception-par-type/vendor/laravel/framework/src/Illuminate/Foundation/Http/Middleware/ConvertEmptyStringsToNull.php(31): Illuminate/Foundation/Http/Middleware/TransformsRequest->handle()
#54 D:/DiskFiles/Projects/Web/upwork_Invoice_Ninja/reception-par-type/vendor/laravel/framework/src/Illuminate/Pipeline/Pipeline.php(209): Illuminate/Foundation/Http/Middleware/ConvertEmptyStringsToNull->handle()
#55 D:/DiskFiles/Projects/Web/upwork_Invoice_Ninja/reception-par-type/vendor/laravel/framework/src/Illuminate/Foundation/Http/Middleware/TransformsRequest.php(21): Illuminate/Pipeline/Pipeline->Illuminate/Pipeline/{closure}()
#56 D:/DiskFiles/Projects/Web/upwork_Invoice_Ninja/reception-par-type/vendor/laravel/framework/src/Illuminate/Foundation/Http/Middleware/TrimStrings.php(51): Illuminate/Foundation/Http/Middleware/TransformsRequest->handle()
#57 D:/DiskFiles/Projects/Web/upwork_Invoice_Ninja/reception-par-type/vendor/laravel/framework/src/Illuminate/Pipeline/Pipeline.php(209): Illuminate/Foundation/Http/Middleware/TrimStrings->handle()
#58 D:/DiskFiles/Projects/Web/upwork_Invoice_Ninja/reception-par-type/vendor/laravel/framework/src/Illuminate/Http/Middleware/ValidatePostSize.php(27): Illuminate/Pipeline/Pipeline->Illuminate/Pipeline/{closure}()
#59 D:/DiskFiles/Projects/Web/upwork_Invoice_Ninja/reception-par-type/vendor/laravel/framework/src/Illuminate/Pipeline/Pipeline.php(209): Illuminate/Http/Middleware/ValidatePostSize->handle()
#60 D:/DiskFiles/Projects/Web/upwork_Invoice_Ninja/reception-par-type/vendor/laravel/framework/src/Illuminate/Foundation/Http/Middleware/PreventRequestsDuringMaintenance.php(110): Illuminate/Pipeline/Pipeline->Illuminate/Pipeline/{closure}()
#61 D:/DiskFiles/Projects/Web/upwork_Invoice_Ninja/reception-par-type/vendor/laravel/framework/src/Illuminate/Pipeline/Pipeline.php(209): Illuminate/Foundation/Http/Middleware/PreventRequestsDuringMaintenance->handle()
#62 D:/DiskFiles/Projects/Web/upwork_Invoice_Ninja/reception-par-type/vendor/laravel/framework/src/Illuminate/Http/Middleware/HandleCors.php(49): Illuminate/Pipeline/Pipeline->Illuminate/Pipeline/{closure}()
#63 D:/DiskFiles/Projects/Web/upwork_Invoice_Ninja/reception-par-type/vendor/laravel/framework/src/Illuminate/Pipeline/Pipeline.php(209): Illuminate/Http/Middleware/HandleCors->handle()
#64 D:/DiskFiles/Projects/Web/upwork_Invoice_Ninja/reception-par-type/vendor/laravel/framework/src/Illuminate/Http/Middleware/TrustProxies.php(58): Illuminate/Pipeline/Pipeline->Illuminate/Pipeline/{closure}()
#65 D:/DiskFiles/Projects/Web/upwork_Invoice_Ninja/reception-par-type/vendor/laravel/framework/src/Illuminate/Pipeline/Pipeline.php(209): Illuminate/Http/Middleware/TrustProxies->handle()
#66 D:/DiskFiles/Projects/Web/upwork_Invoice_Ninja/reception-par-type/vendor/laravel/framework/src/Illuminate/Foundation/Http/Middleware/InvokeDeferredCallbacks.php(22): Illuminate/Pipeline/Pipeline->Illuminate/Pipeline/{closure}()
#67 D:/DiskFiles/Projects/Web/upwork_Invoice_Ninja/reception-par-type/vendor/laravel/framework/src/Illuminate/Pipeline/Pipeline.php(209): Illuminate/Foundation/Http/Middleware/InvokeDeferredCallbacks->handle()
#68 D:/DiskFiles/Projects/Web/upwork_Invoice_Ninja/reception-par-type/vendor/laravel/framework/src/Illuminate/Pipeline/Pipeline.php(127): Illuminate/Pipeline/Pipeline->Illuminate/Pipeline/{closure}()
#69 D:/DiskFiles/Projects/Web/upwork_Invoice_Ninja/reception-par-type/vendor/laravel/framework/src/Illuminate/Foundation/Http/Kernel.php(176): Illuminate/Pipeline/Pipeline->then()
#70 D:/DiskFiles/Projects/Web/upwork_Invoice_Ninja/reception-par-type/vendor/laravel/framework/src/Illuminate/Foundation/Http/Kernel.php(145): Illuminate/Foundation/Http/Kernel->sendRequestThroughRouter()
#71 D:/DiskFiles/Projects/Web/upwork_Invoice_Ninja/reception-par-type/vendor/laravel/framework/src/Illuminate/Foundation/Application.php(1220): Illuminate/Foundation/Http/Kernel->handle()
#72 D:/DiskFiles/Projects/Web/upwork_Invoice_Ninja/reception-par-type/public/index.php(18): Illuminate/Foundation/Application->handleRequest()
#73 D:/DiskFiles/Projects/Web/upwork_Invoice_Ninja/reception-par-type/vendor/laravel/framework/src/Illuminate/Foundation/resources/server.php(23): require_once('...')
#74 {main}
"} 
[2026-06-24 13:51:39] production.ERROR: SQLSTATE[HY000] [2002] A connection attempt failed because the connected party did not properly respond after a period of time, or established connection failed because connected host has failed to respond (Connection: mysql, SQL: select * from `pricing_plans` where `is_public` = 1 and `is_active` = 1 order by `display_order` asc, `level` asc) {"exception":"[object] (Illuminate\\Database\\QueryException(code: 2002): SQLSTATE[HY000] [2002] A connection attempt failed because the connected party did not properly respond after a period of time, or established connection failed because connected host has failed to respond (Connection: mysql, SQL: select * from `pricing_plans` where `is_public` = 1 and `is_active` = 1 order by `display_order` asc, `level` asc) at D:/DiskFiles/Projects/Web/upwork_Invoice_Ninja/reception-par-type/vendor/laravel/framework/src/Illuminate/Database/Connection.php:825)
[stacktrace]
#0 D:/DiskFiles/Projects/Web/upwork_Invoice_Ninja/reception-par-type/vendor/laravel/framework/src/Illuminate/Database/Connection.php(979): Illuminate/Database/Connection->runQueryCallback()
#1 D:/DiskFiles/Projects/Web/upwork_Invoice_Ninja/reception-par-type/vendor/laravel/framework/src/Illuminate/Database/Connection.php(958): Illuminate/Database/Connection->tryAgainIfCausedByLostConnection()
#2 D:/DiskFiles/Projects/Web/upwork_Invoice_Ninja/reception-par-type/vendor/laravel/framework/src/Illuminate/Database/Connection.php(781): Illuminate/Database/Connection->handleQueryException()
#3 D:/DiskFiles/Projects/Web/upwork_Invoice_Ninja/reception-par-type/vendor/laravel/framework/src/Illuminate/Database/Connection.php(398): Illuminate/Database/Connection->run()
#4 D:/DiskFiles/Projects/Web/upwork_Invoice_Ninja/reception-par-type/vendor/laravel/framework/src/Illuminate/Database/Query/Builder.php(3106): Illuminate/Database/Connection->select()
#5 D:/DiskFiles/Projects/Web/upwork_Invoice_Ninja/reception-par-type/vendor/laravel/framework/src/Illuminate/Database/Query/Builder.php(3091): Illuminate/Database/Query/Builder->runSelect()
#6 D:/DiskFiles/Projects/Web/upwork_Invoice_Ninja/reception-par-type/vendor/laravel/framework/src/Illuminate/Database/Query/Builder.php(3676): Illuminate/Database/Query/Builder->Illuminate/Database/Query/{closure}()
#7 D:/DiskFiles/Projects/Web/upwork_Invoice_Ninja/reception-par-type/vendor/laravel/framework/src/Illuminate/Database/Query/Builder.php(3090): Illuminate/Database/Query/Builder->onceWithColumns()
#8 D:/DiskFiles/Projects/Web/upwork_Invoice_Ninja/reception-par-type/vendor/laravel/framework/src/Illuminate/Database/Eloquent/Builder.php(811): Illuminate/Database/Query/Builder->get()
#9 D:/DiskFiles/Projects/Web/upwork_Invoice_Ninja/reception-par-type/vendor/laravel/framework/src/Illuminate/Database/Eloquent/Builder.php(793): Illuminate/Database/Eloquent/Builder->getModels()
#10 D:/DiskFiles/Projects/Web/upwork_Invoice_Ninja/reception-par-type/app/Http/Controllers/PricingController.php(16): Illuminate/Database/Eloquent/Builder->get()
#11 D:/DiskFiles/Projects/Web/upwork_Invoice_Ninja/reception-par-type/vendor/laravel/framework/src/Illuminate/Routing/Controller.php(54): App/Http/Controllers/PricingController->index()
#12 D:/DiskFiles/Projects/Web/upwork_Invoice_Ninja/reception-par-type/vendor/laravel/framework/src/Illuminate/Routing/ControllerDispatcher.php(44): Illuminate/Routing/Controller->callAction()
#13 D:/DiskFiles/Projects/Web/upwork_Invoice_Ninja/reception-par-type/vendor/laravel/framework/src/Illuminate/Routing/Route.php(266): Illuminate/Routing/ControllerDispatcher->dispatch()
#14 D:/DiskFiles/Projects/Web/upwork_Invoice_Ninja/reception-par-type/vendor/laravel/framework/src/Illuminate/Routing/Route.php(212): Illuminate/Routing/Route->runController()
#15 D:/DiskFiles/Projects/Web/upwork_Invoice_Ninja/reception-par-type/vendor/laravel/framework/src/Illuminate/Routing/Router.php(808): Illuminate/Routing/Route->run()
#16 D:/DiskFiles/Projects/Web/upwork_Invoice_Ninja/reception-par-type/vendor/laravel/framework/src/Illuminate/Pipeline/Pipeline.php(170): Illuminate/Routing/Router->Illuminate/Routing/{closure}()
#17 D:/DiskFiles/Projects/Web/upwork_Invoice_Ninja/reception-par-type/app/Http/Middleware/SetLocale.php(87): Illuminate/Pipeline/Pipeline->Illuminate/Pipeline/{closure}()
#18 D:/DiskFiles/Projects/Web/upwork_Invoice_Ninja/reception-par-type/vendor/laravel/framework/src/Illuminate/Pipeline/Pipeline.php(209): App/Http/Middleware/SetLocale->handle()
#19 D:/DiskFiles/Projects/Web/upwork_Invoice_Ninja/reception-par-type/app/Http/Middleware/TrackAffiliate.php(45): Illuminate/Pipeline/Pipeline->Illuminate/Pipeline/{closure}()
#20 D:/DiskFiles/Projects/Web/upwork_Invoice_Ninja/reception-par-type/vendor/laravel/framework/src/Illuminate/Pipeline/Pipeline.php(209): App/Http/Middleware/TrackAffiliate->handle()
#21 D:/DiskFiles/Projects/Web/upwork_Invoice_Ninja/reception-par-type/vendor/laravel/framework/src/Illuminate/Routing/Middleware/SubstituteBindings.php(51): Illuminate/Pipeline/Pipeline->Illuminate/Pipeline/{closure}()
#22 D:/DiskFiles/Projects/Web/upwork_Invoice_Ninja/reception-par-type/vendor/laravel/framework/src/Illuminate/Pipeline/Pipeline.php(209): Illuminate/Routing/Middleware/SubstituteBindings->handle()
#23 D:/DiskFiles/Projects/Web/upwork_Invoice_Ninja/reception-par-type/vendor/laravel/framework/src/Illuminate/Foundation/Http/Middleware/VerifyCsrfToken.php(88): Illuminate/Pipeline/Pipeline->Illuminate/Pipeline/{closure}()
#24 D:/DiskFiles/Projects/Web/upwork_Invoice_Ninja/reception-par-type/vendor/laravel/framework/src/Illuminate/Pipeline/Pipeline.php(209): Illuminate/Foundation/Http/Middleware/VerifyCsrfToken->handle()
#25 D:/DiskFiles/Projects/Web/upwork_Invoice_Ninja/reception-par-type/vendor/laravel/framework/src/Illuminate/View/Middleware/ShareErrorsFromSession.php(49): Illuminate/Pipeline/Pipeline->Illuminate/Pipeline/{closure}()
#26 D:/DiskFiles/Projects/Web/upwork_Invoice_Ninja/reception-par-type/vendor/laravel/framework/src/Illuminate/Pipeline/Pipeline.php(209): Illuminate/View/Middleware/ShareErrorsFromSession->handle()
#27 D:/DiskFiles/Projects/Web/upwork_Invoice_Ninja/reception-par-type/vendor/laravel/framework/src/Illuminate/Session/Middleware/StartSession.php(121): Illuminate/Pipeline/Pipeline->Illuminate/Pipeline/{closure}()
#28 D:/DiskFiles/Projects/Web/upwork_Invoice_Ninja/reception-par-type/vendor/laravel/framework/src/Illuminate/Session/Middleware/StartSession.php(64): Illuminate/Session/Middleware/StartSession->handleStatefulRequest()
#29 D:/DiskFiles/Projects/Web/upwork_Invoice_Ninja/reception-par-type/vendor/laravel/framework/src/Illuminate/Pipeline/Pipeline.php(209): Illuminate/Session/Middleware/StartSession->handle()
#30 D:/DiskFiles/Projects/Web/upwork_Invoice_Ninja/reception-par-type/vendor/laravel/framework/src/Illuminate/Cookie/Middleware/AddQueuedCookiesToResponse.php(37): Illuminate/Pipeline/Pipeline->Illuminate/Pipeline/{closure}()
#31 D:/DiskFiles/Projects/Web/upwork_Invoice_Ninja/reception-par-type/vendor/laravel/framework/src/Illuminate/Pipeline/Pipeline.php(209): Illuminate/Cookie/Middleware/AddQueuedCookiesToResponse->handle()
#32 D:/DiskFiles/Projects/Web/upwork_Invoice_Ninja/reception-par-type/vendor/laravel/framework/src/Illuminate/Cookie/Middleware/EncryptCookies.php(75): Illuminate/Pipeline/Pipeline->Illuminate/Pipeline/{closure}()
#33 D:/DiskFiles/Projects/Web/upwork_Invoice_Ninja/reception-par-type/vendor/laravel/framework/src/Illuminate/Pipeline/Pipeline.php(209): Illuminate/Cookie/Middleware/EncryptCookies->handle()
#34 D:/DiskFiles/Projects/Web/upwork_Invoice_Ninja/reception-par-type/vendor/laravel/framework/src/Illuminate/Pipeline/Pipeline.php(127): Illuminate/Pipeline/Pipeline->Illuminate/Pipeline/{closure}()
#35 D:/DiskFiles/Projects/Web/upwork_Invoice_Ninja/reception-par-type/vendor/laravel/framework/src/Illuminate/Routing/Router.php(807): Illuminate/Pipeline/Pipeline->then()
#36 D:/DiskFiles/Projects/Web/upwork_Invoice_Ninja/reception-par-type/vendor/laravel/framework/src/Illuminate/Routing/Router.php(786): Illuminate/Routing/Router->runRouteWithinStack()
#37 D:/DiskFiles/Projects/Web/upwork_Invoice_Ninja/reception-par-type/vendor/laravel/framework/src/Illuminate/Routing/Router.php(750): Illuminate/Routing/Router->runRoute()
#38 D:/DiskFiles/Projects/Web/upwork_Invoice_Ninja/reception-par-type/vendor/laravel/framework/src/Illuminate/Routing/Router.php(739): Illuminate/Routing/Router->dispatchToRoute()
#39 D:/DiskFiles/Projects/Web/upwork_Invoice_Ninja/reception-par-type/vendor/laravel/framework/src/Illuminate/Foundation/Http/Kernel.php(201): Illuminate/Routing/Router->dispatch()
#40 D:/DiskFiles/Projects/Web/upwork_Invoice_Ninja/reception-par-type/vendor/laravel/framework/src/Illuminate/Pipeline/Pipeline.php(170): Illuminate/Foundation/Http/Kernel->Illuminate/Foundation/Http/{closure}()
#41 D:/DiskFiles/Projects/Web/upwork_Invoice_Ninja/reception-par-type/vendor/laravel/framework/src/Illuminate/Foundation/Http/Middleware/TransformsRequest.php(21): Illuminate/Pipeline/Pipeline->Illuminate/Pipeline/{closure}()
#42 D:/DiskFiles/Projects/Web/upwork_Invoice_Ninja/reception-par-type/vendor/laravel/framework/src/Illuminate/Foundation/Http/Middleware/ConvertEmptyStringsToNull.php(31): Illuminate/Foundation/Http/Middleware/TransformsRequest->handle()
#43 D:/DiskFiles/Projects/Web/upwork_Invoice_Ninja/reception-par-type/vendor/laravel/framework/src/Illuminate/Pipeline/Pipeline.php(209): Illuminate/Foundation/Http/Middleware/ConvertEmptyStringsToNull->handle()
#44 D:/DiskFiles/Projects/Web/upwork_Invoice_Ninja/reception-par-type/vendor/laravel/framework/src/Illuminate/Foundation/Http/Middleware/TransformsRequest.php(21): Illuminate/Pipeline/Pipeline->Illuminate/Pipeline/{closure}()
#45 D:/DiskFiles/Projects/Web/upwork_Invoice_Ninja/reception-par-type/vendor/laravel/framework/src/Illuminate/Foundation/Http/Middleware/TrimStrings.php(51): Illuminate/Foundation/Http/Middleware/TransformsRequest->handle()
#46 D:/DiskFiles/Projects/Web/upwork_Invoice_Ninja/reception-par-type/vendor/laravel/framework/src/Illuminate/Pipeline/Pipeline.php(209): Illuminate/Foundation/Http/Middleware/TrimStrings->handle()
#47 D:/DiskFiles/Projects/Web/upwork_Invoice_Ninja/reception-par-type/vendor/laravel/framework/src/Illuminate/Http/Middleware/ValidatePostSize.php(27): Illuminate/Pipeline/Pipeline->Illuminate/Pipeline/{closure}()
#48 D:/DiskFiles/Projects/Web/upwork_Invoice_Ninja/reception-par-type/vendor/laravel/framework/src/Illuminate/Pipeline/Pipeline.php(209): Illuminate/Http/Middleware/ValidatePostSize->handle()
#49 D:/DiskFiles/Projects/Web/upwork_Invoice_Ninja/reception-par-type/vendor/laravel/framework/src/Illuminate/Foundation/Http/Middleware/PreventRequestsDuringMaintenance.php(110): Illuminate/Pipeline/Pipeline->Illuminate/Pipeline/{closure}()
#50 D:/DiskFiles/Projects/Web/upwork_Invoice_Ninja/reception-par-type/vendor/laravel/framework/src/Illuminate/Pipeline/Pipeline.php(209): Illuminate/Foundation/Http/Middleware/PreventRequestsDuringMaintenance->handle()
#51 D:/DiskFiles/Projects/Web/upwork_Invoice_Ninja/reception-par-type/vendor/laravel/framework/src/Illuminate/Http/Middleware/HandleCors.php(49): Illuminate/Pipeline/Pipeline->Illuminate/Pipeline/{closure}()
#52 D:/DiskFiles/Projects/Web/upwork_Invoice_Ninja/reception-par-type/vendor/laravel/framework/src/Illuminate/Pipeline/Pipeline.php(209): Illuminate/Http/Middleware/HandleCors->handle()
#53 D:/DiskFiles/Projects/Web/upwork_Invoice_Ninja/reception-par-type/vendor/laravel/framework/src/Illuminate/Http/Middleware/TrustProxies.php(58): Illuminate/Pipeline/Pipeline->Illuminate/Pipeline/{closure}()
#54 D:/DiskFiles/Projects/Web/upwork_Invoice_Ninja/reception-par-type/vendor/laravel/framework/src/Illuminate/Pipeline/Pipeline.php(209): Illuminate/Http/Middleware/TrustProxies->handle()
#55 D:/DiskFiles/Projects/Web/upwork_Invoice_Ninja/reception-par-type/vendor/laravel/framework/src/Illuminate/Foundation/Http/Middleware/InvokeDeferredCallbacks.php(22): Illuminate/Pipeline/Pipeline->Illuminate/Pipeline/{closure}()
#56 D:/DiskFiles/Projects/Web/upwork_Invoice_Ninja/reception-par-type/vendor/laravel/framework/src/Illuminate/Pipeline/Pipeline.php(209): Illuminate/Foundation/Http/Middleware/InvokeDeferredCallbacks->handle()
#57 D:/DiskFiles/Projects/Web/upwork_Invoice_Ninja/reception-par-type/vendor/laravel/framework/src/Illuminate/Pipeline/Pipeline.php(127): Illuminate/Pipeline/Pipeline->Illuminate/Pipeline/{closure}()
#58 D:/DiskFiles/Projects/Web/upwork_Invoice_Ninja/reception-par-type/vendor/laravel/framework/src/Illuminate/Foundation/Http/Kernel.php(176): Illuminate/Pipeline/Pipeline->then()
#59 D:/DiskFiles/Projects/Web/upwork_Invoice_Ninja/reception-par-type/vendor/laravel/framework/src/Illuminate/Foundation/Http/Kernel.php(145): Illuminate/Foundation/Http/Kernel->sendRequestThroughRouter()
#60 D:/DiskFiles/Projects/Web/upwork_Invoice_Ninja/reception-par-type/vendor/laravel/framework/src/Illuminate/Foundation/Application.php(1220): Illuminate/Foundation/Http/Kernel->handle()
#61 D:/DiskFiles/Projects/Web/upwork_Invoice_Ninja/reception-par-type/public/index.php(18): Illuminate/Foundation/Application->handleRequest()
#62 D:/DiskFiles/Projects/Web/upwork_Invoice_Ninja/reception-par-type/vendor/laravel/framework/src/Illuminate/Foundation/resources/server.php(23): require_once('...')
#63 {main}

[previous exception] [object] (PDOException(code: 2002): SQLSTATE[HY000] [2002] A connection attempt failed because the connected party did not properly respond after a period of time, or established connection failed because connected host has failed to respond at D:/DiskFiles/Projects/Web/upwork_Invoice_Ninja/reception-par-type/vendor/laravel/framework/src/Illuminate/Database/Connectors/Connector.php:66)
[stacktrace]
#0 D:/DiskFiles/Projects/Web/upwork_Invoice_Ninja/reception-par-type/vendor/laravel/framework/src/Illuminate/Database/Connectors/Connector.php(66): PDO->__construct()
#1 D:/DiskFiles/Projects/Web/upwork_Invoice_Ninja/reception-par-type/vendor/laravel/framework/src/Illuminate/Database/Connectors/Connector.php(85): Illuminate/Database/Connectors/Connector->createPdoConnection()
#2 D:/DiskFiles/Projects/Web/upwork_Invoice_Ninja/reception-par-type/vendor/laravel/framework/src/Illuminate/Database/Connectors/Connector.php(48): Illuminate/Database/Connectors/Connector->tryAgainIfCausedByLostConnection()
#3 D:/DiskFiles/Projects/Web/upwork_Invoice_Ninja/reception-par-type/vendor/laravel/framework/src/Illuminate/Database/Connectors/MySqlConnector.php(24): Illuminate/Database/Connectors/Connector->createConnection()
#4 D:/DiskFiles/Projects/Web/upwork_Invoice_Ninja/reception-par-type/vendor/laravel/framework/src/Illuminate/Database/Connectors/ConnectionFactory.php(185): Illuminate/Database/Connectors/MySqlConnector->connect()
#5 [internal function]: Illuminate/Database/Connectors/ConnectionFactory->Illuminate/Database/Connectors/{closure}()
#6 D:/DiskFiles/Projects/Web/upwork_Invoice_Ninja/reception-par-type/vendor/laravel/framework/src/Illuminate/Database/Connection.php(1231): call_user_func()
#7 D:/DiskFiles/Projects/Web/upwork_Invoice_Ninja/reception-par-type/vendor/laravel/framework/src/Illuminate/Database/Connection.php(1267): Illuminate/Database/Connection->getPdo()
#8 D:/DiskFiles/Projects/Web/upwork_Invoice_Ninja/reception-par-type/vendor/laravel/framework/src/Illuminate/Database/Connection.php(512): Illuminate/Database/Connection->getReadPdo()
#9 D:/DiskFiles/Projects/Web/upwork_Invoice_Ninja/reception-par-type/vendor/laravel/framework/src/Illuminate/Database/Connection.php(407): Illuminate/Database/Connection->getPdoForSelect()
#10 D:/DiskFiles/Projects/Web/upwork_Invoice_Ninja/reception-par-type/vendor/laravel/framework/src/Illuminate/Database/Connection.php(812): Illuminate/Database/Connection->Illuminate/Database/{closure}()
#11 D:/DiskFiles/Projects/Web/upwork_Invoice_Ninja/reception-par-type/vendor/laravel/framework/src/Illuminate/Database/Connection.php(979): Illuminate/Database/Connection->runQueryCallback()
#12 D:/DiskFiles/Projects/Web/upwork_Invoice_Ninja/reception-par-type/vendor/laravel/framework/src/Illuminate/Database/Connection.php(958): Illuminate/Database/Connection->tryAgainIfCausedByLostConnection()
#13 D:/DiskFiles/Projects/Web/upwork_Invoice_Ninja/reception-par-type/vendor/laravel/framework/src/Illuminate/Database/Connection.php(781): Illuminate/Database/Connection->handleQueryException()
#14 D:/DiskFiles/Projects/Web/upwork_Invoice_Ninja/reception-par-type/vendor/laravel/framework/src/Illuminate/Database/Connection.php(398): Illuminate/Database/Connection->run()
#15 D:/DiskFiles/Projects/Web/upwork_Invoice_Ninja/reception-par-type/vendor/laravel/framework/src/Illuminate/Database/Query/Builder.php(3106): Illuminate/Database/Connection->select()
#16 D:/DiskFiles/Projects/Web/upwork_Invoice_Ninja/reception-par-type/vendor/laravel/framework/src/Illuminate/Database/Query/Builder.php(3091): Illuminate/Database/Query/Builder->runSelect()
#17 D:/DiskFiles/Projects/Web/upwork_Invoice_Ninja/reception-par-type/vendor/laravel/framework/src/Illuminate/Database/Query/Builder.php(3676): Illuminate/Database/Query/Builder->Illuminate/Database/Query/{closure}()
#18 D:/DiskFiles/Projects/Web/upwork_Invoice_Ninja/reception-par-type/vendor/laravel/framework/src/Illuminate/Database/Query/Builder.php(3090): Illuminate/Database/Query/Builder->onceWithColumns()
#19 D:/DiskFiles/Projects/Web/upwork_Invoice_Ninja/reception-par-type/vendor/laravel/framework/src/Illuminate/Database/Eloquent/Builder.php(811): Illuminate/Database/Query/Builder->get()
#20 D:/DiskFiles/Projects/Web/upwork_Invoice_Ninja/reception-par-type/vendor/laravel/framework/src/Illuminate/Database/Eloquent/Builder.php(793): Illuminate/Database/Eloquent/Builder->getModels()
#21 D:/DiskFiles/Projects/Web/upwork_Invoice_Ninja/reception-par-type/app/Http/Controllers/PricingController.php(16): Illuminate/Database/Eloquent/Builder->get()
#22 D:/DiskFiles/Projects/Web/upwork_Invoice_Ninja/reception-par-type/vendor/laravel/framework/src/Illuminate/Routing/Controller.php(54): App/Http/Controllers/PricingController->index()
#23 D:/DiskFiles/Projects/Web/upwork_Invoice_Ninja/reception-par-type/vendor/laravel/framework/src/Illuminate/Routing/ControllerDispatcher.php(44): Illuminate/Routing/Controller->callAction()
#24 D:/DiskFiles/Projects/Web/upwork_Invoice_Ninja/reception-par-type/vendor/laravel/framework/src/Illuminate/Routing/Route.php(266): Illuminate/Routing/ControllerDispatcher->dispatch()
#25 D:/DiskFiles/Projects/Web/upwork_Invoice_Ninja/reception-par-type/vendor/laravel/framework/src/Illuminate/Routing/Route.php(212): Illuminate/Routing/Route->runController()
#26 D:/DiskFiles/Projects/Web/upwork_Invoice_Ninja/reception-par-type/vendor/laravel/framework/src/Illuminate/Routing/Router.php(808): Illuminate/Routing/Route->run()
#27 D:/DiskFiles/Projects/Web/upwork_Invoice_Ninja/reception-par-type/vendor/laravel/framework/src/Illuminate/Pipeline/Pipeline.php(170): Illuminate/Routing/Router->Illuminate/Routing/{closure}()
#28 D:/DiskFiles/Projects/Web/upwork_Invoice_Ninja/reception-par-type/app/Http/Middleware/SetLocale.php(87): Illuminate/Pipeline/Pipeline->Illuminate/Pipeline/{closure}()
#29 D:/DiskFiles/Projects/Web/upwork_Invoice_Ninja/reception-par-type/vendor/laravel/framework/src/Illuminate/Pipeline/Pipeline.php(209): App/Http/Middleware/SetLocale->handle()
#30 D:/DiskFiles/Projects/Web/upwork_Invoice_Ninja/reception-par-type/app/Http/Middleware/TrackAffiliate.php(45): Illuminate/Pipeline/Pipeline->Illuminate/Pipeline/{closure}()
#31 D:/DiskFiles/Projects/Web/upwork_Invoice_Ninja/reception-par-type/vendor/laravel/framework/src/Illuminate/Pipeline/Pipeline.php(209): App/Http/Middleware/TrackAffiliate->handle()
#32 D:/DiskFiles/Projects/Web/upwork_Invoice_Ninja/reception-par-type/vendor/laravel/framework/src/Illuminate/Routing/Middleware/SubstituteBindings.php(51): Illuminate/Pipeline/Pipeline->Illuminate/Pipeline/{closure}()
#33 D:/DiskFiles/Projects/Web/upwork_Invoice_Ninja/reception-par-type/vendor/laravel/framework/src/Illuminate/Pipeline/Pipeline.php(209): Illuminate/Routing/Middleware/SubstituteBindings->handle()
#34 D:/DiskFiles/Projects/Web/upwork_Invoice_Ninja/reception-par-type/vendor/laravel/framework/src/Illuminate/Foundation/Http/Middleware/VerifyCsrfToken.php(88): Illuminate/Pipeline/Pipeline->Illuminate/Pipeline/{closure}()
#35 D:/DiskFiles/Projects/Web/upwork_Invoice_Ninja/reception-par-type/vendor/laravel/framework/src/Illuminate/Pipeline/Pipeline.php(209): Illuminate/Foundation/Http/Middleware/VerifyCsrfToken->handle()
#36 D:/DiskFiles/Projects/Web/upwork_Invoice_Ninja/reception-par-type/vendor/laravel/framework/src/Illuminate/View/Middleware/ShareErrorsFromSession.php(49): Illuminate/Pipeline/Pipeline->Illuminate/Pipeline/{closure}()
#37 D:/DiskFiles/Projects/Web/upwork_Invoice_Ninja/reception-par-type/vendor/laravel/framework/src/Illuminate/Pipeline/Pipeline.php(209): Illuminate/View/Middleware/ShareErrorsFromSession->handle()
#38 D:/DiskFiles/Projects/Web/upwork_Invoice_Ninja/reception-par-type/vendor/laravel/framework/src/Illuminate/Session/Middleware/StartSession.php(121): Illuminate/Pipeline/Pipeline->Illuminate/Pipeline/{closure}()
#39 D:/DiskFiles/Projects/Web/upwork_Invoice_Ninja/reception-par-type/vendor/laravel/framework/src/Illuminate/Session/Middleware/StartSession.php(64): Illuminate/Session/Middleware/StartSession->handleStatefulRequest()
#40 D:/DiskFiles/Projects/Web/upwork_Invoice_Ninja/reception-par-type/vendor/laravel/framework/src/Illuminate/Pipeline/Pipeline.php(209): Illuminate/Session/Middleware/StartSession->handle()
#41 D:/DiskFiles/Projects/Web/upwork_Invoice_Ninja/reception-par-type/vendor/laravel/framework/src/Illuminate/Cookie/Middleware/AddQueuedCookiesToResponse.php(37): Illuminate/Pipeline/Pipeline->Illuminate/Pipeline/{closure}()
#42 D:/DiskFiles/Projects/Web/upwork_Invoice_Ninja/reception-par-type/vendor/laravel/framework/src/Illuminate/Pipeline/Pipeline.php(209): Illuminate/Cookie/Middleware/AddQueuedCookiesToResponse->handle()
#43 D:/DiskFiles/Projects/Web/upwork_Invoice_Ninja/reception-par-type/vendor/laravel/framework/src/Illuminate/Cookie/Middleware/EncryptCookies.php(75): Illuminate/Pipeline/Pipeline->Illuminate/Pipeline/{closure}()
#44 D:/DiskFiles/Projects/Web/upwork_Invoice_Ninja/reception-par-type/vendor/laravel/framework/src/Illuminate/Pipeline/Pipeline.php(209): Illuminate/Cookie/Middleware/EncryptCookies->handle()
#45 D:/DiskFiles/Projects/Web/upwork_Invoice_Ninja/reception-par-type/vendor/laravel/framework/src/Illuminate/Pipeline/Pipeline.php(127): Illuminate/Pipeline/Pipeline->Illuminate/Pipeline/{closure}()
#46 D:/DiskFiles/Projects/Web/upwork_Invoice_Ninja/reception-par-type/vendor/laravel/framework/src/Illuminate/Routing/Router.php(807): Illuminate/Pipeline/Pipeline->then()
#47 D:/DiskFiles/Projects/Web/upwork_Invoice_Ninja/reception-par-type/vendor/laravel/framework/src/Illuminate/Routing/Router.php(786): Illuminate/Routing/Router->runRouteWithinStack()
#48 D:/DiskFiles/Projects/Web/upwork_Invoice_Ninja/reception-par-type/vendor/laravel/framework/src/Illuminate/Routing/Router.php(750): Illuminate/Routing/Router->runRoute()
#49 D:/DiskFiles/Projects/Web/upwork_Invoice_Ninja/reception-par-type/vendor/laravel/framework/src/Illuminate/Routing/Router.php(739): Illuminate/Routing/Router->dispatchToRoute()
#50 D:/DiskFiles/Projects/Web/upwork_Invoice_Ninja/reception-par-type/vendor/laravel/framework/src/Illuminate/Foundation/Http/Kernel.php(201): Illuminate/Routing/Router->dispatch()
#51 D:/DiskFiles/Projects/Web/upwork_Invoice_Ninja/reception-par-type/vendor/laravel/framework/src/Illuminate/Pipeline/Pipeline.php(170): Illuminate/Foundation/Http/Kernel->Illuminate/Foundation/Http/{closure}()
#52 D:/DiskFiles/Projects/Web/upwork_Invoice_Ninja/reception-par-type/vendor/laravel/framework/src/Illuminate/Foundation/Http/Middleware/TransformsRequest.php(21): Illuminate/Pipeline/Pipeline->Illuminate/Pipeline/{closure}()
#53 D:/DiskFiles/Projects/Web/upwork_Invoice_Ninja/reception-par-type/vendor/laravel/framework/src/Illuminate/Foundation/Http/Middleware/ConvertEmptyStringsToNull.php(31): Illuminate/Foundation/Http/Middleware/TransformsRequest->handle()
#54 D:/DiskFiles/Projects/Web/upwork_Invoice_Ninja/reception-par-type/vendor/laravel/framework/src/Illuminate/Pipeline/Pipeline.php(209): Illuminate/Foundation/Http/Middleware/ConvertEmptyStringsToNull->handle()
#55 D:/DiskFiles/Projects/Web/upwork_Invoice_Ninja/reception-par-type/vendor/laravel/framework/src/Illuminate/Foundation/Http/Middleware/TransformsRequest.php(21): Illuminate/Pipeline/Pipeline->Illuminate/Pipeline/{closure}()
#56 D:/DiskFiles/Projects/Web/upwork_Invoice_Ninja/reception-par-type/vendor/laravel/framework/src/Illuminate/Foundation/Http/Middleware/TrimStrings.php(51): Illuminate/Foundation/Http/Middleware/TransformsRequest->handle()
#57 D:/DiskFiles/Projects/Web/upwork_Invoice_Ninja/reception-par-type/vendor/laravel/framework/src/Illuminate/Pipeline/Pipeline.php(209): Illuminate/Foundation/Http/Middleware/TrimStrings->handle()
#58 D:/DiskFiles/Projects/Web/upwork_Invoice_Ninja/reception-par-type/vendor/laravel/framework/src/Illuminate/Http/Middleware/ValidatePostSize.php(27): Illuminate/Pipeline/Pipeline->Illuminate/Pipeline/{closure}()
#59 D:/DiskFiles/Projects/Web/upwork_Invoice_Ninja/reception-par-type/vendor/laravel/framework/src/Illuminate/Pipeline/Pipeline.php(209): Illuminate/Http/Middleware/ValidatePostSize->handle()
#60 D:/DiskFiles/Projects/Web/upwork_Invoice_Ninja/reception-par-type/vendor/laravel/framework/src/Illuminate/Foundation/Http/Middleware/PreventRequestsDuringMaintenance.php(110): Illuminate/Pipeline/Pipeline->Illuminate/Pipeline/{closure}()
#61 D:/DiskFiles/Projects/Web/upwork_Invoice_Ninja/reception-par-type/vendor/laravel/framework/src/Illuminate/Pipeline/Pipeline.php(209): Illuminate/Foundation/Http/Middleware/PreventRequestsDuringMaintenance->handle()
#62 D:/DiskFiles/Projects/Web/upwork_Invoice_Ninja/reception-par-type/vendor/laravel/framework/src/Illuminate/Http/Middleware/HandleCors.php(49): Illuminate/Pipeline/Pipeline->Illuminate/Pipeline/{closure}()
#63 D:/DiskFiles/Projects/Web/upwork_Invoice_Ninja/reception-par-type/vendor/laravel/framework/src/Illuminate/Pipeline/Pipeline.php(209): Illuminate/Http/Middleware/HandleCors->handle()
#64 D:/DiskFiles/Projects/Web/upwork_Invoice_Ninja/reception-par-type/vendor/laravel/framework/src/Illuminate/Http/Middleware/TrustProxies.php(58): Illuminate/Pipeline/Pipeline->Illuminate/Pipeline/{closure}()
#65 D:/DiskFiles/Projects/Web/upwork_Invoice_Ninja/reception-par-type/vendor/laravel/framework/src/Illuminate/Pipeline/Pipeline.php(209): Illuminate/Http/Middleware/TrustProxies->handle()
#66 D:/DiskFiles/Projects/Web/upwork_Invoice_Ninja/reception-par-type/vendor/laravel/framework/src/Illuminate/Foundation/Http/Middleware/InvokeDeferredCallbacks.php(22): Illuminate/Pipeline/Pipeline->Illuminate/Pipeline/{closure}()
#67 D:/DiskFiles/Projects/Web/upwork_Invoice_Ninja/reception-par-type/vendor/laravel/framework/src/Illuminate/Pipeline/Pipeline.php(209): Illuminate/Foundation/Http/Middleware/InvokeDeferredCallbacks->handle()
#68 D:/DiskFiles/Projects/Web/upwork_Invoice_Ninja/reception-par-type/vendor/laravel/framework/src/Illuminate/Pipeline/Pipeline.php(127): Illuminate/Pipeline/Pipeline->Illuminate/Pipeline/{closure}()
#69 D:/DiskFiles/Projects/Web/upwork_Invoice_Ninja/reception-par-type/vendor/laravel/framework/src/Illuminate/Foundation/Http/Kernel.php(176): Illuminate/Pipeline/Pipeline->then()
#70 D:/DiskFiles/Projects/Web/upwork_Invoice_Ninja/reception-par-type/vendor/laravel/framework/src/Illuminate/Foundation/Http/Kernel.php(145): Illuminate/Foundation/Http/Kernel->sendRequestThroughRouter()
#71 D:/DiskFiles/Projects/Web/upwork_Invoice_Ninja/reception-par-type/vendor/laravel/framework/src/Illuminate/Foundation/Application.php(1220): Illuminate/Foundation/Http/Kernel->handle()
#72 D:/DiskFiles/Projects/Web/upwork_Invoice_Ninja/reception-par-type/public/index.php(18): Illuminate/Foundation/Application->handleRequest()
#73 D:/DiskFiles/Projects/Web/upwork_Invoice_Ninja/reception-par-type/vendor/laravel/framework/src/Illuminate/Foundation/resources/server.php(23): require_once('...')
#74 {main}
"} 
[2026-06-24 13:53:44] production.ERROR: SQLSTATE[HY000] [2002] A connection attempt failed because the connected party did not properly respond after a period of time, or established connection failed because connected host has failed to respond (Connection: mysql, SQL: select * from `pricing_plans` where `is_public` = 1 and `is_active` = 1 order by `display_order` asc, `level` asc) {"exception":"[object] (Illuminate\\Database\\QueryException(code: 2002): SQLSTATE[HY000] [2002] A connection attempt failed because the connected party did not properly respond after a period of time, or established connection failed because connected host has failed to respond (Connection: mysql, SQL: select * from `pricing_plans` where `is_public` = 1 and `is_active` = 1 order by `display_order` asc, `level` asc) at D:/DiskFiles/Projects/Web/upwork_Invoice_Ninja/reception-par-type/vendor/laravel/framework/src/Illuminate/Database/Connection.php:825)
[stacktrace]
#0 D:/DiskFiles/Projects/Web/upwork_Invoice_Ninja/reception-par-type/vendor/laravel/framework/src/Illuminate/Database/Connection.php(979): Illuminate/Database/Connection->runQueryCallback()
#1 D:/DiskFiles/Projects/Web/upwork_Invoice_Ninja/reception-par-type/vendor/laravel/framework/src/Illuminate/Database/Connection.php(958): Illuminate/Database/Connection->tryAgainIfCausedByLostConnection()
#2 D:/DiskFiles/Projects/Web/upwork_Invoice_Ninja/reception-par-type/vendor/laravel/framework/src/Illuminate/Database/Connection.php(781): Illuminate/Database/Connection->handleQueryException()
#3 D:/DiskFiles/Projects/Web/upwork_Invoice_Ninja/reception-par-type/vendor/laravel/framework/src/Illuminate/Database/Connection.php(398): Illuminate/Database/Connection->run()
#4 D:/DiskFiles/Projects/Web/upwork_Invoice_Ninja/reception-par-type/vendor/laravel/framework/src/Illuminate/Database/Query/Builder.php(3106): Illuminate/Database/Connection->select()
#5 D:/DiskFiles/Projects/Web/upwork_Invoice_Ninja/reception-par-type/vendor/laravel/framework/src/Illuminate/Database/Query/Builder.php(3091): Illuminate/Database/Query/Builder->runSelect()
#6 D:/DiskFiles/Projects/Web/upwork_Invoice_Ninja/reception-par-type/vendor/laravel/framework/src/Illuminate/Database/Query/Builder.php(3676): Illuminate/Database/Query/Builder->Illuminate/Database/Query/{closure}()
#7 D:/DiskFiles/Projects/Web/upwork_Invoice_Ninja/reception-par-type/vendor/laravel/framework/src/Illuminate/Database/Query/Builder.php(3090): Illuminate/Database/Query/Builder->onceWithColumns()
#8 D:/DiskFiles/Projects/Web/upwork_Invoice_Ninja/reception-par-type/vendor/laravel/framework/src/Illuminate/Database/Eloquent/Builder.php(811): Illuminate/Database/Query/Builder->get()
#9 D:/DiskFiles/Projects/Web/upwork_Invoice_Ninja/reception-par-type/vendor/laravel/framework/src/Illuminate/Database/Eloquent/Builder.php(793): Illuminate/Database/Eloquent/Builder->getModels()
#10 D:/DiskFiles/Projects/Web/upwork_Invoice_Ninja/reception-par-type/app/Http/Controllers/PricingController.php(17): Illuminate/Database/Eloquent/Builder->get()
#11 D:/DiskFiles/Projects/Web/upwork_Invoice_Ninja/reception-par-type/vendor/laravel/framework/src/Illuminate/Cache/Repository.php(427): App/Http/Controllers/PricingController->App/Http/Controllers/{closure}()
#12 D:/DiskFiles/Projects/Web/upwork_Invoice_Ninja/reception-par-type/vendor/laravel/framework/src/Illuminate/Cache/CacheManager.php(453): Illuminate/Cache/Repository->remember()
#13 D:/DiskFiles/Projects/Web/upwork_Invoice_Ninja/reception-par-type/vendor/laravel/framework/src/Illuminate/Support/Facades/Facade.php(361): Illuminate/Cache/CacheManager->__call()
#14 D:/DiskFiles/Projects/Web/upwork_Invoice_Ninja/reception-par-type/app/Http/Controllers/PricingController.php(17): Illuminate/Support/Facades/Facade::__callStatic()
#15 D:/DiskFiles/Projects/Web/upwork_Invoice_Ninja/reception-par-type/vendor/laravel/framework/src/Illuminate/Routing/Controller.php(54): App/Http/Controllers/PricingController->index()
#16 D:/DiskFiles/Projects/Web/upwork_Invoice_Ninja/reception-par-type/vendor/laravel/framework/src/Illuminate/Routing/ControllerDispatcher.php(44): Illuminate/Routing/Controller->callAction()
#17 D:/DiskFiles/Projects/Web/upwork_Invoice_Ninja/reception-par-type/vendor/laravel/framework/src/Illuminate/Routing/Route.php(266): Illuminate/Routing/ControllerDispatcher->dispatch()
#18 D:/DiskFiles/Projects/Web/upwork_Invoice_Ninja/reception-par-type/vendor/laravel/framework/src/Illuminate/Routing/Route.php(212): Illuminate/Routing/Route->runController()
#19 D:/DiskFiles/Projects/Web/upwork_Invoice_Ninja/reception-par-type/vendor/laravel/framework/src/Illuminate/Routing/Router.php(808): Illuminate/Routing/Route->run()
#20 D:/DiskFiles/Projects/Web/upwork_Invoice_Ninja/reception-par-type/vendor/laravel/framework/src/Illuminate/Pipeline/Pipeline.php(170): Illuminate/Routing/Router->Illuminate/Routing/{closure}()
#21 D:/DiskFiles/Projects/Web/upwork_Invoice_Ninja/reception-par-type/app/Http/Middleware/SetLocale.php(87): Illuminate/Pipeline/Pipeline->Illuminate/Pipeline/{closure}()
#22 D:/DiskFiles/Projects/Web/upwork_Invoice_Ninja/reception-par-type/vendor/laravel/framework/src/Illuminate/Pipeline/Pipeline.php(209): App/Http/Middleware/SetLocale->handle()
#23 D:/DiskFiles/Projects/Web/upwork_Invoice_Ninja/reception-par-type/app/Http/Middleware/TrackAffiliate.php(45): Illuminate/Pipeline/Pipeline->Illuminate/Pipeline/{closure}()
#24 D:/DiskFiles/Projects/Web/upwork_Invoice_Ninja/reception-par-type/vendor/laravel/framework/src/Illuminate/Pipeline/Pipeline.php(209): App/Http/Middleware/TrackAffiliate->handle()
#25 D:/DiskFiles/Projects/Web/upwork_Invoice_Ninja/reception-par-type/vendor/laravel/framework/src/Illuminate/Routing/Middleware/SubstituteBindings.php(51): Illuminate/Pipeline/Pipeline->Illuminate/Pipeline/{closure}()
#26 D:/DiskFiles/Projects/Web/upwork_Invoice_Ninja/reception-par-type/vendor/laravel/framework/src/Illuminate/Pipeline/Pipeline.php(209): Illuminate/Routing/Middleware/SubstituteBindings->handle()
#27 D:/DiskFiles/Projects/Web/upwork_Invoice_Ninja/reception-par-type/vendor/laravel/framework/src/Illuminate/Foundation/Http/Middleware/VerifyCsrfToken.php(88): Illuminate/Pipeline/Pipeline->Illuminate/Pipeline/{closure}()
#28 D:/DiskFiles/Projects/Web/upwork_Invoice_Ninja/reception-par-type/vendor/laravel/framework/src/Illuminate/Pipeline/Pipeline.php(209): Illuminate/Foundation/Http/Middleware/VerifyCsrfToken->handle()
#29 D:/DiskFiles/Projects/Web/upwork_Invoice_Ninja/reception-par-type/vendor/laravel/framework/src/Illuminate/View/Middleware/ShareErrorsFromSession.php(49): Illuminate/Pipeline/Pipeline->Illuminate/Pipeline/{closure}()
#30 D:/DiskFiles/Projects/Web/upwork_Invoice_Ninja/reception-par-type/vendor/laravel/framework/src/Illuminate/Pipeline/Pipeline.php(209): Illuminate/View/Middleware/ShareErrorsFromSession->handle()
#31 D:/DiskFiles/Projects/Web/upwork_Invoice_Ninja/reception-par-type/vendor/laravel/framework/src/Illuminate/Session/Middleware/StartSession.php(121): Illuminate/Pipeline/Pipeline->Illuminate/Pipeline/{closure}()
#32 D:/DiskFiles/Projects/Web/upwork_Invoice_Ninja/reception-par-type/vendor/laravel/framework/src/Illuminate/Session/Middleware/StartSession.php(64): Illuminate/Session/Middleware/StartSession->handleStatefulRequest()
#33 D:/DiskFiles/Projects/Web/upwork_Invoice_Ninja/reception-par-type/vendor/laravel/framework/src/Illuminate/Pipeline/Pipeline.php(209): Illuminate/Session/Middleware/StartSession->handle()
#34 D:/DiskFiles/Projects/Web/upwork_Invoice_Ninja/reception-par-type/vendor/laravel/framework/src/Illuminate/Cookie/Middleware/AddQueuedCookiesToResponse.php(37): Illuminate/Pipeline/Pipeline->Illuminate/Pipeline/{closure}()
#35 D:/DiskFiles/Projects/Web/upwork_Invoice_Ninja/reception-par-type/vendor/laravel/framework/src/Illuminate/Pipeline/Pipeline.php(209): Illuminate/Cookie/Middleware/AddQueuedCookiesToResponse->handle()
#36 D:/DiskFiles/Projects/Web/upwork_Invoice_Ninja/reception-par-type/vendor/laravel/framework/src/Illuminate/Cookie/Middleware/EncryptCookies.php(75): Illuminate/Pipeline/Pipeline->Illuminate/Pipeline/{closure}()
#37 D:/DiskFiles/Projects/Web/upwork_Invoice_Ninja/reception-par-type/vendor/laravel/framework/src/Illuminate/Pipeline/Pipeline.php(209): Illuminate/Cookie/Middleware/EncryptCookies->handle()
#38 D:/DiskFiles/Projects/Web/upwork_Invoice_Ninja/reception-par-type/vendor/laravel/framework/src/Illuminate/Pipeline/Pipeline.php(127): Illuminate/Pipeline/Pipeline->Illuminate/Pipeline/{closure}()
#39 D:/DiskFiles/Projects/Web/upwork_Invoice_Ninja/reception-par-type/vendor/laravel/framework/src/Illuminate/Routing/Router.php(807): Illuminate/Pipeline/Pipeline->then()
#40 D:/DiskFiles/Projects/Web/upwork_Invoice_Ninja/reception-par-type/vendor/laravel/framework/src/Illuminate/Routing/Router.php(786): Illuminate/Routing/Router->runRouteWithinStack()
#41 D:/DiskFiles/Projects/Web/upwork_Invoice_Ninja/reception-par-type/vendor/laravel/framework/src/Illuminate/Routing/Router.php(750): Illuminate/Routing/Router->runRoute()
#42 D:/DiskFiles/Projects/Web/upwork_Invoice_Ninja/reception-par-type/vendor/laravel/framework/src/Illuminate/Routing/Router.php(739): Illuminate/Routing/Router->dispatchToRoute()
#43 D:/DiskFiles/Projects/Web/upwork_Invoice_Ninja/reception-par-type/vendor/laravel/framework/src/Illuminate/Foundation/Http/Kernel.php(201): Illuminate/Routing/Router->dispatch()
#44 D:/DiskFiles/Projects/Web/upwork_Invoice_Ninja/reception-par-type/vendor/laravel/framework/src/Illuminate/Pipeline/Pipeline.php(170): Illuminate/Foundation/Http/Kernel->Illuminate/Foundation/Http/{closure}()
#45 D:/DiskFiles/Projects/Web/upwork_Invoice_Ninja/reception-par-type/vendor/laravel/framework/src/Illuminate/Foundation/Http/Middleware/TransformsRequest.php(21): Illuminate/Pipeline/Pipeline->Illuminate/Pipeline/{closure}()
#46 D:/DiskFiles/Projects/Web/upwork_Invoice_Ninja/reception-par-type/vendor/laravel/framework/src/Illuminate/Foundation/Http/Middleware/ConvertEmptyStringsToNull.php(31): Illuminate/Foundation/Http/Middleware/TransformsRequest->handle()
#47 D:/DiskFiles/Projects/Web/upwork_Invoice_Ninja/reception-par-type/vendor/laravel/framework/src/Illuminate/Pipeline/Pipeline.php(209): Illuminate/Foundation/Http/Middleware/ConvertEmptyStringsToNull->handle()
#48 D:/DiskFiles/Projects/Web/upwork_Invoice_Ninja/reception-par-type/vendor/laravel/framework/src/Illuminate/Foundation/Http/Middleware/TransformsRequest.php(21): Illuminate/Pipeline/Pipeline->Illuminate/Pipeline/{closure}()
#49 D:/DiskFiles/Projects/Web/upwork_Invoice_Ninja/reception-par-type/vendor/laravel/framework/src/Illuminate/Foundation/Http/Middleware/TrimStrings.php(51): Illuminate/Foundation/Http/Middleware/TransformsRequest->handle()
#50 D:/DiskFiles/Projects/Web/upwork_Invoice_Ninja/reception-par-type/vendor/laravel/framework/src/Illuminate/Pipeline/Pipeline.php(209): Illuminate/Foundation/Http/Middleware/TrimStrings->handle()
#51 D:/DiskFiles/Projects/Web/upwork_Invoice_Ninja/reception-par-type/vendor/laravel/framework/src/Illuminate/Http/Middleware/ValidatePostSize.php(27): Illuminate/Pipeline/Pipeline->Illuminate/Pipeline/{closure}()
#52 D:/DiskFiles/Projects/Web/upwork_Invoice_Ninja/reception-par-type/vendor/laravel/framework/src/Illuminate/Pipeline/Pipeline.php(209): Illuminate/Http/Middleware/ValidatePostSize->handle()
#53 D:/DiskFiles/Projects/Web/upwork_Invoice_Ninja/reception-par-type/vendor/laravel/framework/src/Illuminate/Foundation/Http/Middleware/PreventRequestsDuringMaintenance.php(110): Illuminate/Pipeline/Pipeline->Illuminate/Pipeline/{closure}()
#54 D:/DiskFiles/Projects/Web/upwork_Invoice_Ninja/reception-par-type/vendor/laravel/framework/src/Illuminate/Pipeline/Pipeline.php(209): Illuminate/Foundation/Http/Middleware/PreventRequestsDuringMaintenance->handle()
#55 D:/DiskFiles/Projects/Web/upwork_Invoice_Ninja/reception-par-type/vendor/laravel/framework/src/Illuminate/Http/Middleware/HandleCors.php(49): Illuminate/Pipeline/Pipeline->Illuminate/Pipeline/{closure}()
#56 D:/DiskFiles/Projects/Web/upwork_Invoice_Ninja/reception-par-type/vendor/laravel/framework/src/Illuminate/Pipeline/Pipeline.php(209): Illuminate/Http/Middleware/HandleCors->handle()
#57 D:/DiskFiles/Projects/Web/upwork_Invoice_Ninja/reception-par-type/vendor/laravel/framework/src/Illuminate/Http/Middleware/TrustProxies.php(58): Illuminate/Pipeline/Pipeline->Illuminate/Pipeline/{closure}()
#58 D:/DiskFiles/Projects/Web/upwork_Invoice_Ninja/reception-par-type/vendor/laravel/framework/src/Illuminate/Pipeline/Pipeline.php(209): Illuminate/Http/Middleware/TrustProxies->handle()
#59 D:/DiskFiles/Projects/Web/upwork_Invoice_Ninja/reception-par-type/vendor/laravel/framework/src/Illuminate/Foundation/Http/Middleware/InvokeDeferredCallbacks.php(22): Illuminate/Pipeline/Pipeline->Illuminate/Pipeline/{closure}()
#60 D:/DiskFiles/Projects/Web/upwork_Invoice_Ninja/reception-par-type/vendor/laravel/framework/src/Illuminate/Pipeline/Pipeline.php(209): Illuminate/Foundation/Http/Middleware/InvokeDeferredCallbacks->handle()
#61 D:/DiskFiles/Projects/Web/upwork_Invoice_Ninja/reception-par-type/vendor/laravel/framework/src/Illuminate/Pipeline/Pipeline.php(127): Illuminate/Pipeline/Pipeline->Illuminate/Pipeline/{closure}()
#62 D:/DiskFiles/Projects/Web/upwork_Invoice_Ninja/reception-par-type/vendor/laravel/framework/src/Illuminate/Foundation/Http/Kernel.php(176): Illuminate/Pipeline/Pipeline->then()
#63 D:/DiskFiles/Projects/Web/upwork_Invoice_Ninja/reception-par-type/vendor/laravel/framework/src/Illuminate/Foundation/Http/Kernel.php(145): Illuminate/Foundation/Http/Kernel->sendRequestThroughRouter()
#64 D:/DiskFiles/Projects/Web/upwork_Invoice_Ninja/reception-par-type/vendor/laravel/framework/src/Illuminate/Foundation/Application.php(1220): Illuminate/Foundation/Http/Kernel->handle()
#65 D:/DiskFiles/Projects/Web/upwork_Invoice_Ninja/reception-par-type/public/index.php(18): Illuminate/Foundation/Application->handleRequest()
#66 D:/DiskFiles/Projects/Web/upwork_Invoice_Ninja/reception-par-type/vendor/laravel/framework/src/Illuminate/Foundation/resources/server.php(23): require_once('...')
#67 {main}

[previous exception] [object] (PDOException(code: 2002): SQLSTATE[HY000] [2002] A connection attempt failed because the connected party did not properly respond after a period of time, or established connection failed because connected host has failed to respond at D:/DiskFiles/Projects/Web/upwork_Invoice_Ninja/reception-par-type/vendor/laravel/framework/src/Illuminate/Database/Connectors/Connector.php:66)
[stacktrace]
#0 D:/DiskFiles/Projects/Web/upwork_Invoice_Ninja/reception-par-type/vendor/laravel/framework/src/Illuminate/Database/Connectors/Connector.php(66): PDO->__construct()
#1 D:/DiskFiles/Projects/Web/upwork_Invoice_Ninja/reception-par-type/vendor/laravel/framework/src/Illuminate/Database/Connectors/Connector.php(85): Illuminate/Database/Connectors/Connector->createPdoConnection()
#2 D:/DiskFiles/Projects/Web/upwork_Invoice_Ninja/reception-par-type/vendor/laravel/framework/src/Illuminate/Database/Connectors/Connector.php(48): Illuminate/Database/Connectors/Connector->tryAgainIfCausedByLostConnection()
#3 D:/DiskFiles/Projects/Web/upwork_Invoice_Ninja/reception-par-type/vendor/laravel/framework/src/Illuminate/Database/Connectors/MySqlConnector.php(24): Illuminate/Database/Connectors/Connector->createConnection()
#4 D:/DiskFiles/Projects/Web/upwork_Invoice_Ninja/reception-par-type/vendor/laravel/framework/src/Illuminate/Database/Connectors/ConnectionFactory.php(185): Illuminate/Database/Connectors/MySqlConnector->connect()
#5 [internal function]: Illuminate/Database/Connectors/ConnectionFactory->Illuminate/Database/Connectors/{closure}()
#6 D:/DiskFiles/Projects/Web/upwork_Invoice_Ninja/reception-par-type/vendor/laravel/framework/src/Illuminate/Database/Connection.php(1231): call_user_func()
#7 D:/DiskFiles/Projects/Web/upwork_Invoice_Ninja/reception-par-type/vendor/laravel/framework/src/Illuminate/Database/Connection.php(1267): Illuminate/Database/Connection->getPdo()
#8 D:/DiskFiles/Projects/Web/upwork_Invoice_Ninja/reception-par-type/vendor/laravel/framework/src/Illuminate/Database/Connection.php(512): Illuminate/Database/Connection->getReadPdo()
#9 D:/DiskFiles/Projects/Web/upwork_Invoice_Ninja/reception-par-type/vendor/laravel/framework/src/Illuminate/Database/Connection.php(407): Illuminate/Database/Connection->getPdoForSelect()
#10 D:/DiskFiles/Projects/Web/upwork_Invoice_Ninja/reception-par-type/vendor/laravel/framework/src/Illuminate/Database/Connection.php(812): Illuminate/Database/Connection->Illuminate/Database/{closure}()
#11 D:/DiskFiles/Projects/Web/upwork_Invoice_Ninja/reception-par-type/vendor/laravel/framework/src/Illuminate/Database/Connection.php(979): Illuminate/Database/Connection->runQueryCallback()
#12 D:/DiskFiles/Projects/Web/upwork_Invoice_Ninja/reception-par-type/vendor/laravel/framework/src/Illuminate/Database/Connection.php(958): Illuminate/Database/Connection->tryAgainIfCausedByLostConnection()
#13 D:/DiskFiles/Projects/Web/upwork_Invoice_Ninja/reception-par-type/vendor/laravel/framework/src/Illuminate/Database/Connection.php(781): Illuminate/Database/Connection->handleQueryException()
#14 D:/DiskFiles/Projects/Web/upwork_Invoice_Ninja/reception-par-type/vendor/laravel/framework/src/Illuminate/Database/Connection.php(398): Illuminate/Database/Connection->run()
#15 D:/DiskFiles/Projects/Web/upwork_Invoice_Ninja/reception-par-type/vendor/laravel/framework/src/Illuminate/Database/Query/Builder.php(3106): Illuminate/Database/Connection->select()
#16 D:/DiskFiles/Projects/Web/upwork_Invoice_Ninja/reception-par-type/vendor/laravel/framework/src/Illuminate/Database/Query/Builder.php(3091): Illuminate/Database/Query/Builder->runSelect()
#17 D:/DiskFiles/Projects/Web/upwork_Invoice_Ninja/reception-par-type/vendor/laravel/framework/src/Illuminate/Database/Query/Builder.php(3676): Illuminate/Database/Query/Builder->Illuminate/Database/Query/{closure}()
#18 D:/DiskFiles/Projects/Web/upwork_Invoice_Ninja/reception-par-type/vendor/laravel/framework/src/Illuminate/Database/Query/Builder.php(3090): Illuminate/Database/Query/Builder->onceWithColumns()
#19 D:/DiskFiles/Projects/Web/upwork_Invoice_Ninja/reception-par-type/vendor/laravel/framework/src/Illuminate/Database/Eloquent/Builder.php(811): Illuminate/Database/Query/Builder->get()
#20 D:/DiskFiles/Projects/Web/upwork_Invoice_Ninja/reception-par-type/vendor/laravel/framework/src/Illuminate/Database/Eloquent/Builder.php(793): Illuminate/Database/Eloquent/Builder->getModels()
#21 D:/DiskFiles/Projects/Web/upwork_Invoice_Ninja/reception-par-type/app/Http/Controllers/PricingController.php(17): Illuminate/Database/Eloquent/Builder->get()
#22 D:/DiskFiles/Projects/Web/upwork_Invoice_Ninja/reception-par-type/vendor/laravel/framework/src/Illuminate/Cache/Repository.php(427): App/Http/Controllers/PricingController->App/Http/Controllers/{closure}()
#23 D:/DiskFiles/Projects/Web/upwork_Invoice_Ninja/reception-par-type/vendor/laravel/framework/src/Illuminate/Cache/CacheManager.php(453): Illuminate/Cache/Repository->remember()
#24 D:/DiskFiles/Projects/Web/upwork_Invoice_Ninja/reception-par-type/vendor/laravel/framework/src/Illuminate/Support/Facades/Facade.php(361): Illuminate/Cache/CacheManager->__call()
#25 D:/DiskFiles/Projects/Web/upwork_Invoice_Ninja/reception-par-type/app/Http/Controllers/PricingController.php(17): Illuminate/Support/Facades/Facade::__callStatic()
#26 D:/DiskFiles/Projects/Web/upwork_Invoice_Ninja/reception-par-type/vendor/laravel/framework/src/Illuminate/Routing/Controller.php(54): App/Http/Controllers/PricingController->index()
#27 D:/DiskFiles/Projects/Web/upwork_Invoice_Ninja/reception-par-type/vendor/laravel/framework/src/Illuminate/Routing/ControllerDispatcher.php(44): Illuminate/Routing/Controller->callAction()
#28 D:/DiskFiles/Projects/Web/upwork_Invoice_Ninja/reception-par-type/vendor/laravel/framework/src/Illuminate/Routing/Route.php(266): Illuminate/Routing/ControllerDispatcher->dispatch()
#29 D:/DiskFiles/Projects/Web/upwork_Invoice_Ninja/reception-par-type/vendor/laravel/framework/src/Illuminate/Routing/Route.php(212): Illuminate/Routing/Route->runController()
#30 D:/DiskFiles/Projects/Web/upwork_Invoice_Ninja/reception-par-type/vendor/laravel/framework/src/Illuminate/Routing/Router.php(808): Illuminate/Routing/Route->run()
#31 D:/DiskFiles/Projects/Web/upwork_Invoice_Ninja/reception-par-type/vendor/laravel/framework/src/Illuminate/Pipeline/Pipeline.php(170): Illuminate/Routing/Router->Illuminate/Routing/{closure}()
#32 D:/DiskFiles/Projects/Web/upwork_Invoice_Ninja/reception-par-type/app/Http/Middleware/SetLocale.php(87): Illuminate/Pipeline/Pipeline->Illuminate/Pipeline/{closure}()
#33 D:/DiskFiles/Projects/Web/upwork_Invoice_Ninja/reception-par-type/vendor/laravel/framework/src/Illuminate/Pipeline/Pipeline.php(209): App/Http/Middleware/SetLocale->handle()
#34 D:/DiskFiles/Projects/Web/upwork_Invoice_Ninja/reception-par-type/app/Http/Middleware/TrackAffiliate.php(45): Illuminate/Pipeline/Pipeline->Illuminate/Pipeline/{closure}()
#35 D:/DiskFiles/Projects/Web/upwork_Invoice_Ninja/reception-par-type/vendor/laravel/framework/src/Illuminate/Pipeline/Pipeline.php(209): App/Http/Middleware/TrackAffiliate->handle()
#36 D:/DiskFiles/Projects/Web/upwork_Invoice_Ninja/reception-par-type/vendor/laravel/framework/src/Illuminate/Routing/Middleware/SubstituteBindings.php(51): Illuminate/Pipeline/Pipeline->Illuminate/Pipeline/{closure}()
#37 D:/DiskFiles/Projects/Web/upwork_Invoice_Ninja/reception-par-type/vendor/laravel/framework/src/Illuminate/Pipeline/Pipeline.php(209): Illuminate/Routing/Middleware/SubstituteBindings->handle()
#38 D:/DiskFiles/Projects/Web/upwork_Invoice_Ninja/reception-par-type/vendor/laravel/framework/src/Illuminate/Foundation/Http/Middleware/VerifyCsrfToken.php(88): Illuminate/Pipeline/Pipeline->Illuminate/Pipeline/{closure}()
#39 D:/DiskFiles/Projects/Web/upwork_Invoice_Ninja/reception-par-type/vendor/laravel/framework/src/Illuminate/Pipeline/Pipeline.php(209): Illuminate/Foundation/Http/Middleware/VerifyCsrfToken->handle()
#40 D:/DiskFiles/Projects/Web/upwork_Invoice_Ninja/reception-par-type/vendor/laravel/framework/src/Illuminate/View/Middleware/ShareErrorsFromSession.php(49): Illuminate/Pipeline/Pipeline->Illuminate/Pipeline/{closure}()
#41 D:/DiskFiles/Projects/Web/upwork_Invoice_Ninja/reception-par-type/vendor/laravel/framework/src/Illuminate/Pipeline/Pipeline.php(209): Illuminate/View/Middleware/ShareErrorsFromSession->handle()
#42 D:/DiskFiles/Projects/Web/upwork_Invoice_Ninja/reception-par-type/vendor/laravel/framework/src/Illuminate/Session/Middleware/StartSession.php(121): Illuminate/Pipeline/Pipeline->Illuminate/Pipeline/{closure}()
#43 D:/DiskFiles/Projects/Web/upwork_Invoice_Ninja/reception-par-type/vendor/laravel/framework/src/Illuminate/Session/Middleware/StartSession.php(64): Illuminate/Session/Middleware/StartSession->handleStatefulRequest()
#44 D:/DiskFiles/Projects/Web/upwork_Invoice_Ninja/reception-par-type/vendor/laravel/framework/src/Illuminate/Pipeline/Pipeline.php(209): Illuminate/Session/Middleware/StartSession->handle()
#45 D:/DiskFiles/Projects/Web/upwork_Invoice_Ninja/reception-par-type/vendor/laravel/framework/src/Illuminate/Cookie/Middleware/AddQueuedCookiesToResponse.php(37): Illuminate/Pipeline/Pipeline->Illuminate/Pipeline/{closure}()
#46 D:/DiskFiles/Projects/Web/upwork_Invoice_Ninja/reception-par-type/vendor/laravel/framework/src/Illuminate/Pipeline/Pipeline.php(209): Illuminate/Cookie/Middleware/AddQueuedCookiesToResponse->handle()
#47 D:/DiskFiles/Projects/Web/upwork_Invoice_Ninja/reception-par-type/vendor/laravel/framework/src/Illuminate/Cookie/Middleware/EncryptCookies.php(75): Illuminate/Pipeline/Pipeline->Illuminate/Pipeline/{closure}()
#48 D:/DiskFiles/Projects/Web/upwork_Invoice_Ninja/reception-par-type/vendor/laravel/framework/src/Illuminate/Pipeline/Pipeline.php(209): Illuminate/Cookie/Middleware/EncryptCookies->handle()
#49 D:/DiskFiles/Projects/Web/upwork_Invoice_Ninja/reception-par-type/vendor/laravel/framework/src/Illuminate/Pipeline/Pipeline.php(127): Illuminate/Pipeline/Pipeline->Illuminate/Pipeline/{closure}()
#50 D:/DiskFiles/Projects/Web/upwork_Invoice_Ninja/reception-par-type/vendor/laravel/framework/src/Illuminate/Routing/Router.php(807): Illuminate/Pipeline/Pipeline->then()
#51 D:/DiskFiles/Projects/Web/upwork_Invoice_Ninja/reception-par-type/vendor/laravel/framework/src/Illuminate/Routing/Router.php(786): Illuminate/Routing/Router->runRouteWithinStack()
#52 D:/DiskFiles/Projects/Web/upwork_Invoice_Ninja/reception-par-type/vendor/laravel/framework/src/Illuminate/Routing/Router.php(750): Illuminate/Routing/Router->runRoute()
#53 D:/DiskFiles/Projects/Web/upwork_Invoice_Ninja/reception-par-type/vendor/laravel/framework/src/Illuminate/Routing/Router.php(739): Illuminate/Routing/Router->dispatchToRoute()
#54 D:/DiskFiles/Projects/Web/upwork_Invoice_Ninja/reception-par-type/vendor/laravel/framework/src/Illuminate/Foundation/Http/Kernel.php(201): Illuminate/Routing/Router->dispatch()
#55 D:/DiskFiles/Projects/Web/upwork_Invoice_Ninja/reception-par-type/vendor/laravel/framework/src/Illuminate/Pipeline/Pipeline.php(170): Illuminate/Foundation/Http/Kernel->Illuminate/Foundation/Http/{closure}()
#56 D:/DiskFiles/Projects/Web/upwork_Invoice_Ninja/reception-par-type/vendor/laravel/framework/src/Illuminate/Foundation/Http/Middleware/TransformsRequest.php(21): Illuminate/Pipeline/Pipeline->Illuminate/Pipeline/{closure}()
#57 D:/DiskFiles/Projects/Web/upwork_Invoice_Ninja/reception-par-type/vendor/laravel/framework/src/Illuminate/Foundation/Http/Middleware/ConvertEmptyStringsToNull.php(31): Illuminate/Foundation/Http/Middleware/TransformsRequest->handle()
#58 D:/DiskFiles/Projects/Web/upwork_Invoice_Ninja/reception-par-type/vendor/laravel/framework/src/Illuminate/Pipeline/Pipeline.php(209): Illuminate/Foundation/Http/Middleware/ConvertEmptyStringsToNull->handle()
#59 D:/DiskFiles/Projects/Web/upwork_Invoice_Ninja/reception-par-type/vendor/laravel/framework/src/Illuminate/Foundation/Http/Middleware/TransformsRequest.php(21): Illuminate/Pipeline/Pipeline->Illuminate/Pipeline/{closure}()
#60 D:/DiskFiles/Projects/Web/upwork_Invoice_Ninja/reception-par-type/vendor/laravel/framework/src/Illuminate/Foundation/Http/Middleware/TrimStrings.php(51): Illuminate/Foundation/Http/Middleware/TransformsRequest->handle()
#61 D:/DiskFiles/Projects/Web/upwork_Invoice_Ninja/reception-par-type/vendor/laravel/framework/src/Illuminate/Pipeline/Pipeline.php(209): Illuminate/Foundation/Http/Middleware/TrimStrings->handle()
#62 D:/DiskFiles/Projects/Web/upwork_Invoice_Ninja/reception-par-type/vendor/laravel/framework/src/Illuminate/Http/Middleware/ValidatePostSize.php(27): Illuminate/Pipeline/Pipeline->Illuminate/Pipeline/{closure}()
#63 D:/DiskFiles/Projects/Web/upwork_Invoice_Ninja/reception-par-type/vendor/laravel/framework/src/Illuminate/Pipeline/Pipeline.php(209): Illuminate/Http/Middleware/ValidatePostSize->handle()
#64 D:/DiskFiles/Projects/Web/upwork_Invoice_Ninja/reception-par-type/vendor/laravel/framework/src/Illuminate/Foundation/Http/Middleware/PreventRequestsDuringMaintenance.php(110): Illuminate/Pipeline/Pipeline->Illuminate/Pipeline/{closure}()
#65 D:/DiskFiles/Projects/Web/upwork_Invoice_Ninja/reception-par-type/vendor/laravel/framework/src/Illuminate/Pipeline/Pipeline.php(209): Illuminate/Foundation/Http/Middleware/PreventRequestsDuringMaintenance->handle()
#66 D:/DiskFiles/Projects/Web/upwork_Invoice_Ninja/reception-par-type/vendor/laravel/framework/src/Illuminate/Http/Middleware/HandleCors.php(49): Illuminate/Pipeline/Pipeline->Illuminate/Pipeline/{closure}()
#67 D:/DiskFiles/Projects/Web/upwork_Invoice_Ninja/reception-par-type/vendor/laravel/framework/src/Illuminate/Pipeline/Pipeline.php(209): Illuminate/Http/Middleware/HandleCors->handle()
#68 D:/DiskFiles/Projects/Web/upwork_Invoice_Ninja/reception-par-type/vendor/laravel/framework/src/Illuminate/Http/Middleware/TrustProxies.php(58): Illuminate/Pipeline/Pipeline->Illuminate/Pipeline/{closure}()
#69 D:/DiskFiles/Projects/Web/upwork_Invoice_Ninja/reception-par-type/vendor/laravel/framework/src/Illuminate/Pipeline/Pipeline.php(209): Illuminate/Http/Middleware/TrustProxies->handle()
#70 D:/DiskFiles/Projects/Web/upwork_Invoice_Ninja/reception-par-type/vendor/laravel/framework/src/Illuminate/Foundation/Http/Middleware/InvokeDeferredCallbacks.php(22): Illuminate/Pipeline/Pipeline->Illuminate/Pipeline/{closure}()
#71 D:/DiskFiles/Projects/Web/upwork_Invoice_Ninja/reception-par-type/vendor/laravel/framework/src/Illuminate/Pipeline/Pipeline.php(209): Illuminate/Foundation/Http/Middleware/InvokeDeferredCallbacks->handle()
#72 D:/DiskFiles/Projects/Web/upwork_Invoice_Ninja/reception-par-type/vendor/laravel/framework/src/Illuminate/Pipeline/Pipeline.php(127): Illuminate/Pipeline/Pipeline->Illuminate/Pipeline/{closure}()
#73 D:/DiskFiles/Projects/Web/upwork_Invoice_Ninja/reception-par-type/vendor/laravel/framework/src/Illuminate/Foundation/Http/Kernel.php(176): Illuminate/Pipeline/Pipeline->then()
#74 D:/DiskFiles/Projects/Web/upwork_Invoice_Ninja/reception-par-type/vendor/laravel/framework/src/Illuminate/Foundation/Http/Kernel.php(145): Illuminate/Foundation/Http/Kernel->sendRequestThroughRouter()
#75 D:/DiskFiles/Projects/Web/upwork_Invoice_Ninja/reception-par-type/vendor/laravel/framework/src/Illuminate/Foundation/Application.php(1220): Illuminate/Foundation/Http/Kernel->handle()
#76 D:/DiskFiles/Projects/Web/upwork_Invoice_Ninja/reception-par-type/public/index.php(18): Illuminate/Foundation/Application->handleRequest()
#77 D:/DiskFiles/Projects/Web/upwork_Invoice_Ninja/reception-par-type/vendor/laravel/framework/src/Illuminate/Foundation/resources/server.php(23): require_once('...')
#78 {main}
"} 
[2026-06-24 13:55:41] production.ERROR: SQLSTATE[HY000] [2002] A connection attempt failed because the connected party did not properly respond after a period of time, or established connection failed because connected host has failed to respond (Connection: mysql, SQL: select count(*) as aggregate from `vehicles` where `is_active` = 1 and (`marque` like %BMW% or `modele` like %BMW% or `variante` like %BMW%) and `vehicles`.`deleted_at` is null) {"exception":"[object] (Illuminate\\Database\\QueryException(code: 2002): SQLSTATE[HY000] [2002] A connection attempt failed because the connected party did not properly respond after a period of time, or established connection failed because connected host has failed to respond (Connection: mysql, SQL: select count(*) as aggregate from `vehicles` where `is_active` = 1 and (`marque` like %BMW% or `modele` like %BMW% or `variante` like %BMW%) and `vehicles`.`deleted_at` is null) at D:/DiskFiles/Projects/Web/upwork_Invoice_Ninja/reception-par-type/vendor/laravel/framework/src/Illuminate/Database/Connection.php:825)
[stacktrace]
#0 D:/DiskFiles/Projects/Web/upwork_Invoice_Ninja/reception-par-type/vendor/laravel/framework/src/Illuminate/Database/Connection.php(979): Illuminate/Database/Connection->runQueryCallback()
#1 D:/DiskFiles/Projects/Web/upwork_Invoice_Ninja/reception-par-type/vendor/laravel/framework/src/Illuminate/Database/Connection.php(958): Illuminate/Database/Connection->tryAgainIfCausedByLostConnection()
#2 D:/DiskFiles/Projects/Web/upwork_Invoice_Ninja/reception-par-type/vendor/laravel/framework/src/Illuminate/Database/Connection.php(781): Illuminate/Database/Connection->handleQueryException()
#3 D:/DiskFiles/Projects/Web/upwork_Invoice_Ninja/reception-par-type/vendor/laravel/framework/src/Illuminate/Database/Connection.php(398): Illuminate/Database/Connection->run()
#4 D:/DiskFiles/Projects/Web/upwork_Invoice_Ninja/reception-par-type/vendor/laravel/framework/src/Illuminate/Database/Query/Builder.php(3106): Illuminate/Database/Connection->select()
#5 D:/DiskFiles/Projects/Web/upwork_Invoice_Ninja/reception-par-type/vendor/laravel/framework/src/Illuminate/Database/Query/Builder.php(3091): Illuminate/Database/Query/Builder->runSelect()
#6 D:/DiskFiles/Projects/Web/upwork_Invoice_Ninja/reception-par-type/vendor/laravel/framework/src/Illuminate/Database/Query/Builder.php(3676): Illuminate/Database/Query/Builder->Illuminate/Database/Query/{closure}()
#7 D:/DiskFiles/Projects/Web/upwork_Invoice_Ninja/reception-par-type/vendor/laravel/framework/src/Illuminate/Database/Query/Builder.php(3090): Illuminate/Database/Query/Builder->onceWithColumns()
#8 D:/DiskFiles/Projects/Web/upwork_Invoice_Ninja/reception-par-type/vendor/laravel/framework/src/Illuminate/Database/Query/Builder.php(3285): Illuminate/Database/Query/Builder->get()
#9 D:/DiskFiles/Projects/Web/upwork_Invoice_Ninja/reception-par-type/vendor/laravel/framework/src/Illuminate/Database/Query/Builder.php(3244): Illuminate/Database/Query/Builder->runPaginationCountQuery()
#10 D:/DiskFiles/Projects/Web/upwork_Invoice_Ninja/reception-par-type/vendor/laravel/framework/src/Illuminate/Database/Eloquent/Builder.php(1029): Illuminate/Database/Query/Builder->getCountForPagination()
#11 D:/DiskFiles/Projects/Web/upwork_Invoice_Ninja/reception-par-type/app/Http/Controllers/SearchController.php(116): Illuminate/Database/Eloquent/Builder->paginate()
#12 D:/DiskFiles/Projects/Web/upwork_Invoice_Ninja/reception-par-type/vendor/laravel/framework/src/Illuminate/Routing/Controller.php(54): App/Http/Controllers/SearchController->results()
#13 D:/DiskFiles/Projects/Web/upwork_Invoice_Ninja/reception-par-type/vendor/laravel/framework/src/Illuminate/Routing/ControllerDispatcher.php(44): Illuminate/Routing/Controller->callAction()
#14 D:/DiskFiles/Projects/Web/upwork_Invoice_Ninja/reception-par-type/vendor/laravel/framework/src/Illuminate/Routing/Route.php(266): Illuminate/Routing/ControllerDispatcher->dispatch()
#15 D:/DiskFiles/Projects/Web/upwork_Invoice_Ninja/reception-par-type/vendor/laravel/framework/src/Illuminate/Routing/Route.php(212): Illuminate/Routing/Route->runController()
#16 D:/DiskFiles/Projects/Web/upwork_Invoice_Ninja/reception-par-type/vendor/laravel/framework/src/Illuminate/Routing/Router.php(808): Illuminate/Routing/Route->run()
#17 D:/DiskFiles/Projects/Web/upwork_Invoice_Ninja/reception-par-type/vendor/laravel/framework/src/Illuminate/Pipeline/Pipeline.php(170): Illuminate/Routing/Router->Illuminate/Routing/{closure}()
#18 D:/DiskFiles/Projects/Web/upwork_Invoice_Ninja/reception-par-type/app/Http/Middleware/SetLocale.php(87): Illuminate/Pipeline/Pipeline->Illuminate/Pipeline/{closure}()
#19 D:/DiskFiles/Projects/Web/upwork_Invoice_Ninja/reception-par-type/vendor/laravel/framework/src/Illuminate/Pipeline/Pipeline.php(209): App/Http/Middleware/SetLocale->handle()
#20 D:/DiskFiles/Projects/Web/upwork_Invoice_Ninja/reception-par-type/app/Http/Middleware/TrackAffiliate.php(45): Illuminate/Pipeline/Pipeline->Illuminate/Pipeline/{closure}()
#21 D:/DiskFiles/Projects/Web/upwork_Invoice_Ninja/reception-par-type/vendor/laravel/framework/src/Illuminate/Pipeline/Pipeline.php(209): App/Http/Middleware/TrackAffiliate->handle()
#22 D:/DiskFiles/Projects/Web/upwork_Invoice_Ninja/reception-par-type/vendor/laravel/framework/src/Illuminate/Routing/Middleware/SubstituteBindings.php(51): Illuminate/Pipeline/Pipeline->Illuminate/Pipeline/{closure}()
#23 D:/DiskFiles/Projects/Web/upwork_Invoice_Ninja/reception-par-type/vendor/laravel/framework/src/Illuminate/Pipeline/Pipeline.php(209): Illuminate/Routing/Middleware/SubstituteBindings->handle()
#24 D:/DiskFiles/Projects/Web/upwork_Invoice_Ninja/reception-par-type/vendor/laravel/framework/src/Illuminate/Foundation/Http/Middleware/VerifyCsrfToken.php(88): Illuminate/Pipeline/Pipeline->Illuminate/Pipeline/{closure}()
#25 D:/DiskFiles/Projects/Web/upwork_Invoice_Ninja/reception-par-type/vendor/laravel/framework/src/Illuminate/Pipeline/Pipeline.php(209): Illuminate/Foundation/Http/Middleware/VerifyCsrfToken->handle()
#26 D:/DiskFiles/Projects/Web/upwork_Invoice_Ninja/reception-par-type/vendor/laravel/framework/src/Illuminate/View/Middleware/ShareErrorsFromSession.php(49): Illuminate/Pipeline/Pipeline->Illuminate/Pipeline/{closure}()
#27 D:/DiskFiles/Projects/Web/upwork_Invoice_Ninja/reception-par-type/vendor/laravel/framework/src/Illuminate/Pipeline/Pipeline.php(209): Illuminate/View/Middleware/ShareErrorsFromSession->handle()
#28 D:/DiskFiles/Projects/Web/upwork_Invoice_Ninja/reception-par-type/vendor/laravel/framework/src/Illuminate/Session/Middleware/StartSession.php(121): Illuminate/Pipeline/Pipeline->Illuminate/Pipeline/{closure}()
#29 D:/DiskFiles/Projects/Web/upwork_Invoice_Ninja/reception-par-type/vendor/laravel/framework/src/Illuminate/Session/Middleware/StartSession.php(64): Illuminate/Session/Middleware/StartSession->handleStatefulRequest()
#30 D:/DiskFiles/Projects/Web/upwork_Invoice_Ninja/reception-par-type/vendor/laravel/framework/src/Illuminate/Pipeline/Pipeline.php(209): Illuminate/Session/Middleware/StartSession->handle()
#31 D:/DiskFiles/Projects/Web/upwork_Invoice_Ninja/reception-par-type/vendor/laravel/framework/src/Illuminate/Cookie/Middleware/AddQueuedCookiesToResponse.php(37): Illuminate/Pipeline/Pipeline->Illuminate/Pipeline/{closure}()
#32 D:/DiskFiles/Projects/Web/upwork_Invoice_Ninja/reception-par-type/vendor/laravel/framework/src/Illuminate/Pipeline/Pipeline.php(209): Illuminate/Cookie/Middleware/AddQueuedCookiesToResponse->handle()
#33 D:/DiskFiles/Projects/Web/upwork_Invoice_Ninja/reception-par-type/vendor/laravel/framework/src/Illuminate/Cookie/Middleware/EncryptCookies.php(75): Illuminate/Pipeline/Pipeline->Illuminate/Pipeline/{closure}()
#34 D:/DiskFiles/Projects/Web/upwork_Invoice_Ninja/reception-par-type/vendor/laravel/framework/src/Illuminate/Pipeline/Pipeline.php(209): Illuminate/Cookie/Middleware/EncryptCookies->handle()
#35 D:/DiskFiles/Projects/Web/upwork_Invoice_Ninja/reception-par-type/vendor/laravel/framework/src/Illuminate/Pipeline/Pipeline.php(127): Illuminate/Pipeline/Pipeline->Illuminate/Pipeline/{closure}()
#36 D:/DiskFiles/Projects/Web/upwork_Invoice_Ninja/reception-par-type/vendor/laravel/framework/src/Illuminate/Routing/Router.php(807): Illuminate/Pipeline/Pipeline->then()
#37 D:/DiskFiles/Projects/Web/upwork_Invoice_Ninja/reception-par-type/vendor/laravel/framework/src/Illuminate/Routing/Router.php(786): Illuminate/Routing/Router->runRouteWithinStack()
#38 D:/DiskFiles/Projects/Web/upwork_Invoice_Ninja/reception-par-type/vendor/laravel/framework/src/Illuminate/Routing/Router.php(750): Illuminate/Routing/Router->runRoute()
#39 D:/DiskFiles/Projects/Web/upwork_Invoice_Ninja/reception-par-type/vendor/laravel/framework/src/Illuminate/Routing/Router.php(739): Illuminate/Routing/Router->dispatchToRoute()
#40 D:/DiskFiles/Projects/Web/upwork_Invoice_Ninja/reception-par-type/vendor/laravel/framework/src/Illuminate/Foundation/Http/Kernel.php(201): Illuminate/Routing/Router->dispatch()
#41 D:/DiskFiles/Projects/Web/upwork_Invoice_Ninja/reception-par-type/vendor/laravel/framework/src/Illuminate/Pipeline/Pipeline.php(170): Illuminate/Foundation/Http/Kernel->Illuminate/Foundation/Http/{closure}()
#42 D:/DiskFiles/Projects/Web/upwork_Invoice_Ninja/reception-par-type/vendor/laravel/framework/src/Illuminate/Foundation/Http/Middleware/TransformsRequest.php(21): Illuminate/Pipeline/Pipeline->Illuminate/Pipeline/{closure}()
#43 D:/DiskFiles/Projects/Web/upwork_Invoice_Ninja/reception-par-type/vendor/laravel/framework/src/Illuminate/Foundation/Http/Middleware/ConvertEmptyStringsToNull.php(31): Illuminate/Foundation/Http/Middleware/TransformsRequest->handle()
#44 D:/DiskFiles/Projects/Web/upwork_Invoice_Ninja/reception-par-type/vendor/laravel/framework/src/Illuminate/Pipeline/Pipeline.php(209): Illuminate/Foundation/Http/Middleware/ConvertEmptyStringsToNull->handle()
#45 D:/DiskFiles/Projects/Web/upwork_Invoice_Ninja/reception-par-type/vendor/laravel/framework/src/Illuminate/Foundation/Http/Middleware/TransformsRequest.php(21): Illuminate/Pipeline/Pipeline->Illuminate/Pipeline/{closure}()
#46 D:/DiskFiles/Projects/Web/upwork_Invoice_Ninja/reception-par-type/vendor/laravel/framework/src/Illuminate/Foundation/Http/Middleware/TrimStrings.php(51): Illuminate/Foundation/Http/Middleware/TransformsRequest->handle()
#47 D:/DiskFiles/Projects/Web/upwork_Invoice_Ninja/reception-par-type/vendor/laravel/framework/src/Illuminate/Pipeline/Pipeline.php(209): Illuminate/Foundation/Http/Middleware/TrimStrings->handle()
#48 D:/DiskFiles/Projects/Web/upwork_Invoice_Ninja/reception-par-type/vendor/laravel/framework/src/Illuminate/Http/Middleware/ValidatePostSize.php(27): Illuminate/Pipeline/Pipeline->Illuminate/Pipeline/{closure}()
#49 D:/DiskFiles/Projects/Web/upwork_Invoice_Ninja/reception-par-type/vendor/laravel/framework/src/Illuminate/Pipeline/Pipeline.php(209): Illuminate/Http/Middleware/ValidatePostSize->handle()
#50 D:/DiskFiles/Projects/Web/upwork_Invoice_Ninja/reception-par-type/vendor/laravel/framework/src/Illuminate/Foundation/Http/Middleware/PreventRequestsDuringMaintenance.php(110): Illuminate/Pipeline/Pipeline->Illuminate/Pipeline/{closure}()
#51 D:/DiskFiles/Projects/Web/upwork_Invoice_Ninja/reception-par-type/vendor/laravel/framework/src/Illuminate/Pipeline/Pipeline.php(209): Illuminate/Foundation/Http/Middleware/PreventRequestsDuringMaintenance->handle()
#52 D:/DiskFiles/Projects/Web/upwork_Invoice_Ninja/reception-par-type/vendor/laravel/framework/src/Illuminate/Http/Middleware/HandleCors.php(49): Illuminate/Pipeline/Pipeline->Illuminate/Pipeline/{closure}()
#53 D:/DiskFiles/Projects/Web/upwork_Invoice_Ninja/reception-par-type/vendor/laravel/framework/src/Illuminate/Pipeline/Pipeline.php(209): Illuminate/Http/Middleware/HandleCors->handle()
#54 D:/DiskFiles/Projects/Web/upwork_Invoice_Ninja/reception-par-type/vendor/laravel/framework/src/Illuminate/Http/Middleware/TrustProxies.php(58): Illuminate/Pipeline/Pipeline->Illuminate/Pipeline/{closure}()
#55 D:/DiskFiles/Projects/Web/upwork_Invoice_Ninja/reception-par-type/vendor/laravel/framework/src/Illuminate/Pipeline/Pipeline.php(209): Illuminate/Http/Middleware/TrustProxies->handle()
#56 D:/DiskFiles/Projects/Web/upwork_Invoice_Ninja/reception-par-type/vendor/laravel/framework/src/Illuminate/Foundation/Http/Middleware/InvokeDeferredCallbacks.php(22): Illuminate/Pipeline/Pipeline->Illuminate/Pipeline/{closure}()
#57 D:/DiskFiles/Projects/Web/upwork_Invoice_Ninja/reception-par-type/vendor/laravel/framework/src/Illuminate/Pipeline/Pipeline.php(209): Illuminate/Foundation/Http/Middleware/InvokeDeferredCallbacks->handle()
#58 D:/DiskFiles/Projects/Web/upwork_Invoice_Ninja/reception-par-type/vendor/laravel/framework/src/Illuminate/Pipeline/Pipeline.php(127): Illuminate/Pipeline/Pipeline->Illuminate/Pipeline/{closure}()
#59 D:/DiskFiles/Projects/Web/upwork_Invoice_Ninja/reception-par-type/vendor/laravel/framework/src/Illuminate/Foundation/Http/Kernel.php(176): Illuminate/Pipeline/Pipeline->then()
#60 D:/DiskFiles/Projects/Web/upwork_Invoice_Ninja/reception-par-type/vendor/laravel/framework/src/Illuminate/Foundation/Http/Kernel.php(145): Illuminate/Foundation/Http/Kernel->sendRequestThroughRouter()
#61 D:/DiskFiles/Projects/Web/upwork_Invoice_Ninja/reception-par-type/vendor/laravel/framework/src/Illuminate/Foundation/Application.php(1220): Illuminate/Foundation/Http/Kernel->handle()
#62 D:/DiskFiles/Projects/Web/upwork_Invoice_Ninja/reception-par-type/public/index.php(18): Illuminate/Foundation/Application->handleRequest()
#63 D:/DiskFiles/Projects/Web/upwork_Invoice_Ninja/reception-par-type/vendor/laravel/framework/src/Illuminate/Foundation/resources/server.php(23): require_once('...')
#64 {main}

[previous exception] [object] (PDOException(code: 2002): SQLSTATE[HY000] [2002] A connection attempt failed because the connected party did not properly respond after a period of time, or established connection failed because connected host has failed to respond at D:/DiskFiles/Projects/Web/upwork_Invoice_Ninja/reception-par-type/vendor/laravel/framework/src/Illuminate/Database/Connectors/Connector.php:66)
[stacktrace]
#0 D:/DiskFiles/Projects/Web/upwork_Invoice_Ninja/reception-par-type/vendor/laravel/framework/src/Illuminate/Database/Connectors/Connector.php(66): PDO->__construct()
#1 D:/DiskFiles/Projects/Web/upwork_Invoice_Ninja/reception-par-type/vendor/laravel/framework/src/Illuminate/Database/Connectors/Connector.php(85): Illuminate/Database/Connectors/Connector->createPdoConnection()
#2 D:/DiskFiles/Projects/Web/upwork_Invoice_Ninja/reception-par-type/vendor/laravel/framework/src/Illuminate/Database/Connectors/Connector.php(48): Illuminate/Database/Connectors/Connector->tryAgainIfCausedByLostConnection()
#3 D:/DiskFiles/Projects/Web/upwork_Invoice_Ninja/reception-par-type/vendor/laravel/framework/src/Illuminate/Database/Connectors/MySqlConnector.php(24): Illuminate/Database/Connectors/Connector->createConnection()
#4 D:/DiskFiles/Projects/Web/upwork_Invoice_Ninja/reception-par-type/vendor/laravel/framework/src/Illuminate/Database/Connectors/ConnectionFactory.php(185): Illuminate/Database/Connectors/MySqlConnector->connect()
#5 [internal function]: Illuminate/Database/Connectors/ConnectionFactory->Illuminate/Database/Connectors/{closure}()
#6 D:/DiskFiles/Projects/Web/upwork_Invoice_Ninja/reception-par-type/vendor/laravel/framework/src/Illuminate/Database/Connection.php(1231): call_user_func()
#7 D:/DiskFiles/Projects/Web/upwork_Invoice_Ninja/reception-par-type/vendor/laravel/framework/src/Illuminate/Database/Connection.php(1267): Illuminate/Database/Connection->getPdo()
#8 D:/DiskFiles/Projects/Web/upwork_Invoice_Ninja/reception-par-type/vendor/laravel/framework/src/Illuminate/Database/Connection.php(512): Illuminate/Database/Connection->getReadPdo()
#9 D:/DiskFiles/Projects/Web/upwork_Invoice_Ninja/reception-par-type/vendor/laravel/framework/src/Illuminate/Database/Connection.php(407): Illuminate/Database/Connection->getPdoForSelect()
#10 D:/DiskFiles/Projects/Web/upwork_Invoice_Ninja/reception-par-type/vendor/laravel/framework/src/Illuminate/Database/Connection.php(812): Illuminate/Database/Connection->Illuminate/Database/{closure}()
#11 D:/DiskFiles/Projects/Web/upwork_Invoice_Ninja/reception-par-type/vendor/laravel/framework/src/Illuminate/Database/Connection.php(979): Illuminate/Database/Connection->runQueryCallback()
#12 D:/DiskFiles/Projects/Web/upwork_Invoice_Ninja/reception-par-type/vendor/laravel/framework/src/Illuminate/Database/Connection.php(958): Illuminate/Database/Connection->tryAgainIfCausedByLostConnection()
#13 D:/DiskFiles/Projects/Web/upwork_Invoice_Ninja/reception-par-type/vendor/laravel/framework/src/Illuminate/Database/Connection.php(781): Illuminate/Database/Connection->handleQueryException()
#14 D:/DiskFiles/Projects/Web/upwork_Invoice_Ninja/reception-par-type/vendor/laravel/framework/src/Illuminate/Database/Connection.php(398): Illuminate/Database/Connection->run()
#15 D:/DiskFiles/Projects/Web/upwork_Invoice_Ninja/reception-par-type/vendor/laravel/framework/src/Illuminate/Database/Query/Builder.php(3106): Illuminate/Database/Connection->select()
#16 D:/DiskFiles/Projects/Web/upwork_Invoice_Ninja/reception-par-type/vendor/laravel/framework/src/Illuminate/Database/Query/Builder.php(3091): Illuminate/Database/Query/Builder->runSelect()
#17 D:/DiskFiles/Projects/Web/upwork_Invoice_Ninja/reception-par-type/vendor/laravel/framework/src/Illuminate/Database/Query/Builder.php(3676): Illuminate/Database/Query/Builder->Illuminate/Database/Query/{closure}()
#18 D:/DiskFiles/Projects/Web/upwork_Invoice_Ninja/reception-par-type/vendor/laravel/framework/src/Illuminate/Database/Query/Builder.php(3090): Illuminate/Database/Query/Builder->onceWithColumns()
#19 D:/DiskFiles/Projects/Web/upwork_Invoice_Ninja/reception-par-type/vendor/laravel/framework/src/Illuminate/Database/Query/Builder.php(3285): Illuminate/Database/Query/Builder->get()
#20 D:/DiskFiles/Projects/Web/upwork_Invoice_Ninja/reception-par-type/vendor/laravel/framework/src/Illuminate/Database/Query/Builder.php(3244): Illuminate/Database/Query/Builder->runPaginationCountQuery()
#21 D:/DiskFiles/Projects/Web/upwork_Invoice_Ninja/reception-par-type/vendor/laravel/framework/src/Illuminate/Database/Eloquent/Builder.php(1029): Illuminate/Database/Query/Builder->getCountForPagination()
#22 D:/DiskFiles/Projects/Web/upwork_Invoice_Ninja/reception-par-type/app/Http/Controllers/SearchController.php(116): Illuminate/Database/Eloquent/Builder->paginate()
#23 D:/DiskFiles/Projects/Web/upwork_Invoice_Ninja/reception-par-type/vendor/laravel/framework/src/Illuminate/Routing/Controller.php(54): App/Http/Controllers/SearchController->results()
#24 D:/DiskFiles/Projects/Web/upwork_Invoice_Ninja/reception-par-type/vendor/laravel/framework/src/Illuminate/Routing/ControllerDispatcher.php(44): Illuminate/Routing/Controller->callAction()
#25 D:/DiskFiles/Projects/Web/upwork_Invoice_Ninja/reception-par-type/vendor/laravel/framework/src/Illuminate/Routing/Route.php(266): Illuminate/Routing/ControllerDispatcher->dispatch()
#26 D:/DiskFiles/Projects/Web/upwork_Invoice_Ninja/reception-par-type/vendor/laravel/framework/src/Illuminate/Routing/Route.php(212): Illuminate/Routing/Route->runController()
#27 D:/DiskFiles/Projects/Web/upwork_Invoice_Ninja/reception-par-type/vendor/laravel/framework/src/Illuminate/Routing/Router.php(808): Illuminate/Routing/Route->run()
#28 D:/DiskFiles/Projects/Web/upwork_Invoice_Ninja/reception-par-type/vendor/laravel/framework/src/Illuminate/Pipeline/Pipeline.php(170): Illuminate/Routing/Router->Illuminate/Routing/{closure}()
#29 D:/DiskFiles/Projects/Web/upwork_Invoice_Ninja/reception-par-type/app/Http/Middleware/SetLocale.php(87): Illuminate/Pipeline/Pipeline->Illuminate/Pipeline/{closure}()
#30 D:/DiskFiles/Projects/Web/upwork_Invoice_Ninja/reception-par-type/vendor/laravel/framework/src/Illuminate/Pipeline/Pipeline.php(209): App/Http/Middleware/SetLocale->handle()
#31 D:/DiskFiles/Projects/Web/upwork_Invoice_Ninja/reception-par-type/app/Http/Middleware/TrackAffiliate.php(45): Illuminate/Pipeline/Pipeline->Illuminate/Pipeline/{closure}()
#32 D:/DiskFiles/Projects/Web/upwork_Invoice_Ninja/reception-par-type/vendor/laravel/framework/src/Illuminate/Pipeline/Pipeline.php(209): App/Http/Middleware/TrackAffiliate->handle()
#33 D:/DiskFiles/Projects/Web/upwork_Invoice_Ninja/reception-par-type/vendor/laravel/framework/src/Illuminate/Routing/Middleware/SubstituteBindings.php(51): Illuminate/Pipeline/Pipeline->Illuminate/Pipeline/{closure}()
#34 D:/DiskFiles/Projects/Web/upwork_Invoice_Ninja/reception-par-type/vendor/laravel/framework/src/Illuminate/Pipeline/Pipeline.php(209): Illuminate/Routing/Middleware/SubstituteBindings->handle()
#35 D:/DiskFiles/Projects/Web/upwork_Invoice_Ninja/reception-par-type/vendor/laravel/framework/src/Illuminate/Foundation/Http/Middleware/VerifyCsrfToken.php(88): Illuminate/Pipeline/Pipeline->Illuminate/Pipeline/{closure}()
#36 D:/DiskFiles/Projects/Web/upwork_Invoice_Ninja/reception-par-type/vendor/laravel/framework/src/Illuminate/Pipeline/Pipeline.php(209): Illuminate/Foundation/Http/Middleware/VerifyCsrfToken->handle()
#37 D:/DiskFiles/Projects/Web/upwork_Invoice_Ninja/reception-par-type/vendor/laravel/framework/src/Illuminate/View/Middleware/ShareErrorsFromSession.php(49): Illuminate/Pipeline/Pipeline->Illuminate/Pipeline/{closure}()
#38 D:/DiskFiles/Projects/Web/upwork_Invoice_Ninja/reception-par-type/vendor/laravel/framework/src/Illuminate/Pipeline/Pipeline.php(209): Illuminate/View/Middleware/ShareErrorsFromSession->handle()
#39 D:/DiskFiles/Projects/Web/upwork_Invoice_Ninja/reception-par-type/vendor/laravel/framework/src/Illuminate/Session/Middleware/StartSession.php(121): Illuminate/Pipeline/Pipeline->Illuminate/Pipeline/{closure}()
#40 D:/DiskFiles/Projects/Web/upwork_Invoice_Ninja/reception-par-type/vendor/laravel/framework/src/Illuminate/Session/Middleware/StartSession.php(64): Illuminate/Session/Middleware/StartSession->handleStatefulRequest()
#41 D:/DiskFiles/Projects/Web/upwork_Invoice_Ninja/reception-par-type/vendor/laravel/framework/src/Illuminate/Pipeline/Pipeline.php(209): Illuminate/Session/Middleware/StartSession->handle()
#42 D:/DiskFiles/Projects/Web/upwork_Invoice_Ninja/reception-par-type/vendor/laravel/framework/src/Illuminate/Cookie/Middleware/AddQueuedCookiesToResponse.php(37): Illuminate/Pipeline/Pipeline->Illuminate/Pipeline/{closure}()
#43 D:/DiskFiles/Projects/Web/upwork_Invoice_Ninja/reception-par-type/vendor/laravel/framework/src/Illuminate/Pipeline/Pipeline.php(209): Illuminate/Cookie/Middleware/AddQueuedCookiesToResponse->handle()
#44 D:/DiskFiles/Projects/Web/upwork_Invoice_Ninja/reception-par-type/vendor/laravel/framework/src/Illuminate/Cookie/Middleware/EncryptCookies.php(75): Illuminate/Pipeline/Pipeline->Illuminate/Pipeline/{closure}()
#45 D:/DiskFiles/Projects/Web/upwork_Invoice_Ninja/reception-par-type/vendor/laravel/framework/src/Illuminate/Pipeline/Pipeline.php(209): Illuminate/Cookie/Middleware/EncryptCookies->handle()
#46 D:/DiskFiles/Projects/Web/upwork_Invoice_Ninja/reception-par-type/vendor/laravel/framework/src/Illuminate/Pipeline/Pipeline.php(127): Illuminate/Pipeline/Pipeline->Illuminate/Pipeline/{closure}()
#47 D:/DiskFiles/Projects/Web/upwork_Invoice_Ninja/reception-par-type/vendor/laravel/framework/src/Illuminate/Routing/Router.php(807): Illuminate/Pipeline/Pipeline->then()
#48 D:/DiskFiles/Projects/Web/upwork_Invoice_Ninja/reception-par-type/vendor/laravel/framework/src/Illuminate/Routing/Router.php(786): Illuminate/Routing/Router->runRouteWithinStack()
#49 D:/DiskFiles/Projects/Web/upwork_Invoice_Ninja/reception-par-type/vendor/laravel/framework/src/Illuminate/Routing/Router.php(750): Illuminate/Routing/Router->runRoute()
#50 D:/DiskFiles/Projects/Web/upwork_Invoice_Ninja/reception-par-type/vendor/laravel/framework/src/Illuminate/Routing/Router.php(739): Illuminate/Routing/Router->dispatchToRoute()
#51 D:/DiskFiles/Projects/Web/upwork_Invoice_Ninja/reception-par-type/vendor/laravel/framework/src/Illuminate/Foundation/Http/Kernel.php(201): Illuminate/Routing/Router->dispatch()
#52 D:/DiskFiles/Projects/Web/upwork_Invoice_Ninja/reception-par-type/vendor/laravel/framework/src/Illuminate/Pipeline/Pipeline.php(170): Illuminate/Foundation/Http/Kernel->Illuminate/Foundation/Http/{closure}()
#53 D:/DiskFiles/Projects/Web/upwork_Invoice_Ninja/reception-par-type/vendor/laravel/framework/src/Illuminate/Foundation/Http/Middleware/TransformsRequest.php(21): Illuminate/Pipeline/Pipeline->Illuminate/Pipeline/{closure}()
#54 D:/DiskFiles/Projects/Web/upwork_Invoice_Ninja/reception-par-type/vendor/laravel/framework/src/Illuminate/Foundation/Http/Middleware/ConvertEmptyStringsToNull.php(31): Illuminate/Foundation/Http/Middleware/TransformsRequest->handle()
#55 D:/DiskFiles/Projects/Web/upwork_Invoice_Ninja/reception-par-type/vendor/laravel/framework/src/Illuminate/Pipeline/Pipeline.php(209): Illuminate/Foundation/Http/Middleware/ConvertEmptyStringsToNull->handle()
#56 D:/DiskFiles/Projects/Web/upwork_Invoice_Ninja/reception-par-type/vendor/laravel/framework/src/Illuminate/Foundation/Http/Middleware/TransformsRequest.php(21): Illuminate/Pipeline/Pipeline->Illuminate/Pipeline/{closure}()
#57 D:/DiskFiles/Projects/Web/upwork_Invoice_Ninja/reception-par-type/vendor/laravel/framework/src/Illuminate/Foundation/Http/Middleware/TrimStrings.php(51): Illuminate/Foundation/Http/Middleware/TransformsRequest->handle()
#58 D:/DiskFiles/Projects/Web/upwork_Invoice_Ninja/reception-par-type/vendor/laravel/framework/src/Illuminate/Pipeline/Pipeline.php(209): Illuminate/Foundation/Http/Middleware/TrimStrings->handle()
#59 D:/DiskFiles/Projects/Web/upwork_Invoice_Ninja/reception-par-type/vendor/laravel/framework/src/Illuminate/Http/Middleware/ValidatePostSize.php(27): Illuminate/Pipeline/Pipeline->Illuminate/Pipeline/{closure}()
#60 D:/DiskFiles/Projects/Web/upwork_Invoice_Ninja/reception-par-type/vendor/laravel/framework/src/Illuminate/Pipeline/Pipeline.php(209): Illuminate/Http/Middleware/ValidatePostSize->handle()
#61 D:/DiskFiles/Projects/Web/upwork_Invoice_Ninja/reception-par-type/vendor/laravel/framework/src/Illuminate/Foundation/Http/Middleware/PreventRequestsDuringMaintenance.php(110): Illuminate/Pipeline/Pipeline->Illuminate/Pipeline/{closure}()
#62 D:/DiskFiles/Projects/Web/upwork_Invoice_Ninja/reception-par-type/vendor/laravel/framework/src/Illuminate/Pipeline/Pipeline.php(209): Illuminate/Foundation/Http/Middleware/PreventRequestsDuringMaintenance->handle()
#63 D:/DiskFiles/Projects/Web/upwork_Invoice_Ninja/reception-par-type/vendor/laravel/framework/src/Illuminate/Http/Middleware/HandleCors.php(49): Illuminate/Pipeline/Pipeline->Illuminate/Pipeline/{closure}()
#64 D:/DiskFiles/Projects/Web/upwork_Invoice_Ninja/reception-par-type/vendor/laravel/framework/src/Illuminate/Pipeline/Pipeline.php(209): Illuminate/Http/Middleware/HandleCors->handle()
#65 D:/DiskFiles/Projects/Web/upwork_Invoice_Ninja/reception-par-type/vendor/laravel/framework/src/Illuminate/Http/Middleware/TrustProxies.php(58): Illuminate/Pipeline/Pipeline->Illuminate/Pipeline/{closure}()
#66 D:/DiskFiles/Projects/Web/upwork_Invoice_Ninja/reception-par-type/vendor/laravel/framework/src/Illuminate/Pipeline/Pipeline.php(209): Illuminate/Http/Middleware/TrustProxies->handle()
#67 D:/DiskFiles/Projects/Web/upwork_Invoice_Ninja/reception-par-type/vendor/laravel/framework/src/Illuminate/Foundation/Http/Middleware/InvokeDeferredCallbacks.php(22): Illuminate/Pipeline/Pipeline->Illuminate/Pipeline/{closure}()
#68 D:/DiskFiles/Projects/Web/upwork_Invoice_Ninja/reception-par-type/vendor/laravel/framework/src/Illuminate/Pipeline/Pipeline.php(209): Illuminate/Foundation/Http/Middleware/InvokeDeferredCallbacks->handle()
#69 D:/DiskFiles/Projects/Web/upwork_Invoice_Ninja/reception-par-type/vendor/laravel/framework/src/Illuminate/Pipeline/Pipeline.php(127): Illuminate/Pipeline/Pipeline->Illuminate/Pipeline/{closure}()
#70 D:/DiskFiles/Projects/Web/upwork_Invoice_Ninja/reception-par-type/vendor/laravel/framework/src/Illuminate/Foundation/Http/Kernel.php(176): Illuminate/Pipeline/Pipeline->then()
#71 D:/DiskFiles/Projects/Web/upwork_Invoice_Ninja/reception-par-type/vendor/laravel/framework/src/Illuminate/Foundation/Http/Kernel.php(145): Illuminate/Foundation/Http/Kernel->sendRequestThroughRouter()
#72 D:/DiskFiles/Projects/Web/upwork_Invoice_Ninja/reception-par-type/vendor/laravel/framework/src/Illuminate/Foundation/Application.php(1220): Illuminate/Foundation/Http/Kernel->handle()
#73 D:/DiskFiles/Projects/Web/upwork_Invoice_Ninja/reception-par-type/public/index.php(18): Illuminate/Foundation/Application->handleRequest()
#74 D:/DiskFiles/Projects/Web/upwork_Invoice_Ninja/reception-par-type/vendor/laravel/framework/src/Illuminate/Foundation/resources/server.php(23): require_once('...')
#75 {main}
"} 
[2026-06-24 13:58:42] production.ERROR: SQLSTATE[HY000] [2002] A connection attempt failed because the connected party did not properly respond after a period of time, or established connection failed because connected host has failed to respond (Connection: mysql, SQL: select * from `users` where `email` = nobody@example.com and `users`.`deleted_at` is null limit 1) {"exception":"[object] (Illuminate\\Database\\QueryException(code: 2002): SQLSTATE[HY000] [2002] A connection attempt failed because the connected party did not properly respond after a period of time, or established connection failed because connected host has failed to respond (Connection: mysql, SQL: select * from `users` where `email` = nobody@example.com and `users`.`deleted_at` is null limit 1) at D:/DiskFiles/Projects/Web/upwork_Invoice_Ninja/reception-par-type/vendor/laravel/framework/src/Illuminate/Database/Connection.php:825)
[stacktrace]
#0 D:/DiskFiles/Projects/Web/upwork_Invoice_Ninja/reception-par-type/vendor/laravel/framework/src/Illuminate/Database/Connection.php(979): Illuminate/Database/Connection->runQueryCallback()
#1 D:/DiskFiles/Projects/Web/upwork_Invoice_Ninja/reception-par-type/vendor/laravel/framework/src/Illuminate/Database/Connection.php(958): Illuminate/Database/Connection->tryAgainIfCausedByLostConnection()
#2 D:/DiskFiles/Projects/Web/upwork_Invoice_Ninja/reception-par-type/vendor/laravel/framework/src/Illuminate/Database/Connection.php(781): Illuminate/Database/Connection->handleQueryException()
#3 D:/DiskFiles/Projects/Web/upwork_Invoice_Ninja/reception-par-type/vendor/laravel/framework/src/Illuminate/Database/Connection.php(398): Illuminate/Database/Connection->run()
#4 D:/DiskFiles/Projects/Web/upwork_Invoice_Ninja/reception-par-type/vendor/laravel/framework/src/Illuminate/Database/Query/Builder.php(3106): Illuminate/Database/Connection->select()
#5 D:/DiskFiles/Projects/Web/upwork_Invoice_Ninja/reception-par-type/vendor/laravel/framework/src/Illuminate/Database/Query/Builder.php(3091): Illuminate/Database/Query/Builder->runSelect()
#6 D:/DiskFiles/Projects/Web/upwork_Invoice_Ninja/reception-par-type/vendor/laravel/framework/src/Illuminate/Database/Query/Builder.php(3676): Illuminate/Database/Query/Builder->Illuminate/Database/Query/{closure}()
#7 D:/DiskFiles/Projects/Web/upwork_Invoice_Ninja/reception-par-type/vendor/laravel/framework/src/Illuminate/Database/Query/Builder.php(3090): Illuminate/Database/Query/Builder->onceWithColumns()
#8 D:/DiskFiles/Projects/Web/upwork_Invoice_Ninja/reception-par-type/vendor/laravel/framework/src/Illuminate/Database/Eloquent/Builder.php(811): Illuminate/Database/Query/Builder->get()
#9 D:/DiskFiles/Projects/Web/upwork_Invoice_Ninja/reception-par-type/vendor/laravel/framework/src/Illuminate/Database/Eloquent/Builder.php(793): Illuminate/Database/Eloquent/Builder->getModels()
#10 D:/DiskFiles/Projects/Web/upwork_Invoice_Ninja/reception-par-type/vendor/laravel/framework/src/Illuminate/Database/Concerns/BuildsQueries.php(343): Illuminate/Database/Eloquent/Builder->get()
#11 D:/DiskFiles/Projects/Web/upwork_Invoice_Ninja/reception-par-type/vendor/laravel/framework/src/Illuminate/Auth/EloquentUserProvider.php(139): Illuminate/Database/Eloquent/Builder->first()
#12 D:/DiskFiles/Projects/Web/upwork_Invoice_Ninja/reception-par-type/vendor/laravel/framework/src/Illuminate/Auth/SessionGuard.php(415): Illuminate/Auth/EloquentUserProvider->retrieveByCredentials()
#13 D:/DiskFiles/Projects/Web/upwork_Invoice_Ninja/reception-par-type/vendor/laravel/framework/src/Illuminate/Support/Timebox.php(34): Illuminate/Auth/SessionGuard->Illuminate/Auth/{closure}()
#14 D:/DiskFiles/Projects/Web/upwork_Invoice_Ninja/reception-par-type/vendor/laravel/framework/src/Illuminate/Auth/SessionGuard.php(412): Illuminate/Support/Timebox->call()
#15 D:/DiskFiles/Projects/Web/upwork_Invoice_Ninja/reception-par-type/vendor/laravel/framework/src/Illuminate/Auth/AuthManager.php(340): Illuminate/Auth/SessionGuard->attempt()
#16 D:/DiskFiles/Projects/Web/upwork_Invoice_Ninja/reception-par-type/vendor/laravel/framework/src/Illuminate/Support/Facades/Facade.php(361): Illuminate/Auth/AuthManager->__call()
#17 D:/DiskFiles/Projects/Web/upwork_Invoice_Ninja/reception-par-type/app/Http/Controllers/Auth/LoginController.php(31): Illuminate/Support/Facades/Facade::__callStatic()
#18 D:/DiskFiles/Projects/Web/upwork_Invoice_Ninja/reception-par-type/vendor/laravel/framework/src/Illuminate/Routing/Controller.php(54): App/Http/Controllers/Auth/LoginController->login()
#19 D:/DiskFiles/Projects/Web/upwork_Invoice_Ninja/reception-par-type/vendor/laravel/framework/src/Illuminate/Routing/ControllerDispatcher.php(44): Illuminate/Routing/Controller->callAction()
#20 D:/DiskFiles/Projects/Web/upwork_Invoice_Ninja/reception-par-type/vendor/laravel/framework/src/Illuminate/Routing/Route.php(266): Illuminate/Routing/ControllerDispatcher->dispatch()
#21 D:/DiskFiles/Projects/Web/upwork_Invoice_Ninja/reception-par-type/vendor/laravel/framework/src/Illuminate/Routing/Route.php(212): Illuminate/Routing/Route->runController()
#22 D:/DiskFiles/Projects/Web/upwork_Invoice_Ninja/reception-par-type/vendor/laravel/framework/src/Illuminate/Routing/Router.php(808): Illuminate/Routing/Route->run()
#23 D:/DiskFiles/Projects/Web/upwork_Invoice_Ninja/reception-par-type/vendor/laravel/framework/src/Illuminate/Pipeline/Pipeline.php(170): Illuminate/Routing/Router->Illuminate/Routing/{closure}()
#24 D:/DiskFiles/Projects/Web/upwork_Invoice_Ninja/reception-par-type/app/Http/Middleware/SetLocale.php(87): Illuminate/Pipeline/Pipeline->Illuminate/Pipeline/{closure}()
#25 D:/DiskFiles/Projects/Web/upwork_Invoice_Ninja/reception-par-type/vendor/laravel/framework/src/Illuminate/Pipeline/Pipeline.php(209): App/Http/Middleware/SetLocale->handle()
#26 D:/DiskFiles/Projects/Web/upwork_Invoice_Ninja/reception-par-type/app/Http/Middleware/TrackAffiliate.php(45): Illuminate/Pipeline/Pipeline->Illuminate/Pipeline/{closure}()
#27 D:/DiskFiles/Projects/Web/upwork_Invoice_Ninja/reception-par-type/vendor/laravel/framework/src/Illuminate/Pipeline/Pipeline.php(209): App/Http/Middleware/TrackAffiliate->handle()
#28 D:/DiskFiles/Projects/Web/upwork_Invoice_Ninja/reception-par-type/vendor/laravel/framework/src/Illuminate/Routing/Middleware/SubstituteBindings.php(51): Illuminate/Pipeline/Pipeline->Illuminate/Pipeline/{closure}()
#29 D:/DiskFiles/Projects/Web/upwork_Invoice_Ninja/reception-par-type/vendor/laravel/framework/src/Illuminate/Pipeline/Pipeline.php(209): Illuminate/Routing/Middleware/SubstituteBindings->handle()
#30 D:/DiskFiles/Projects/Web/upwork_Invoice_Ninja/reception-par-type/vendor/laravel/framework/src/Illuminate/Foundation/Http/Middleware/VerifyCsrfToken.php(88): Illuminate/Pipeline/Pipeline->Illuminate/Pipeline/{closure}()
#31 D:/DiskFiles/Projects/Web/upwork_Invoice_Ninja/reception-par-type/vendor/laravel/framework/src/Illuminate/Pipeline/Pipeline.php(209): Illuminate/Foundation/Http/Middleware/VerifyCsrfToken->handle()
#32 D:/DiskFiles/Projects/Web/upwork_Invoice_Ninja/reception-par-type/vendor/laravel/framework/src/Illuminate/View/Middleware/ShareErrorsFromSession.php(49): Illuminate/Pipeline/Pipeline->Illuminate/Pipeline/{closure}()
#33 D:/DiskFiles/Projects/Web/upwork_Invoice_Ninja/reception-par-type/vendor/laravel/framework/src/Illuminate/Pipeline/Pipeline.php(209): Illuminate/View/Middleware/ShareErrorsFromSession->handle()
#34 D:/DiskFiles/Projects/Web/upwork_Invoice_Ninja/reception-par-type/vendor/laravel/framework/src/Illuminate/Session/Middleware/StartSession.php(121): Illuminate/Pipeline/Pipeline->Illuminate/Pipeline/{closure}()
#35 D:/DiskFiles/Projects/Web/upwork_Invoice_Ninja/reception-par-type/vendor/laravel/framework/src/Illuminate/Session/Middleware/StartSession.php(64): Illuminate/Session/Middleware/StartSession->handleStatefulRequest()
#36 D:/DiskFiles/Projects/Web/upwork_Invoice_Ninja/reception-par-type/vendor/laravel/framework/src/Illuminate/Pipeline/Pipeline.php(209): Illuminate/Session/Middleware/StartSession->handle()
#37 D:/DiskFiles/Projects/Web/upwork_Invoice_Ninja/reception-par-type/vendor/laravel/framework/src/Illuminate/Cookie/Middleware/AddQueuedCookiesToResponse.php(37): Illuminate/Pipeline/Pipeline->Illuminate/Pipeline/{closure}()
#38 D:/DiskFiles/Projects/Web/upwork_Invoice_Ninja/reception-par-type/vendor/laravel/framework/src/Illuminate/Pipeline/Pipeline.php(209): Illuminate/Cookie/Middleware/AddQueuedCookiesToResponse->handle()
#39 D:/DiskFiles/Projects/Web/upwork_Invoice_Ninja/reception-par-type/vendor/laravel/framework/src/Illuminate/Cookie/Middleware/EncryptCookies.php(75): Illuminate/Pipeline/Pipeline->Illuminate/Pipeline/{closure}()
#40 D:/DiskFiles/Projects/Web/upwork_Invoice_Ninja/reception-par-type/vendor/laravel/framework/src/Illuminate/Pipeline/Pipeline.php(209): Illuminate/Cookie/Middleware/EncryptCookies->handle()
#41 D:/DiskFiles/Projects/Web/upwork_Invoice_Ninja/reception-par-type/vendor/laravel/framework/src/Illuminate/Pipeline/Pipeline.php(127): Illuminate/Pipeline/Pipeline->Illuminate/Pipeline/{closure}()
#42 D:/DiskFiles/Projects/Web/upwork_Invoice_Ninja/reception-par-type/vendor/laravel/framework/src/Illuminate/Routing/Router.php(807): Illuminate/Pipeline/Pipeline->then()
#43 D:/DiskFiles/Projects/Web/upwork_Invoice_Ninja/reception-par-type/vendor/laravel/framework/src/Illuminate/Routing/Router.php(786): Illuminate/Routing/Router->runRouteWithinStack()
#44 D:/DiskFiles/Projects/Web/upwork_Invoice_Ninja/reception-par-type/vendor/laravel/framework/src/Illuminate/Routing/Router.php(750): Illuminate/Routing/Router->runRoute()
#45 D:/DiskFiles/Projects/Web/upwork_Invoice_Ninja/reception-par-type/vendor/laravel/framework/src/Illuminate/Routing/Router.php(739): Illuminate/Routing/Router->dispatchToRoute()
#46 D:/DiskFiles/Projects/Web/upwork_Invoice_Ninja/reception-par-type/vendor/laravel/framework/src/Illuminate/Foundation/Http/Kernel.php(201): Illuminate/Routing/Router->dispatch()
#47 D:/DiskFiles/Projects/Web/upwork_Invoice_Ninja/reception-par-type/vendor/laravel/framework/src/Illuminate/Pipeline/Pipeline.php(170): Illuminate/Foundation/Http/Kernel->Illuminate/Foundation/Http/{closure}()
#48 D:/DiskFiles/Projects/Web/upwork_Invoice_Ninja/reception-par-type/vendor/laravel/framework/src/Illuminate/Foundation/Http/Middleware/TransformsRequest.php(21): Illuminate/Pipeline/Pipeline->Illuminate/Pipeline/{closure}()
#49 D:/DiskFiles/Projects/Web/upwork_Invoice_Ninja/reception-par-type/vendor/laravel/framework/src/Illuminate/Foundation/Http/Middleware/ConvertEmptyStringsToNull.php(31): Illuminate/Foundation/Http/Middleware/TransformsRequest->handle()
#50 D:/DiskFiles/Projects/Web/upwork_Invoice_Ninja/reception-par-type/vendor/laravel/framework/src/Illuminate/Pipeline/Pipeline.php(209): Illuminate/Foundation/Http/Middleware/ConvertEmptyStringsToNull->handle()
#51 D:/DiskFiles/Projects/Web/upwork_Invoice_Ninja/reception-par-type/vendor/laravel/framework/src/Illuminate/Foundation/Http/Middleware/TransformsRequest.php(21): Illuminate/Pipeline/Pipeline->Illuminate/Pipeline/{closure}()
#52 D:/DiskFiles/Projects/Web/upwork_Invoice_Ninja/reception-par-type/vendor/laravel/framework/src/Illuminate/Foundation/Http/Middleware/TrimStrings.php(51): Illuminate/Foundation/Http/Middleware/TransformsRequest->handle()
#53 D:/DiskFiles/Projects/Web/upwork_Invoice_Ninja/reception-par-type/vendor/laravel/framework/src/Illuminate/Pipeline/Pipeline.php(209): Illuminate/Foundation/Http/Middleware/TrimStrings->handle()
#54 D:/DiskFiles/Projects/Web/upwork_Invoice_Ninja/reception-par-type/vendor/laravel/framework/src/Illuminate/Http/Middleware/ValidatePostSize.php(27): Illuminate/Pipeline/Pipeline->Illuminate/Pipeline/{closure}()
#55 D:/DiskFiles/Projects/Web/upwork_Invoice_Ninja/reception-par-type/vendor/laravel/framework/src/Illuminate/Pipeline/Pipeline.php(209): Illuminate/Http/Middleware/ValidatePostSize->handle()
#56 D:/DiskFiles/Projects/Web/upwork_Invoice_Ninja/reception-par-type/vendor/laravel/framework/src/Illuminate/Foundation/Http/Middleware/PreventRequestsDuringMaintenance.php(110): Illuminate/Pipeline/Pipeline->Illuminate/Pipeline/{closure}()
#57 D:/DiskFiles/Projects/Web/upwork_Invoice_Ninja/reception-par-type/vendor/laravel/framework/src/Illuminate/Pipeline/Pipeline.php(209): Illuminate/Foundation/Http/Middleware/PreventRequestsDuringMaintenance->handle()
#58 D:/DiskFiles/Projects/Web/upwork_Invoice_Ninja/reception-par-type/vendor/laravel/framework/src/Illuminate/Http/Middleware/HandleCors.php(49): Illuminate/Pipeline/Pipeline->Illuminate/Pipeline/{closure}()
#59 D:/DiskFiles/Projects/Web/upwork_Invoice_Ninja/reception-par-type/vendor/laravel/framework/src/Illuminate/Pipeline/Pipeline.php(209): Illuminate/Http/Middleware/HandleCors->handle()
#60 D:/DiskFiles/Projects/Web/upwork_Invoice_Ninja/reception-par-type/vendor/laravel/framework/src/Illuminate/Http/Middleware/TrustProxies.php(58): Illuminate/Pipeline/Pipeline->Illuminate/Pipeline/{closure}()
#61 D:/DiskFiles/Projects/Web/upwork_Invoice_Ninja/reception-par-type/vendor/laravel/framework/src/Illuminate/Pipeline/Pipeline.php(209): Illuminate/Http/Middleware/TrustProxies->handle()
#62 D:/DiskFiles/Projects/Web/upwork_Invoice_Ninja/reception-par-type/vendor/laravel/framework/src/Illuminate/Foundation/Http/Middleware/InvokeDeferredCallbacks.php(22): Illuminate/Pipeline/Pipeline->Illuminate/Pipeline/{closure}()
#63 D:/DiskFiles/Projects/Web/upwork_Invoice_Ninja/reception-par-type/vendor/laravel/framework/src/Illuminate/Pipeline/Pipeline.php(209): Illuminate/Foundation/Http/Middleware/InvokeDeferredCallbacks->handle()
#64 D:/DiskFiles/Projects/Web/upwork_Invoice_Ninja/reception-par-type/vendor/laravel/framework/src/Illuminate/Pipeline/Pipeline.php(127): Illuminate/Pipeline/Pipeline->Illuminate/Pipeline/{closure}()
#65 D:/DiskFiles/Projects/Web/upwork_Invoice_Ninja/reception-par-type/vendor/laravel/framework/src/Illuminate/Foundation/Http/Kernel.php(176): Illuminate/Pipeline/Pipeline->then()
#66 D:/DiskFiles/Projects/Web/upwork_Invoice_Ninja/reception-par-type/vendor/laravel/framework/src/Illuminate/Foundation/Http/Kernel.php(145): Illuminate/Foundation/Http/Kernel->sendRequestThroughRouter()
#67 D:/DiskFiles/Projects/Web/upwork_Invoice_Ninja/reception-par-type/vendor/laravel/framework/src/Illuminate/Foundation/Application.php(1220): Illuminate/Foundation/Http/Kernel->handle()
#68 D:/DiskFiles/Projects/Web/upwork_Invoice_Ninja/reception-par-type/public/index.php(18): Illuminate/Foundation/Application->handleRequest()
#69 D:/DiskFiles/Projects/Web/upwork_Invoice_Ninja/reception-par-type/vendor/laravel/framework/src/Illuminate/Foundation/resources/server.php(23): require_once('...')
#70 {main}

[previous exception] [object] (PDOException(code: 2002): SQLSTATE[HY000] [2002] A connection attempt failed because the connected party did not properly respond after a period of time, or established connection failed because connected host has failed to respond at D:/DiskFiles/Projects/Web/upwork_Invoice_Ninja/reception-par-type/vendor/laravel/framework/src/Illuminate/Database/Connectors/Connector.php:66)
[stacktrace]
#0 D:/DiskFiles/Projects/Web/upwork_Invoice_Ninja/reception-par-type/vendor/laravel/framework/src/Illuminate/Database/Connectors/Connector.php(66): PDO->__construct()
#1 D:/DiskFiles/Projects/Web/upwork_Invoice_Ninja/reception-par-type/vendor/laravel/framework/src/Illuminate/Database/Connectors/Connector.php(85): Illuminate/Database/Connectors/Connector->createPdoConnection()
#2 D:/DiskFiles/Projects/Web/upwork_Invoice_Ninja/reception-par-type/vendor/laravel/framework/src/Illuminate/Database/Connectors/Connector.php(48): Illuminate/Database/Connectors/Connector->tryAgainIfCausedByLostConnection()
#3 D:/DiskFiles/Projects/Web/upwork_Invoice_Ninja/reception-par-type/vendor/laravel/framework/src/Illuminate/Database/Connectors/MySqlConnector.php(24): Illuminate/Database/Connectors/Connector->createConnection()
#4 D:/DiskFiles/Projects/Web/upwork_Invoice_Ninja/reception-par-type/vendor/laravel/framework/src/Illuminate/Database/Connectors/ConnectionFactory.php(185): Illuminate/Database/Connectors/MySqlConnector->connect()
#5 [internal function]: Illuminate/Database/Connectors/ConnectionFactory->Illuminate/Database/Connectors/{closure}()
#6 D:/DiskFiles/Projects/Web/upwork_Invoice_Ninja/reception-par-type/vendor/laravel/framework/src/Illuminate/Database/Connection.php(1231): call_user_func()
#7 D:/DiskFiles/Projects/Web/upwork_Invoice_Ninja/reception-par-type/vendor/laravel/framework/src/Illuminate/Database/Connection.php(1267): Illuminate/Database/Connection->getPdo()
#8 D:/DiskFiles/Projects/Web/upwork_Invoice_Ninja/reception-par-type/vendor/laravel/framework/src/Illuminate/Database/Connection.php(512): Illuminate/Database/Connection->getReadPdo()
#9 D:/DiskFiles/Projects/Web/upwork_Invoice_Ninja/reception-par-type/vendor/laravel/framework/src/Illuminate/Database/Connection.php(407): Illuminate/Database/Connection->getPdoForSelect()
#10 D:/DiskFiles/Projects/Web/upwork_Invoice_Ninja/reception-par-type/vendor/laravel/framework/src/Illuminate/Database/Connection.php(812): Illuminate/Database/Connection->Illuminate/Database/{closure}()
#11 D:/DiskFiles/Projects/Web/upwork_Invoice_Ninja/reception-par-type/vendor/laravel/framework/src/Illuminate/Database/Connection.php(979): Illuminate/Database/Connection->runQueryCallback()
#12 D:/DiskFiles/Projects/Web/upwork_Invoice_Ninja/reception-par-type/vendor/laravel/framework/src/Illuminate/Database/Connection.php(958): Illuminate/Database/Connection->tryAgainIfCausedByLostConnection()
#13 D:/DiskFiles/Projects/Web/upwork_Invoice_Ninja/reception-par-type/vendor/laravel/framework/src/Illuminate/Database/Connection.php(781): Illuminate/Database/Connection->handleQueryException()
#14 D:/DiskFiles/Projects/Web/upwork_Invoice_Ninja/reception-par-type/vendor/laravel/framework/src/Illuminate/Database/Connection.php(398): Illuminate/Database/Connection->run()
#15 D:/DiskFiles/Projects/Web/upwork_Invoice_Ninja/reception-par-type/vendor/laravel/framework/src/Illuminate/Database/Query/Builder.php(3106): Illuminate/Database/Connection->select()
#16 D:/DiskFiles/Projects/Web/upwork_Invoice_Ninja/reception-par-type/vendor/laravel/framework/src/Illuminate/Database/Query/Builder.php(3091): Illuminate/Database/Query/Builder->runSelect()
#17 D:/DiskFiles/Projects/Web/upwork_Invoice_Ninja/reception-par-type/vendor/laravel/framework/src/Illuminate/Database/Query/Builder.php(3676): Illuminate/Database/Query/Builder->Illuminate/Database/Query/{closure}()
#18 D:/DiskFiles/Projects/Web/upwork_Invoice_Ninja/reception-par-type/vendor/laravel/framework/src/Illuminate/Database/Query/Builder.php(3090): Illuminate/Database/Query/Builder->onceWithColumns()
#19 D:/DiskFiles/Projects/Web/upwork_Invoice_Ninja/reception-par-type/vendor/laravel/framework/src/Illuminate/Database/Eloquent/Builder.php(811): Illuminate/Database/Query/Builder->get()
#20 D:/DiskFiles/Projects/Web/upwork_Invoice_Ninja/reception-par-type/vendor/laravel/framework/src/Illuminate/Database/Eloquent/Builder.php(793): Illuminate/Database/Eloquent/Builder->getModels()
#21 D:/DiskFiles/Projects/Web/upwork_Invoice_Ninja/reception-par-type/vendor/laravel/framework/src/Illuminate/Database/Concerns/BuildsQueries.php(343): Illuminate/Database/Eloquent/Builder->get()
#22 D:/DiskFiles/Projects/Web/upwork_Invoice_Ninja/reception-par-type/vendor/laravel/framework/src/Illuminate/Auth/EloquentUserProvider.php(139): Illuminate/Database/Eloquent/Builder->first()
#23 D:/DiskFiles/Projects/Web/upwork_Invoice_Ninja/reception-par-type/vendor/laravel/framework/src/Illuminate/Auth/SessionGuard.php(415): Illuminate/Auth/EloquentUserProvider->retrieveByCredentials()
#24 D:/DiskFiles/Projects/Web/upwork_Invoice_Ninja/reception-par-type/vendor/laravel/framework/src/Illuminate/Support/Timebox.php(34): Illuminate/Auth/SessionGuard->Illuminate/Auth/{closure}()
#25 D:/DiskFiles/Projects/Web/upwork_Invoice_Ninja/reception-par-type/vendor/laravel/framework/src/Illuminate/Auth/SessionGuard.php(412): Illuminate/Support/Timebox->call()
#26 D:/DiskFiles/Projects/Web/upwork_Invoice_Ninja/reception-par-type/vendor/laravel/framework/src/Illuminate/Auth/AuthManager.php(340): Illuminate/Auth/SessionGuard->attempt()
#27 D:/DiskFiles/Projects/Web/upwork_Invoice_Ninja/reception-par-type/vendor/laravel/framework/src/Illuminate/Support/Facades/Facade.php(361): Illuminate/Auth/AuthManager->__call()
#28 D:/DiskFiles/Projects/Web/upwork_Invoice_Ninja/reception-par-type/app/Http/Controllers/Auth/LoginController.php(31): Illuminate/Support/Facades/Facade::__callStatic()
#29 D:/DiskFiles/Projects/Web/upwork_Invoice_Ninja/reception-par-type/vendor/laravel/framework/src/Illuminate/Routing/Controller.php(54): App/Http/Controllers/Auth/LoginController->login()
#30 D:/DiskFiles/Projects/Web/upwork_Invoice_Ninja/reception-par-type/vendor/laravel/framework/src/Illuminate/Routing/ControllerDispatcher.php(44): Illuminate/Routing/Controller->callAction()
#31 D:/DiskFiles/Projects/Web/upwork_Invoice_Ninja/reception-par-type/vendor/laravel/framework/src/Illuminate/Routing/Route.php(266): Illuminate/Routing/ControllerDispatcher->dispatch()
#32 D:/DiskFiles/Projects/Web/upwork_Invoice_Ninja/reception-par-type/vendor/laravel/framework/src/Illuminate/Routing/Route.php(212): Illuminate/Routing/Route->runController()
#33 D:/DiskFiles/Projects/Web/upwork_Invoice_Ninja/reception-par-type/vendor/laravel/framework/src/Illuminate/Routing/Router.php(808): Illuminate/Routing/Route->run()
#34 D:/DiskFiles/Projects/Web/upwork_Invoice_Ninja/reception-par-type/vendor/laravel/framework/src/Illuminate/Pipeline/Pipeline.php(170): Illuminate/Routing/Router->Illuminate/Routing/{closure}()
#35 D:/DiskFiles/Projects/Web/upwork_Invoice_Ninja/reception-par-type/app/Http/Middleware/SetLocale.php(87): Illuminate/Pipeline/Pipeline->Illuminate/Pipeline/{closure}()
#36 D:/DiskFiles/Projects/Web/upwork_Invoice_Ninja/reception-par-type/vendor/laravel/framework/src/Illuminate/Pipeline/Pipeline.php(209): App/Http/Middleware/SetLocale->handle()
#37 D:/DiskFiles/Projects/Web/upwork_Invoice_Ninja/reception-par-type/app/Http/Middleware/TrackAffiliate.php(45): Illuminate/Pipeline/Pipeline->Illuminate/Pipeline/{closure}()
#38 D:/DiskFiles/Projects/Web/upwork_Invoice_Ninja/reception-par-type/vendor/laravel/framework/src/Illuminate/Pipeline/Pipeline.php(209): App/Http/Middleware/TrackAffiliate->handle()
#39 D:/DiskFiles/Projects/Web/upwork_Invoice_Ninja/reception-par-type/vendor/laravel/framework/src/Illuminate/Routing/Middleware/SubstituteBindings.php(51): Illuminate/Pipeline/Pipeline->Illuminate/Pipeline/{closure}()
#40 D:/DiskFiles/Projects/Web/upwork_Invoice_Ninja/reception-par-type/vendor/laravel/framework/src/Illuminate/Pipeline/Pipeline.php(209): Illuminate/Routing/Middleware/SubstituteBindings->handle()
#41 D:/DiskFiles/Projects/Web/upwork_Invoice_Ninja/reception-par-type/vendor/laravel/framework/src/Illuminate/Foundation/Http/Middleware/VerifyCsrfToken.php(88): Illuminate/Pipeline/Pipeline->Illuminate/Pipeline/{closure}()
#42 D:/DiskFiles/Projects/Web/upwork_Invoice_Ninja/reception-par-type/vendor/laravel/framework/src/Illuminate/Pipeline/Pipeline.php(209): Illuminate/Foundation/Http/Middleware/VerifyCsrfToken->handle()
#43 D:/DiskFiles/Projects/Web/upwork_Invoice_Ninja/reception-par-type/vendor/laravel/framework/src/Illuminate/View/Middleware/ShareErrorsFromSession.php(49): Illuminate/Pipeline/Pipeline->Illuminate/Pipeline/{closure}()
#44 D:/DiskFiles/Projects/Web/upwork_Invoice_Ninja/reception-par-type/vendor/laravel/framework/src/Illuminate/Pipeline/Pipeline.php(209): Illuminate/View/Middleware/ShareErrorsFromSession->handle()
#45 D:/DiskFiles/Projects/Web/upwork_Invoice_Ninja/reception-par-type/vendor/laravel/framework/src/Illuminate/Session/Middleware/StartSession.php(121): Illuminate/Pipeline/Pipeline->Illuminate/Pipeline/{closure}()
#46 D:/DiskFiles/Projects/Web/upwork_Invoice_Ninja/reception-par-type/vendor/laravel/framework/src/Illuminate/Session/Middleware/StartSession.php(64): Illuminate/Session/Middleware/StartSession->handleStatefulRequest()
#47 D:/DiskFiles/Projects/Web/upwork_Invoice_Ninja/reception-par-type/vendor/laravel/framework/src/Illuminate/Pipeline/Pipeline.php(209): Illuminate/Session/Middleware/StartSession->handle()
#48 D:/DiskFiles/Projects/Web/upwork_Invoice_Ninja/reception-par-type/vendor/laravel/framework/src/Illuminate/Cookie/Middleware/AddQueuedCookiesToResponse.php(37): Illuminate/Pipeline/Pipeline->Illuminate/Pipeline/{closure}()
#49 D:/DiskFiles/Projects/Web/upwork_Invoice_Ninja/reception-par-type/vendor/laravel/framework/src/Illuminate/Pipeline/Pipeline.php(209): Illuminate/Cookie/Middleware/AddQueuedCookiesToResponse->handle()
#50 D:/DiskFiles/Projects/Web/upwork_Invoice_Ninja/reception-par-type/vendor/laravel/framework/src/Illuminate/Cookie/Middleware/EncryptCookies.php(75): Illuminate/Pipeline/Pipeline->Illuminate/Pipeline/{closure}()
#51 D:/DiskFiles/Projects/Web/upwork_Invoice_Ninja/reception-par-type/vendor/laravel/framework/src/Illuminate/Pipeline/Pipeline.php(209): Illuminate/Cookie/Middleware/EncryptCookies->handle()
#52 D:/DiskFiles/Projects/Web/upwork_Invoice_Ninja/reception-par-type/vendor/laravel/framework/src/Illuminate/Pipeline/Pipeline.php(127): Illuminate/Pipeline/Pipeline->Illuminate/Pipeline/{closure}()
#53 D:/DiskFiles/Projects/Web/upwork_Invoice_Ninja/reception-par-type/vendor/laravel/framework/src/Illuminate/Routing/Router.php(807): Illuminate/Pipeline/Pipeline->then()
#54 D:/DiskFiles/Projects/Web/upwork_Invoice_Ninja/reception-par-type/vendor/laravel/framework/src/Illuminate/Routing/Router.php(786): Illuminate/Routing/Router->runRouteWithinStack()
#55 D:/DiskFiles/Projects/Web/upwork_Invoice_Ninja/reception-par-type/vendor/laravel/framework/src/Illuminate/Routing/Router.php(750): Illuminate/Routing/Router->runRoute()
#56 D:/DiskFiles/Projects/Web/upwork_Invoice_Ninja/reception-par-type/vendor/laravel/framework/src/Illuminate/Routing/Router.php(739): Illuminate/Routing/Router->dispatchToRoute()
#57 D:/DiskFiles/Projects/Web/upwork_Invoice_Ninja/reception-par-type/vendor/laravel/framework/src/Illuminate/Foundation/Http/Kernel.php(201): Illuminate/Routing/Router->dispatch()
#58 D:/DiskFiles/Projects/Web/upwork_Invoice_Ninja/reception-par-type/vendor/laravel/framework/src/Illuminate/Pipeline/Pipeline.php(170): Illuminate/Foundation/Http/Kernel->Illuminate/Foundation/Http/{closure}()
#59 D:/DiskFiles/Projects/Web/upwork_Invoice_Ninja/reception-par-type/vendor/laravel/framework/src/Illuminate/Foundation/Http/Middleware/TransformsRequest.php(21): Illuminate/Pipeline/Pipeline->Illuminate/Pipeline/{closure}()
#60 D:/DiskFiles/Projects/Web/upwork_Invoice_Ninja/reception-par-type/vendor/laravel/framework/src/Illuminate/Foundation/Http/Middleware/ConvertEmptyStringsToNull.php(31): Illuminate/Foundation/Http/Middleware/TransformsRequest->handle()
#61 D:/DiskFiles/Projects/Web/upwork_Invoice_Ninja/reception-par-type/vendor/laravel/framework/src/Illuminate/Pipeline/Pipeline.php(209): Illuminate/Foundation/Http/Middleware/ConvertEmptyStringsToNull->handle()
#62 D:/DiskFiles/Projects/Web/upwork_Invoice_Ninja/reception-par-type/vendor/laravel/framework/src/Illuminate/Foundation/Http/Middleware/TransformsRequest.php(21): Illuminate/Pipeline/Pipeline->Illuminate/Pipeline/{closure}()
#63 D:/DiskFiles/Projects/Web/upwork_Invoice_Ninja/reception-par-type/vendor/laravel/framework/src/Illuminate/Foundation/Http/Middleware/TrimStrings.php(51): Illuminate/Foundation/Http/Middleware/TransformsRequest->handle()
#64 D:/DiskFiles/Projects/Web/upwork_Invoice_Ninja/reception-par-type/vendor/laravel/framework/src/Illuminate/Pipeline/Pipeline.php(209): Illuminate/Foundation/Http/Middleware/TrimStrings->handle()
#65 D:/DiskFiles/Projects/Web/upwork_Invoice_Ninja/reception-par-type/vendor/laravel/framework/src/Illuminate/Http/Middleware/ValidatePostSize.php(27): Illuminate/Pipeline/Pipeline->Illuminate/Pipeline/{closure}()
#66 D:/DiskFiles/Projects/Web/upwork_Invoice_Ninja/reception-par-type/vendor/laravel/framework/src/Illuminate/Pipeline/Pipeline.php(209): Illuminate/Http/Middleware/ValidatePostSize->handle()
#67 D:/DiskFiles/Projects/Web/upwork_Invoice_Ninja/reception-par-type/vendor/laravel/framework/src/Illuminate/Foundation/Http/Middleware/PreventRequestsDuringMaintenance.php(110): Illuminate/Pipeline/Pipeline->Illuminate/Pipeline/{closure}()
#68 D:/DiskFiles/Projects/Web/upwork_Invoice_Ninja/reception-par-type/vendor/laravel/framework/src/Illuminate/Pipeline/Pipeline.php(209): Illuminate/Foundation/Http/Middleware/PreventRequestsDuringMaintenance->handle()
#69 D:/DiskFiles/Projects/Web/upwork_Invoice_Ninja/reception-par-type/vendor/laravel/framework/src/Illuminate/Http/Middleware/HandleCors.php(49): Illuminate/Pipeline/Pipeline->Illuminate/Pipeline/{closure}()
#70 D:/DiskFiles/Projects/Web/upwork_Invoice_Ninja/reception-par-type/vendor/laravel/framework/src/Illuminate/Pipeline/Pipeline.php(209): Illuminate/Http/Middleware/HandleCors->handle()
#71 D:/DiskFiles/Projects/Web/upwork_Invoice_Ninja/reception-par-type/vendor/laravel/framework/src/Illuminate/Http/Middleware/TrustProxies.php(58): Illuminate/Pipeline/Pipeline->Illuminate/Pipeline/{closure}()
#72 D:/DiskFiles/Projects/Web/upwork_Invoice_Ninja/reception-par-type/vendor/laravel/framework/src/Illuminate/Pipeline/Pipeline.php(209): Illuminate/Http/Middleware/TrustProxies->handle()
#73 D:/DiskFiles/Projects/Web/upwork_Invoice_Ninja/reception-par-type/vendor/laravel/framework/src/Illuminate/Foundation/Http/Middleware/InvokeDeferredCallbacks.php(22): Illuminate/Pipeline/Pipeline->Illuminate/Pipeline/{closure}()
#74 D:/DiskFiles/Projects/Web/upwork_Invoice_Ninja/reception-par-type/vendor/laravel/framework/src/Illuminate/Pipeline/Pipeline.php(209): Illuminate/Foundation/Http/Middleware/InvokeDeferredCallbacks->handle()
#75 D:/DiskFiles/Projects/Web/upwork_Invoice_Ninja/reception-par-type/vendor/laravel/framework/src/Illuminate/Pipeline/Pipeline.php(127): Illuminate/Pipeline/Pipeline->Illuminate/Pipeline/{closure}()
#76 D:/DiskFiles/Projects/Web/upwork_Invoice_Ninja/reception-par-type/vendor/laravel/framework/src/Illuminate/Foundation/Http/Kernel.php(176): Illuminate/Pipeline/Pipeline->then()
#77 D:/DiskFiles/Projects/Web/upwork_Invoice_Ninja/reception-par-type/vendor/laravel/framework/src/Illuminate/Foundation/Http/Kernel.php(145): Illuminate/Foundation/Http/Kernel->sendRequestThroughRouter()
#78 D:/DiskFiles/Projects/Web/upwork_Invoice_Ninja/reception-par-type/vendor/laravel/framework/src/Illuminate/Foundation/Application.php(1220): Illuminate/Foundation/Http/Kernel->handle()
#79 D:/DiskFiles/Projects/Web/upwork_Invoice_Ninja/reception-par-type/public/index.php(18): Illuminate/Foundation/Application->handleRequest()
#80 D:/DiskFiles/Projects/Web/upwork_Invoice_Ninja/reception-par-type/vendor/laravel/framework/src/Illuminate/Foundation/resources/server.php(23): require_once('...')
#81 {main}
"} 
[2026-06-24 13:59:09] production.ERROR: SQLSTATE[HY000] [2002] A connection attempt failed because the connected party did not properly respond after a period of time, or established connection failed because connected host has failed to respond (Connection: mysql, SQL: select * from `users` where `email` = admin@reception-par-type.ch and `users`.`deleted_at` is null limit 1) {"exception":"[object] (Illuminate\\Database\\QueryException(code: 2002): SQLSTATE[HY000] [2002] A connection attempt failed because the connected party did not properly respond after a period of time, or established connection failed because connected host has failed to respond (Connection: mysql, SQL: select * from `users` where `email` = admin@reception-par-type.ch and `users`.`deleted_at` is null limit 1) at D:/DiskFiles/Projects/Web/upwork_Invoice_Ninja/reception-par-type/vendor/laravel/framework/src/Illuminate/Database/Connection.php:825)
[stacktrace]
#0 D:/DiskFiles/Projects/Web/upwork_Invoice_Ninja/reception-par-type/vendor/laravel/framework/src/Illuminate/Database/Connection.php(979): Illuminate/Database/Connection->runQueryCallback()
#1 D:/DiskFiles/Projects/Web/upwork_Invoice_Ninja/reception-par-type/vendor/laravel/framework/src/Illuminate/Database/Connection.php(958): Illuminate/Database/Connection->tryAgainIfCausedByLostConnection()
#2 D:/DiskFiles/Projects/Web/upwork_Invoice_Ninja/reception-par-type/vendor/laravel/framework/src/Illuminate/Database/Connection.php(781): Illuminate/Database/Connection->handleQueryException()
#3 D:/DiskFiles/Projects/Web/upwork_Invoice_Ninja/reception-par-type/vendor/laravel/framework/src/Illuminate/Database/Connection.php(398): Illuminate/Database/Connection->run()
#4 D:/DiskFiles/Projects/Web/upwork_Invoice_Ninja/reception-par-type/vendor/laravel/framework/src/Illuminate/Database/Query/Builder.php(3106): Illuminate/Database/Connection->select()
#5 D:/DiskFiles/Projects/Web/upwork_Invoice_Ninja/reception-par-type/vendor/laravel/framework/src/Illuminate/Database/Query/Builder.php(3091): Illuminate/Database/Query/Builder->runSelect()
#6 D:/DiskFiles/Projects/Web/upwork_Invoice_Ninja/reception-par-type/vendor/laravel/framework/src/Illuminate/Database/Query/Builder.php(3676): Illuminate/Database/Query/Builder->Illuminate/Database/Query/{closure}()
#7 D:/DiskFiles/Projects/Web/upwork_Invoice_Ninja/reception-par-type/vendor/laravel/framework/src/Illuminate/Database/Query/Builder.php(3090): Illuminate/Database/Query/Builder->onceWithColumns()
#8 D:/DiskFiles/Projects/Web/upwork_Invoice_Ninja/reception-par-type/vendor/laravel/framework/src/Illuminate/Database/Eloquent/Builder.php(811): Illuminate/Database/Query/Builder->get()
#9 D:/DiskFiles/Projects/Web/upwork_Invoice_Ninja/reception-par-type/vendor/laravel/framework/src/Illuminate/Database/Eloquent/Builder.php(793): Illuminate/Database/Eloquent/Builder->getModels()
#10 D:/DiskFiles/Projects/Web/upwork_Invoice_Ninja/reception-par-type/vendor/laravel/framework/src/Illuminate/Database/Concerns/BuildsQueries.php(343): Illuminate/Database/Eloquent/Builder->get()
#11 D:/DiskFiles/Projects/Web/upwork_Invoice_Ninja/reception-par-type/vendor/laravel/framework/src/Illuminate/Auth/EloquentUserProvider.php(139): Illuminate/Database/Eloquent/Builder->first()
#12 D:/DiskFiles/Projects/Web/upwork_Invoice_Ninja/reception-par-type/vendor/laravel/framework/src/Illuminate/Auth/SessionGuard.php(415): Illuminate/Auth/EloquentUserProvider->retrieveByCredentials()
#13 D:/DiskFiles/Projects/Web/upwork_Invoice_Ninja/reception-par-type/vendor/laravel/framework/src/Illuminate/Support/Timebox.php(34): Illuminate/Auth/SessionGuard->Illuminate/Auth/{closure}()
#14 D:/DiskFiles/Projects/Web/upwork_Invoice_Ninja/reception-par-type/vendor/laravel/framework/src/Illuminate/Auth/SessionGuard.php(412): Illuminate/Support/Timebox->call()
#15 D:/DiskFiles/Projects/Web/upwork_Invoice_Ninja/reception-par-type/vendor/laravel/framework/src/Illuminate/Auth/AuthManager.php(340): Illuminate/Auth/SessionGuard->attempt()
#16 D:/DiskFiles/Projects/Web/upwork_Invoice_Ninja/reception-par-type/vendor/laravel/framework/src/Illuminate/Support/Facades/Facade.php(361): Illuminate/Auth/AuthManager->__call()
#17 D:/DiskFiles/Projects/Web/upwork_Invoice_Ninja/reception-par-type/app/Http/Controllers/Auth/LoginController.php(31): Illuminate/Support/Facades/Facade::__callStatic()
#18 D:/DiskFiles/Projects/Web/upwork_Invoice_Ninja/reception-par-type/vendor/laravel/framework/src/Illuminate/Routing/Controller.php(54): App/Http/Controllers/Auth/LoginController->login()
#19 D:/DiskFiles/Projects/Web/upwork_Invoice_Ninja/reception-par-type/vendor/laravel/framework/src/Illuminate/Routing/ControllerDispatcher.php(44): Illuminate/Routing/Controller->callAction()
#20 D:/DiskFiles/Projects/Web/upwork_Invoice_Ninja/reception-par-type/vendor/laravel/framework/src/Illuminate/Routing/Route.php(266): Illuminate/Routing/ControllerDispatcher->dispatch()
#21 D:/DiskFiles/Projects/Web/upwork_Invoice_Ninja/reception-par-type/vendor/laravel/framework/src/Illuminate/Routing/Route.php(212): Illuminate/Routing/Route->runController()
#22 D:/DiskFiles/Projects/Web/upwork_Invoice_Ninja/reception-par-type/vendor/laravel/framework/src/Illuminate/Routing/Router.php(808): Illuminate/Routing/Route->run()
#23 D:/DiskFiles/Projects/Web/upwork_Invoice_Ninja/reception-par-type/vendor/laravel/framework/src/Illuminate/Pipeline/Pipeline.php(170): Illuminate/Routing/Router->Illuminate/Routing/{closure}()
#24 D:/DiskFiles/Projects/Web/upwork_Invoice_Ninja/reception-par-type/app/Http/Middleware/SetLocale.php(87): Illuminate/Pipeline/Pipeline->Illuminate/Pipeline/{closure}()
#25 D:/DiskFiles/Projects/Web/upwork_Invoice_Ninja/reception-par-type/vendor/laravel/framework/src/Illuminate/Pipeline/Pipeline.php(209): App/Http/Middleware/SetLocale->handle()
#26 D:/DiskFiles/Projects/Web/upwork_Invoice_Ninja/reception-par-type/app/Http/Middleware/TrackAffiliate.php(45): Illuminate/Pipeline/Pipeline->Illuminate/Pipeline/{closure}()
#27 D:/DiskFiles/Projects/Web/upwork_Invoice_Ninja/reception-par-type/vendor/laravel/framework/src/Illuminate/Pipeline/Pipeline.php(209): App/Http/Middleware/TrackAffiliate->handle()
#28 D:/DiskFiles/Projects/Web/upwork_Invoice_Ninja/reception-par-type/vendor/laravel/framework/src/Illuminate/Routing/Middleware/SubstituteBindings.php(51): Illuminate/Pipeline/Pipeline->Illuminate/Pipeline/{closure}()
#29 D:/DiskFiles/Projects/Web/upwork_Invoice_Ninja/reception-par-type/vendor/laravel/framework/src/Illuminate/Pipeline/Pipeline.php(209): Illuminate/Routing/Middleware/SubstituteBindings->handle()
#30 D:/DiskFiles/Projects/Web/upwork_Invoice_Ninja/reception-par-type/vendor/laravel/framework/src/Illuminate/Foundation/Http/Middleware/VerifyCsrfToken.php(88): Illuminate/Pipeline/Pipeline->Illuminate/Pipeline/{closure}()
#31 D:/DiskFiles/Projects/Web/upwork_Invoice_Ninja/reception-par-type/vendor/laravel/framework/src/Illuminate/Pipeline/Pipeline.php(209): Illuminate/Foundation/Http/Middleware/VerifyCsrfToken->handle()
#32 D:/DiskFiles/Projects/Web/upwork_Invoice_Ninja/reception-par-type/vendor/laravel/framework/src/Illuminate/View/Middleware/ShareErrorsFromSession.php(49): Illuminate/Pipeline/Pipeline->Illuminate/Pipeline/{closure}()
#33 D:/DiskFiles/Projects/Web/upwork_Invoice_Ninja/reception-par-type/vendor/laravel/framework/src/Illuminate/Pipeline/Pipeline.php(209): Illuminate/View/Middleware/ShareErrorsFromSession->handle()
#34 D:/DiskFiles/Projects/Web/upwork_Invoice_Ninja/reception-par-type/vendor/laravel/framework/src/Illuminate/Session/Middleware/StartSession.php(121): Illuminate/Pipeline/Pipeline->Illuminate/Pipeline/{closure}()
#35 D:/DiskFiles/Projects/Web/upwork_Invoice_Ninja/reception-par-type/vendor/laravel/framework/src/Illuminate/Session/Middleware/StartSession.php(64): Illuminate/Session/Middleware/StartSession->handleStatefulRequest()
#36 D:/DiskFiles/Projects/Web/upwork_Invoice_Ninja/reception-par-type/vendor/laravel/framework/src/Illuminate/Pipeline/Pipeline.php(209): Illuminate/Session/Middleware/StartSession->handle()
#37 D:/DiskFiles/Projects/Web/upwork_Invoice_Ninja/reception-par-type/vendor/laravel/framework/src/Illuminate/Cookie/Middleware/AddQueuedCookiesToResponse.php(37): Illuminate/Pipeline/Pipeline->Illuminate/Pipeline/{closure}()
#38 D:/DiskFiles/Projects/Web/upwork_Invoice_Ninja/reception-par-type/vendor/laravel/framework/src/Illuminate/Pipeline/Pipeline.php(209): Illuminate/Cookie/Middleware/AddQueuedCookiesToResponse->handle()
#39 D:/DiskFiles/Projects/Web/upwork_Invoice_Ninja/reception-par-type/vendor/laravel/framework/src/Illuminate/Cookie/Middleware/EncryptCookies.php(75): Illuminate/Pipeline/Pipeline->Illuminate/Pipeline/{closure}()
#40 D:/DiskFiles/Projects/Web/upwork_Invoice_Ninja/reception-par-type/vendor/laravel/framework/src/Illuminate/Pipeline/Pipeline.php(209): Illuminate/Cookie/Middleware/EncryptCookies->handle()
#41 D:/DiskFiles/Projects/Web/upwork_Invoice_Ninja/reception-par-type/vendor/laravel/framework/src/Illuminate/Pipeline/Pipeline.php(127): Illuminate/Pipeline/Pipeline->Illuminate/Pipeline/{closure}()
#42 D:/DiskFiles/Projects/Web/upwork_Invoice_Ninja/reception-par-type/vendor/laravel/framework/src/Illuminate/Routing/Router.php(807): Illuminate/Pipeline/Pipeline->then()
#43 D:/DiskFiles/Projects/Web/upwork_Invoice_Ninja/reception-par-type/vendor/laravel/framework/src/Illuminate/Routing/Router.php(786): Illuminate/Routing/Router->runRouteWithinStack()
#44 D:/DiskFiles/Projects/Web/upwork_Invoice_Ninja/reception-par-type/vendor/laravel/framework/src/Illuminate/Routing/Router.php(750): Illuminate/Routing/Router->runRoute()
#45 D:/DiskFiles/Projects/Web/upwork_Invoice_Ninja/reception-par-type/vendor/laravel/framework/src/Illuminate/Routing/Router.php(739): Illuminate/Routing/Router->dispatchToRoute()
#46 D:/DiskFiles/Projects/Web/upwork_Invoice_Ninja/reception-par-type/vendor/laravel/framework/src/Illuminate/Foundation/Http/Kernel.php(201): Illuminate/Routing/Router->dispatch()
#47 D:/DiskFiles/Projects/Web/upwork_Invoice_Ninja/reception-par-type/vendor/laravel/framework/src/Illuminate/Pipeline/Pipeline.php(170): Illuminate/Foundation/Http/Kernel->Illuminate/Foundation/Http/{closure}()
#48 D:/DiskFiles/Projects/Web/upwork_Invoice_Ninja/reception-par-type/vendor/laravel/framework/src/Illuminate/Foundation/Http/Middleware/TransformsRequest.php(21): Illuminate/Pipeline/Pipeline->Illuminate/Pipeline/{closure}()
#49 D:/DiskFiles/Projects/Web/upwork_Invoice_Ninja/reception-par-type/vendor/laravel/framework/src/Illuminate/Foundation/Http/Middleware/ConvertEmptyStringsToNull.php(31): Illuminate/Foundation/Http/Middleware/TransformsRequest->handle()
#50 D:/DiskFiles/Projects/Web/upwork_Invoice_Ninja/reception-par-type/vendor/laravel/framework/src/Illuminate/Pipeline/Pipeline.php(209): Illuminate/Foundation/Http/Middleware/ConvertEmptyStringsToNull->handle()
#51 D:/DiskFiles/Projects/Web/upwork_Invoice_Ninja/reception-par-type/vendor/laravel/framework/src/Illuminate/Foundation/Http/Middleware/TransformsRequest.php(21): Illuminate/Pipeline/Pipeline->Illuminate/Pipeline/{closure}()
#52 D:/DiskFiles/Projects/Web/upwork_Invoice_Ninja/reception-par-type/vendor/laravel/framework/src/Illuminate/Foundation/Http/Middleware/TrimStrings.php(51): Illuminate/Foundation/Http/Middleware/TransformsRequest->handle()
#53 D:/DiskFiles/Projects/Web/upwork_Invoice_Ninja/reception-par-type/vendor/laravel/framework/src/Illuminate/Pipeline/Pipeline.php(209): Illuminate/Foundation/Http/Middleware/TrimStrings->handle()
#54 D:/DiskFiles/Projects/Web/upwork_Invoice_Ninja/reception-par-type/vendor/laravel/framework/src/Illuminate/Http/Middleware/ValidatePostSize.php(27): Illuminate/Pipeline/Pipeline->Illuminate/Pipeline/{closure}()
#55 D:/DiskFiles/Projects/Web/upwork_Invoice_Ninja/reception-par-type/vendor/laravel/framework/src/Illuminate/Pipeline/Pipeline.php(209): Illuminate/Http/Middleware/ValidatePostSize->handle()
#56 D:/DiskFiles/Projects/Web/upwork_Invoice_Ninja/reception-par-type/vendor/laravel/framework/src/Illuminate/Foundation/Http/Middleware/PreventRequestsDuringMaintenance.php(110): Illuminate/Pipeline/Pipeline->Illuminate/Pipeline/{closure}()
#57 D:/DiskFiles/Projects/Web/upwork_Invoice_Ninja/reception-par-type/vendor/laravel/framework/src/Illuminate/Pipeline/Pipeline.php(209): Illuminate/Foundation/Http/Middleware/PreventRequestsDuringMaintenance->handle()
#58 D:/DiskFiles/Projects/Web/upwork_Invoice_Ninja/reception-par-type/vendor/laravel/framework/src/Illuminate/Http/Middleware/HandleCors.php(49): Illuminate/Pipeline/Pipeline->Illuminate/Pipeline/{closure}()
#59 D:/DiskFiles/Projects/Web/upwork_Invoice_Ninja/reception-par-type/vendor/laravel/framework/src/Illuminate/Pipeline/Pipeline.php(209): Illuminate/Http/Middleware/HandleCors->handle()
#60 D:/DiskFiles/Projects/Web/upwork_Invoice_Ninja/reception-par-type/vendor/laravel/framework/src/Illuminate/Http/Middleware/TrustProxies.php(58): Illuminate/Pipeline/Pipeline->Illuminate/Pipeline/{closure}()
#61 D:/DiskFiles/Projects/Web/upwork_Invoice_Ninja/reception-par-type/vendor/laravel/framework/src/Illuminate/Pipeline/Pipeline.php(209): Illuminate/Http/Middleware/TrustProxies->handle()
#62 D:/DiskFiles/Projects/Web/upwork_Invoice_Ninja/reception-par-type/vendor/laravel/framework/src/Illuminate/Foundation/Http/Middleware/InvokeDeferredCallbacks.php(22): Illuminate/Pipeline/Pipeline->Illuminate/Pipeline/{closure}()
#63 D:/DiskFiles/Projects/Web/upwork_Invoice_Ninja/reception-par-type/vendor/laravel/framework/src/Illuminate/Pipeline/Pipeline.php(209): Illuminate/Foundation/Http/Middleware/InvokeDeferredCallbacks->handle()
#64 D:/DiskFiles/Projects/Web/upwork_Invoice_Ninja/reception-par-type/vendor/laravel/framework/src/Illuminate/Pipeline/Pipeline.php(127): Illuminate/Pipeline/Pipeline->Illuminate/Pipeline/{closure}()
#65 D:/DiskFiles/Projects/Web/upwork_Invoice_Ninja/reception-par-type/vendor/laravel/framework/src/Illuminate/Foundation/Http/Kernel.php(176): Illuminate/Pipeline/Pipeline->then()
#66 D:/DiskFiles/Projects/Web/upwork_Invoice_Ninja/reception-par-type/vendor/laravel/framework/src/Illuminate/Foundation/Http/Kernel.php(145): Illuminate/Foundation/Http/Kernel->sendRequestThroughRouter()
#67 D:/DiskFiles/Projects/Web/upwork_Invoice_Ninja/reception-par-type/vendor/laravel/framework/src/Illuminate/Foundation/Application.php(1220): Illuminate/Foundation/Http/Kernel->handle()
#68 D:/DiskFiles/Projects/Web/upwork_Invoice_Ninja/reception-par-type/public/index.php(18): Illuminate/Foundation/Application->handleRequest()
#69 D:/DiskFiles/Projects/Web/upwork_Invoice_Ninja/reception-par-type/vendor/laravel/framework/src/Illuminate/Foundation/resources/server.php(23): require_once('...')
#70 {main}

[previous exception] [object] (PDOException(code: 2002): SQLSTATE[HY000] [2002] A connection attempt failed because the connected party did not properly respond after a period of time, or established connection failed because connected host has failed to respond at D:/DiskFiles/Projects/Web/upwork_Invoice_Ninja/reception-par-type/vendor/laravel/framework/src/Illuminate/Database/Connectors/Connector.php:66)
[stacktrace]
#0 D:/DiskFiles/Projects/Web/upwork_Invoice_Ninja/reception-par-type/vendor/laravel/framework/src/Illuminate/Database/Connectors/Connector.php(66): PDO->__construct()
#1 D:/DiskFiles/Projects/Web/upwork_Invoice_Ninja/reception-par-type/vendor/laravel/framework/src/Illuminate/Database/Connectors/Connector.php(85): Illuminate/Database/Connectors/Connector->createPdoConnection()
#2 D:/DiskFiles/Projects/Web/upwork_Invoice_Ninja/reception-par-type/vendor/laravel/framework/src/Illuminate/Database/Connectors/Connector.php(48): Illuminate/Database/Connectors/Connector->tryAgainIfCausedByLostConnection()
#3 D:/DiskFiles/Projects/Web/upwork_Invoice_Ninja/reception-par-type/vendor/laravel/framework/src/Illuminate/Database/Connectors/MySqlConnector.php(24): Illuminate/Database/Connectors/Connector->createConnection()
#4 D:/DiskFiles/Projects/Web/upwork_Invoice_Ninja/reception-par-type/vendor/laravel/framework/src/Illuminate/Database/Connectors/ConnectionFactory.php(185): Illuminate/Database/Connectors/MySqlConnector->connect()
#5 [internal function]: Illuminate/Database/Connectors/ConnectionFactory->Illuminate/Database/Connectors/{closure}()
#6 D:/DiskFiles/Projects/Web/upwork_Invoice_Ninja/reception-par-type/vendor/laravel/framework/src/Illuminate/Database/Connection.php(1231): call_user_func()
#7 D:/DiskFiles/Projects/Web/upwork_Invoice_Ninja/reception-par-type/vendor/laravel/framework/src/Illuminate/Database/Connection.php(1267): Illuminate/Database/Connection->getPdo()
#8 D:/DiskFiles/Projects/Web/upwork_Invoice_Ninja/reception-par-type/vendor/laravel/framework/src/Illuminate/Database/Connection.php(512): Illuminate/Database/Connection->getReadPdo()
#9 D:/DiskFiles/Projects/Web/upwork_Invoice_Ninja/reception-par-type/vendor/laravel/framework/src/Illuminate/Database/Connection.php(407): Illuminate/Database/Connection->getPdoForSelect()
#10 D:/DiskFiles/Projects/Web/upwork_Invoice_Ninja/reception-par-type/vendor/laravel/framework/src/Illuminate/Database/Connection.php(812): Illuminate/Database/Connection->Illuminate/Database/{closure}()
#11 D:/DiskFiles/Projects/Web/upwork_Invoice_Ninja/reception-par-type/vendor/laravel/framework/src/Illuminate/Database/Connection.php(979): Illuminate/Database/Connection->runQueryCallback()
#12 D:/DiskFiles/Projects/Web/upwork_Invoice_Ninja/reception-par-type/vendor/laravel/framework/src/Illuminate/Database/Connection.php(958): Illuminate/Database/Connection->tryAgainIfCausedByLostConnection()
#13 D:/DiskFiles/Projects/Web/upwork_Invoice_Ninja/reception-par-type/vendor/laravel/framework/src/Illuminate/Database/Connection.php(781): Illuminate/Database/Connection->handleQueryException()
#14 D:/DiskFiles/Projects/Web/upwork_Invoice_Ninja/reception-par-type/vendor/laravel/framework/src/Illuminate/Database/Connection.php(398): Illuminate/Database/Connection->run()
#15 D:/DiskFiles/Projects/Web/upwork_Invoice_Ninja/reception-par-type/vendor/laravel/framework/src/Illuminate/Database/Query/Builder.php(3106): Illuminate/Database/Connection->select()
#16 D:/DiskFiles/Projects/Web/upwork_Invoice_Ninja/reception-par-type/vendor/laravel/framework/src/Illuminate/Database/Query/Builder.php(3091): Illuminate/Database/Query/Builder->runSelect()
#17 D:/DiskFiles/Projects/Web/upwork_Invoice_Ninja/reception-par-type/vendor/laravel/framework/src/Illuminate/Database/Query/Builder.php(3676): Illuminate/Database/Query/Builder->Illuminate/Database/Query/{closure}()
#18 D:/DiskFiles/Projects/Web/upwork_Invoice_Ninja/reception-par-type/vendor/laravel/framework/src/Illuminate/Database/Query/Builder.php(3090): Illuminate/Database/Query/Builder->onceWithColumns()
#19 D:/DiskFiles/Projects/Web/upwork_Invoice_Ninja/reception-par-type/vendor/laravel/framework/src/Illuminate/Database/Eloquent/Builder.php(811): Illuminate/Database/Query/Builder->get()
#20 D:/DiskFiles/Projects/Web/upwork_Invoice_Ninja/reception-par-type/vendor/laravel/framework/src/Illuminate/Database/Eloquent/Builder.php(793): Illuminate/Database/Eloquent/Builder->getModels()
#21 D:/DiskFiles/Projects/Web/upwork_Invoice_Ninja/reception-par-type/vendor/laravel/framework/src/Illuminate/Database/Concerns/BuildsQueries.php(343): Illuminate/Database/Eloquent/Builder->get()
#22 D:/DiskFiles/Projects/Web/upwork_Invoice_Ninja/reception-par-type/vendor/laravel/framework/src/Illuminate/Auth/EloquentUserProvider.php(139): Illuminate/Database/Eloquent/Builder->first()
#23 D:/DiskFiles/Projects/Web/upwork_Invoice_Ninja/reception-par-type/vendor/laravel/framework/src/Illuminate/Auth/SessionGuard.php(415): Illuminate/Auth/EloquentUserProvider->retrieveByCredentials()
#24 D:/DiskFiles/Projects/Web/upwork_Invoice_Ninja/reception-par-type/vendor/laravel/framework/src/Illuminate/Support/Timebox.php(34): Illuminate/Auth/SessionGuard->Illuminate/Auth/{closure}()
#25 D:/DiskFiles/Projects/Web/upwork_Invoice_Ninja/reception-par-type/vendor/laravel/framework/src/Illuminate/Auth/SessionGuard.php(412): Illuminate/Support/Timebox->call()
#26 D:/DiskFiles/Projects/Web/upwork_Invoice_Ninja/reception-par-type/vendor/laravel/framework/src/Illuminate/Auth/AuthManager.php(340): Illuminate/Auth/SessionGuard->attempt()
#27 D:/DiskFiles/Projects/Web/upwork_Invoice_Ninja/reception-par-type/vendor/laravel/framework/src/Illuminate/Support/Facades/Facade.php(361): Illuminate/Auth/AuthManager->__call()
#28 D:/DiskFiles/Projects/Web/upwork_Invoice_Ninja/reception-par-type/app/Http/Controllers/Auth/LoginController.php(31): Illuminate/Support/Facades/Facade::__callStatic()
#29 D:/DiskFiles/Projects/Web/upwork_Invoice_Ninja/reception-par-type/vendor/laravel/framework/src/Illuminate/Routing/Controller.php(54): App/Http/Controllers/Auth/LoginController->login()
#30 D:/DiskFiles/Projects/Web/upwork_Invoice_Ninja/reception-par-type/vendor/laravel/framework/src/Illuminate/Routing/ControllerDispatcher.php(44): Illuminate/Routing/Controller->callAction()
#31 D:/DiskFiles/Projects/Web/upwork_Invoice_Ninja/reception-par-type/vendor/laravel/framework/src/Illuminate/Routing/Route.php(266): Illuminate/Routing/ControllerDispatcher->dispatch()
#32 D:/DiskFiles/Projects/Web/upwork_Invoice_Ninja/reception-par-type/vendor/laravel/framework/src/Illuminate/Routing/Route.php(212): Illuminate/Routing/Route->runController()
#33 D:/DiskFiles/Projects/Web/upwork_Invoice_Ninja/reception-par-type/vendor/laravel/framework/src/Illuminate/Routing/Router.php(808): Illuminate/Routing/Route->run()
#34 D:/DiskFiles/Projects/Web/upwork_Invoice_Ninja/reception-par-type/vendor/laravel/framework/src/Illuminate/Pipeline/Pipeline.php(170): Illuminate/Routing/Router->Illuminate/Routing/{closure}()
#35 D:/DiskFiles/Projects/Web/upwork_Invoice_Ninja/reception-par-type/app/Http/Middleware/SetLocale.php(87): Illuminate/Pipeline/Pipeline->Illuminate/Pipeline/{closure}()
#36 D:/DiskFiles/Projects/Web/upwork_Invoice_Ninja/reception-par-type/vendor/laravel/framework/src/Illuminate/Pipeline/Pipeline.php(209): App/Http/Middleware/SetLocale->handle()
#37 D:/DiskFiles/Projects/Web/upwork_Invoice_Ninja/reception-par-type/app/Http/Middleware/TrackAffiliate.php(45): Illuminate/Pipeline/Pipeline->Illuminate/Pipeline/{closure}()
#38 D:/DiskFiles/Projects/Web/upwork_Invoice_Ninja/reception-par-type/vendor/laravel/framework/src/Illuminate/Pipeline/Pipeline.php(209): App/Http/Middleware/TrackAffiliate->handle()
#39 D:/DiskFiles/Projects/Web/upwork_Invoice_Ninja/reception-par-type/vendor/laravel/framework/src/Illuminate/Routing/Middleware/SubstituteBindings.php(51): Illuminate/Pipeline/Pipeline->Illuminate/Pipeline/{closure}()
#40 D:/DiskFiles/Projects/Web/upwork_Invoice_Ninja/reception-par-type/vendor/laravel/framework/src/Illuminate/Pipeline/Pipeline.php(209): Illuminate/Routing/Middleware/SubstituteBindings->handle()
#41 D:/DiskFiles/Projects/Web/upwork_Invoice_Ninja/reception-par-type/vendor/laravel/framework/src/Illuminate/Foundation/Http/Middleware/VerifyCsrfToken.php(88): Illuminate/Pipeline/Pipeline->Illuminate/Pipeline/{closure}()
#42 D:/DiskFiles/Projects/Web/upwork_Invoice_Ninja/reception-par-type/vendor/laravel/framework/src/Illuminate/Pipeline/Pipeline.php(209): Illuminate/Foundation/Http/Middleware/VerifyCsrfToken->handle()
#43 D:/DiskFiles/Projects/Web/upwork_Invoice_Ninja/reception-par-type/vendor/laravel/framework/src/Illuminate/View/Middleware/ShareErrorsFromSession.php(49): Illuminate/Pipeline/Pipeline->Illuminate/Pipeline/{closure}()
#44 D:/DiskFiles/Projects/Web/upwork_Invoice_Ninja/reception-par-type/vendor/laravel/framework/src/Illuminate/Pipeline/Pipeline.php(209): Illuminate/View/Middleware/ShareErrorsFromSession->handle()
#45 D:/DiskFiles/Projects/Web/upwork_Invoice_Ninja/reception-par-type/vendor/laravel/framework/src/Illuminate/Session/Middleware/StartSession.php(121): Illuminate/Pipeline/Pipeline->Illuminate/Pipeline/{closure}()
#46 D:/DiskFiles/Projects/Web/upwork_Invoice_Ninja/reception-par-type/vendor/laravel/framework/src/Illuminate/Session/Middleware/StartSession.php(64): Illuminate/Session/Middleware/StartSession->handleStatefulRequest()
#47 D:/DiskFiles/Projects/Web/upwork_Invoice_Ninja/reception-par-type/vendor/laravel/framework/src/Illuminate/Pipeline/Pipeline.php(209): Illuminate/Session/Middleware/StartSession->handle()
#48 D:/DiskFiles/Projects/Web/upwork_Invoice_Ninja/reception-par-type/vendor/laravel/framework/src/Illuminate/Cookie/Middleware/AddQueuedCookiesToResponse.php(37): Illuminate/Pipeline/Pipeline->Illuminate/Pipeline/{closure}()
#49 D:/DiskFiles/Projects/Web/upwork_Invoice_Ninja/reception-par-type/vendor/laravel/framework/src/Illuminate/Pipeline/Pipeline.php(209): Illuminate/Cookie/Middleware/AddQueuedCookiesToResponse->handle()
#50 D:/DiskFiles/Projects/Web/upwork_Invoice_Ninja/reception-par-type/vendor/laravel/framework/src/Illuminate/Cookie/Middleware/EncryptCookies.php(75): Illuminate/Pipeline/Pipeline->Illuminate/Pipeline/{closure}()
#51 D:/DiskFiles/Projects/Web/upwork_Invoice_Ninja/reception-par-type/vendor/laravel/framework/src/Illuminate/Pipeline/Pipeline.php(209): Illuminate/Cookie/Middleware/EncryptCookies->handle()
#52 D:/DiskFiles/Projects/Web/upwork_Invoice_Ninja/reception-par-type/vendor/laravel/framework/src/Illuminate/Pipeline/Pipeline.php(127): Illuminate/Pipeline/Pipeline->Illuminate/Pipeline/{closure}()
#53 D:/DiskFiles/Projects/Web/upwork_Invoice_Ninja/reception-par-type/vendor/laravel/framework/src/Illuminate/Routing/Router.php(807): Illuminate/Pipeline/Pipeline->then()
#54 D:/DiskFiles/Projects/Web/upwork_Invoice_Ninja/reception-par-type/vendor/laravel/framework/src/Illuminate/Routing/Router.php(786): Illuminate/Routing/Router->runRouteWithinStack()
#55 D:/DiskFiles/Projects/Web/upwork_Invoice_Ninja/reception-par-type/vendor/laravel/framework/src/Illuminate/Routing/Router.php(750): Illuminate/Routing/Router->runRoute()
#56 D:/DiskFiles/Projects/Web/upwork_Invoice_Ninja/reception-par-type/vendor/laravel/framework/src/Illuminate/Routing/Router.php(739): Illuminate/Routing/Router->dispatchToRoute()
#57 D:/DiskFiles/Projects/Web/upwork_Invoice_Ninja/reception-par-type/vendor/laravel/framework/src/Illuminate/Foundation/Http/Kernel.php(201): Illuminate/Routing/Router->dispatch()
#58 D:/DiskFiles/Projects/Web/upwork_Invoice_Ninja/reception-par-type/vendor/laravel/framework/src/Illuminate/Pipeline/Pipeline.php(170): Illuminate/Foundation/Http/Kernel->Illuminate/Foundation/Http/{closure}()
#59 D:/DiskFiles/Projects/Web/upwork_Invoice_Ninja/reception-par-type/vendor/laravel/framework/src/Illuminate/Foundation/Http/Middleware/TransformsRequest.php(21): Illuminate/Pipeline/Pipeline->Illuminate/Pipeline/{closure}()
#60 D:/DiskFiles/Projects/Web/upwork_Invoice_Ninja/reception-par-type/vendor/laravel/framework/src/Illuminate/Foundation/Http/Middleware/ConvertEmptyStringsToNull.php(31): Illuminate/Foundation/Http/Middleware/TransformsRequest->handle()
#61 D:/DiskFiles/Projects/Web/upwork_Invoice_Ninja/reception-par-type/vendor/laravel/framework/src/Illuminate/Pipeline/Pipeline.php(209): Illuminate/Foundation/Http/Middleware/ConvertEmptyStringsToNull->handle()
#62 D:/DiskFiles/Projects/Web/upwork_Invoice_Ninja/reception-par-type/vendor/laravel/framework/src/Illuminate/Foundation/Http/Middleware/TransformsRequest.php(21): Illuminate/Pipeline/Pipeline->Illuminate/Pipeline/{closure}()
#63 D:/DiskFiles/Projects/Web/upwork_Invoice_Ninja/reception-par-type/vendor/laravel/framework/src/Illuminate/Foundation/Http/Middleware/TrimStrings.php(51): Illuminate/Foundation/Http/Middleware/TransformsRequest->handle()
#64 D:/DiskFiles/Projects/Web/upwork_Invoice_Ninja/reception-par-type/vendor/laravel/framework/src/Illuminate/Pipeline/Pipeline.php(209): Illuminate/Foundation/Http/Middleware/TrimStrings->handle()
#65 D:/DiskFiles/Projects/Web/upwork_Invoice_Ninja/reception-par-type/vendor/laravel/framework/src/Illuminate/Http/Middleware/ValidatePostSize.php(27): Illuminate/Pipeline/Pipeline->Illuminate/Pipeline/{closure}()
#66 D:/DiskFiles/Projects/Web/upwork_Invoice_Ninja/reception-par-type/vendor/laravel/framework/src/Illuminate/Pipeline/Pipeline.php(209): Illuminate/Http/Middleware/ValidatePostSize->handle()
#67 D:/DiskFiles/Projects/Web/upwork_Invoice_Ninja/reception-par-type/vendor/laravel/framework/src/Illuminate/Foundation/Http/Middleware/PreventRequestsDuringMaintenance.php(110): Illuminate/Pipeline/Pipeline->Illuminate/Pipeline/{closure}()
#68 D:/DiskFiles/Projects/Web/upwork_Invoice_Ninja/reception-par-type/vendor/laravel/framework/src/Illuminate/Pipeline/Pipeline.php(209): Illuminate/Foundation/Http/Middleware/PreventRequestsDuringMaintenance->handle()
#69 D:/DiskFiles/Projects/Web/upwork_Invoice_Ninja/reception-par-type/vendor/laravel/framework/src/Illuminate/Http/Middleware/HandleCors.php(49): Illuminate/Pipeline/Pipeline->Illuminate/Pipeline/{closure}()
#70 D:/DiskFiles/Projects/Web/upwork_Invoice_Ninja/reception-par-type/vendor/laravel/framework/src/Illuminate/Pipeline/Pipeline.php(209): Illuminate/Http/Middleware/HandleCors->handle()
#71 D:/DiskFiles/Projects/Web/upwork_Invoice_Ninja/reception-par-type/vendor/laravel/framework/src/Illuminate/Http/Middleware/TrustProxies.php(58): Illuminate/Pipeline/Pipeline->Illuminate/Pipeline/{closure}()
#72 D:/DiskFiles/Projects/Web/upwork_Invoice_Ninja/reception-par-type/vendor/laravel/framework/src/Illuminate/Pipeline/Pipeline.php(209): Illuminate/Http/Middleware/TrustProxies->handle()
#73 D:/DiskFiles/Projects/Web/upwork_Invoice_Ninja/reception-par-type/vendor/laravel/framework/src/Illuminate/Foundation/Http/Middleware/InvokeDeferredCallbacks.php(22): Illuminate/Pipeline/Pipeline->Illuminate/Pipeline/{closure}()
#74 D:/DiskFiles/Projects/Web/upwork_Invoice_Ninja/reception-par-type/vendor/laravel/framework/src/Illuminate/Pipeline/Pipeline.php(209): Illuminate/Foundation/Http/Middleware/InvokeDeferredCallbacks->handle()
#75 D:/DiskFiles/Projects/Web/upwork_Invoice_Ninja/reception-par-type/vendor/laravel/framework/src/Illuminate/Pipeline/Pipeline.php(127): Illuminate/Pipeline/Pipeline->Illuminate/Pipeline/{closure}()
#76 D:/DiskFiles/Projects/Web/upwork_Invoice_Ninja/reception-par-type/vendor/laravel/framework/src/Illuminate/Foundation/Http/Kernel.php(176): Illuminate/Pipeline/Pipeline->then()
#77 D:/DiskFiles/Projects/Web/upwork_Invoice_Ninja/reception-par-type/vendor/laravel/framework/src/Illuminate/Foundation/Http/Kernel.php(145): Illuminate/Foundation/Http/Kernel->sendRequestThroughRouter()
#78 D:/DiskFiles/Projects/Web/upwork_Invoice_Ninja/reception-par-type/vendor/laravel/framework/src/Illuminate/Foundation/Application.php(1220): Illuminate/Foundation/Http/Kernel->handle()
#79 D:/DiskFiles/Projects/Web/upwork_Invoice_Ninja/reception-par-type/public/index.php(18): Illuminate/Foundation/Application->handleRequest()
#80 D:/DiskFiles/Projects/Web/upwork_Invoice_Ninja/reception-par-type/vendor/laravel/framework/src/Illuminate/Foundation/resources/server.php(23): require_once('...')
#81 {main}
"} 
[2026-06-24 13:59:33] production.ERROR: SQLSTATE[HY000] [2002] A connection attempt failed because the connected party did not properly respond after a period of time, or established connection failed because connected host has failed to respond (Connection: mysql, SQL: select * from `users` where `email` = admin@reception-par-type.ch and `users`.`deleted_at` is null limit 1) {"exception":"[object] (Illuminate\\Database\\QueryException(code: 2002): SQLSTATE[HY000] [2002] A connection attempt failed because the connected party did not properly respond after a period of time, or established connection failed because connected host has failed to respond (Connection: mysql, SQL: select * from `users` where `email` = admin@reception-par-type.ch and `users`.`deleted_at` is null limit 1) at D:/DiskFiles/Projects/Web/upwork_Invoice_Ninja/reception-par-type/vendor/laravel/framework/src/Illuminate/Database/Connection.php:825)
[stacktrace]
#0 D:/DiskFiles/Projects/Web/upwork_Invoice_Ninja/reception-par-type/vendor/laravel/framework/src/Illuminate/Database/Connection.php(979): Illuminate/Database/Connection->runQueryCallback()
#1 D:/DiskFiles/Projects/Web/upwork_Invoice_Ninja/reception-par-type/vendor/laravel/framework/src/Illuminate/Database/Connection.php(958): Illuminate/Database/Connection->tryAgainIfCausedByLostConnection()
#2 D:/DiskFiles/Projects/Web/upwork_Invoice_Ninja/reception-par-type/vendor/laravel/framework/src/Illuminate/Database/Connection.php(781): Illuminate/Database/Connection->handleQueryException()
#3 D:/DiskFiles/Projects/Web/upwork_Invoice_Ninja/reception-par-type/vendor/laravel/framework/src/Illuminate/Database/Connection.php(398): Illuminate/Database/Connection->run()
#4 D:/DiskFiles/Projects/Web/upwork_Invoice_Ninja/reception-par-type/vendor/laravel/framework/src/Illuminate/Database/Query/Builder.php(3106): Illuminate/Database/Connection->select()
#5 D:/DiskFiles/Projects/Web/upwork_Invoice_Ninja/reception-par-type/vendor/laravel/framework/src/Illuminate/Database/Query/Builder.php(3091): Illuminate/Database/Query/Builder->runSelect()
#6 D:/DiskFiles/Projects/Web/upwork_Invoice_Ninja/reception-par-type/vendor/laravel/framework/src/Illuminate/Database/Query/Builder.php(3676): Illuminate/Database/Query/Builder->Illuminate/Database/Query/{closure}()
#7 D:/DiskFiles/Projects/Web/upwork_Invoice_Ninja/reception-par-type/vendor/laravel/framework/src/Illuminate/Database/Query/Builder.php(3090): Illuminate/Database/Query/Builder->onceWithColumns()
#8 D:/DiskFiles/Projects/Web/upwork_Invoice_Ninja/reception-par-type/vendor/laravel/framework/src/Illuminate/Database/Eloquent/Builder.php(811): Illuminate/Database/Query/Builder->get()
#9 D:/DiskFiles/Projects/Web/upwork_Invoice_Ninja/reception-par-type/vendor/laravel/framework/src/Illuminate/Database/Eloquent/Builder.php(793): Illuminate/Database/Eloquent/Builder->getModels()
#10 D:/DiskFiles/Projects/Web/upwork_Invoice_Ninja/reception-par-type/vendor/laravel/framework/src/Illuminate/Database/Concerns/BuildsQueries.php(343): Illuminate/Database/Eloquent/Builder->get()
#11 D:/DiskFiles/Projects/Web/upwork_Invoice_Ninja/reception-par-type/vendor/laravel/framework/src/Illuminate/Auth/EloquentUserProvider.php(139): Illuminate/Database/Eloquent/Builder->first()
#12 D:/DiskFiles/Projects/Web/upwork_Invoice_Ninja/reception-par-type/vendor/laravel/framework/src/Illuminate/Auth/SessionGuard.php(415): Illuminate/Auth/EloquentUserProvider->retrieveByCredentials()
#13 D:/DiskFiles/Projects/Web/upwork_Invoice_Ninja/reception-par-type/vendor/laravel/framework/src/Illuminate/Support/Timebox.php(34): Illuminate/Auth/SessionGuard->Illuminate/Auth/{closure}()
#14 D:/DiskFiles/Projects/Web/upwork_Invoice_Ninja/reception-par-type/vendor/laravel/framework/src/Illuminate/Auth/SessionGuard.php(412): Illuminate/Support/Timebox->call()
#15 D:/DiskFiles/Projects/Web/upwork_Invoice_Ninja/reception-par-type/vendor/laravel/framework/src/Illuminate/Auth/AuthManager.php(340): Illuminate/Auth/SessionGuard->attempt()
#16 D:/DiskFiles/Projects/Web/upwork_Invoice_Ninja/reception-par-type/vendor/laravel/framework/src/Illuminate/Support/Facades/Facade.php(361): Illuminate/Auth/AuthManager->__call()
#17 D:/DiskFiles/Projects/Web/upwork_Invoice_Ninja/reception-par-type/app/Http/Controllers/Auth/LoginController.php(31): Illuminate/Support/Facades/Facade::__callStatic()
#18 D:/DiskFiles/Projects/Web/upwork_Invoice_Ninja/reception-par-type/vendor/laravel/framework/src/Illuminate/Routing/Controller.php(54): App/Http/Controllers/Auth/LoginController->login()
#19 D:/DiskFiles/Projects/Web/upwork_Invoice_Ninja/reception-par-type/vendor/laravel/framework/src/Illuminate/Routing/ControllerDispatcher.php(44): Illuminate/Routing/Controller->callAction()
#20 D:/DiskFiles/Projects/Web/upwork_Invoice_Ninja/reception-par-type/vendor/laravel/framework/src/Illuminate/Routing/Route.php(266): Illuminate/Routing/ControllerDispatcher->dispatch()
#21 D:/DiskFiles/Projects/Web/upwork_Invoice_Ninja/reception-par-type/vendor/laravel/framework/src/Illuminate/Routing/Route.php(212): Illuminate/Routing/Route->runController()
#22 D:/DiskFiles/Projects/Web/upwork_Invoice_Ninja/reception-par-type/vendor/laravel/framework/src/Illuminate/Routing/Router.php(808): Illuminate/Routing/Route->run()
#23 D:/DiskFiles/Projects/Web/upwork_Invoice_Ninja/reception-par-type/vendor/laravel/framework/src/Illuminate/Pipeline/Pipeline.php(170): Illuminate/Routing/Router->Illuminate/Routing/{closure}()
#24 D:/DiskFiles/Projects/Web/upwork_Invoice_Ninja/reception-par-type/app/Http/Middleware/SetLocale.php(87): Illuminate/Pipeline/Pipeline->Illuminate/Pipeline/{closure}()
#25 D:/DiskFiles/Projects/Web/upwork_Invoice_Ninja/reception-par-type/vendor/laravel/framework/src/Illuminate/Pipeline/Pipeline.php(209): App/Http/Middleware/SetLocale->handle()
#26 D:/DiskFiles/Projects/Web/upwork_Invoice_Ninja/reception-par-type/app/Http/Middleware/TrackAffiliate.php(45): Illuminate/Pipeline/Pipeline->Illuminate/Pipeline/{closure}()
#27 D:/DiskFiles/Projects/Web/upwork_Invoice_Ninja/reception-par-type/vendor/laravel/framework/src/Illuminate/Pipeline/Pipeline.php(209): App/Http/Middleware/TrackAffiliate->handle()
#28 D:/DiskFiles/Projects/Web/upwork_Invoice_Ninja/reception-par-type/vendor/laravel/framework/src/Illuminate/Routing/Middleware/SubstituteBindings.php(51): Illuminate/Pipeline/Pipeline->Illuminate/Pipeline/{closure}()
#29 D:/DiskFiles/Projects/Web/upwork_Invoice_Ninja/reception-par-type/vendor/laravel/framework/src/Illuminate/Pipeline/Pipeline.php(209): Illuminate/Routing/Middleware/SubstituteBindings->handle()
#30 D:/DiskFiles/Projects/Web/upwork_Invoice_Ninja/reception-par-type/vendor/laravel/framework/src/Illuminate/Foundation/Http/Middleware/VerifyCsrfToken.php(88): Illuminate/Pipeline/Pipeline->Illuminate/Pipeline/{closure}()
#31 D:/DiskFiles/Projects/Web/upwork_Invoice_Ninja/reception-par-type/vendor/laravel/framework/src/Illuminate/Pipeline/Pipeline.php(209): Illuminate/Foundation/Http/Middleware/VerifyCsrfToken->handle()
#32 D:/DiskFiles/Projects/Web/upwork_Invoice_Ninja/reception-par-type/vendor/laravel/framework/src/Illuminate/View/Middleware/ShareErrorsFromSession.php(49): Illuminate/Pipeline/Pipeline->Illuminate/Pipeline/{closure}()
#33 D:/DiskFiles/Projects/Web/upwork_Invoice_Ninja/reception-par-type/vendor/laravel/framework/src/Illuminate/Pipeline/Pipeline.php(209): Illuminate/View/Middleware/ShareErrorsFromSession->handle()
#34 D:/DiskFiles/Projects/Web/upwork_Invoice_Ninja/reception-par-type/vendor/laravel/framework/src/Illuminate/Session/Middleware/StartSession.php(121): Illuminate/Pipeline/Pipeline->Illuminate/Pipeline/{closure}()
#35 D:/DiskFiles/Projects/Web/upwork_Invoice_Ninja/reception-par-type/vendor/laravel/framework/src/Illuminate/Session/Middleware/StartSession.php(64): Illuminate/Session/Middleware/StartSession->handleStatefulRequest()
#36 D:/DiskFiles/Projects/Web/upwork_Invoice_Ninja/reception-par-type/vendor/laravel/framework/src/Illuminate/Pipeline/Pipeline.php(209): Illuminate/Session/Middleware/StartSession->handle()
#37 D:/DiskFiles/Projects/Web/upwork_Invoice_Ninja/reception-par-type/vendor/laravel/framework/src/Illuminate/Cookie/Middleware/AddQueuedCookiesToResponse.php(37): Illuminate/Pipeline/Pipeline->Illuminate/Pipeline/{closure}()
#38 D:/DiskFiles/Projects/Web/upwork_Invoice_Ninja/reception-par-type/vendor/laravel/framework/src/Illuminate/Pipeline/Pipeline.php(209): Illuminate/Cookie/Middleware/AddQueuedCookiesToResponse->handle()
#39 D:/DiskFiles/Projects/Web/upwork_Invoice_Ninja/reception-par-type/vendor/laravel/framework/src/Illuminate/Cookie/Middleware/EncryptCookies.php(75): Illuminate/Pipeline/Pipeline->Illuminate/Pipeline/{closure}()
#40 D:/DiskFiles/Projects/Web/upwork_Invoice_Ninja/reception-par-type/vendor/laravel/framework/src/Illuminate/Pipeline/Pipeline.php(209): Illuminate/Cookie/Middleware/EncryptCookies->handle()
#41 D:/DiskFiles/Projects/Web/upwork_Invoice_Ninja/reception-par-type/vendor/laravel/framework/src/Illuminate/Pipeline/Pipeline.php(127): Illuminate/Pipeline/Pipeline->Illuminate/Pipeline/{closure}()
#42 D:/DiskFiles/Projects/Web/upwork_Invoice_Ninja/reception-par-type/vendor/laravel/framework/src/Illuminate/Routing/Router.php(807): Illuminate/Pipeline/Pipeline->then()
#43 D:/DiskFiles/Projects/Web/upwork_Invoice_Ninja/reception-par-type/vendor/laravel/framework/src/Illuminate/Routing/Router.php(786): Illuminate/Routing/Router->runRouteWithinStack()
#44 D:/DiskFiles/Projects/Web/upwork_Invoice_Ninja/reception-par-type/vendor/laravel/framework/src/Illuminate/Routing/Router.php(750): Illuminate/Routing/Router->runRoute()
#45 D:/DiskFiles/Projects/Web/upwork_Invoice_Ninja/reception-par-type/vendor/laravel/framework/src/Illuminate/Routing/Router.php(739): Illuminate/Routing/Router->dispatchToRoute()
#46 D:/DiskFiles/Projects/Web/upwork_Invoice_Ninja/reception-par-type/vendor/laravel/framework/src/Illuminate/Foundation/Http/Kernel.php(201): Illuminate/Routing/Router->dispatch()
#47 D:/DiskFiles/Projects/Web/upwork_Invoice_Ninja/reception-par-type/vendor/laravel/framework/src/Illuminate/Pipeline/Pipeline.php(170): Illuminate/Foundation/Http/Kernel->Illuminate/Foundation/Http/{closure}()
#48 D:/DiskFiles/Projects/Web/upwork_Invoice_Ninja/reception-par-type/vendor/laravel/framework/src/Illuminate/Foundation/Http/Middleware/TransformsRequest.php(21): Illuminate/Pipeline/Pipeline->Illuminate/Pipeline/{closure}()
#49 D:/DiskFiles/Projects/Web/upwork_Invoice_Ninja/reception-par-type/vendor/laravel/framework/src/Illuminate/Foundation/Http/Middleware/ConvertEmptyStringsToNull.php(31): Illuminate/Foundation/Http/Middleware/TransformsRequest->handle()
#50 D:/DiskFiles/Projects/Web/upwork_Invoice_Ninja/reception-par-type/vendor/laravel/framework/src/Illuminate/Pipeline/Pipeline.php(209): Illuminate/Foundation/Http/Middleware/ConvertEmptyStringsToNull->handle()
#51 D:/DiskFiles/Projects/Web/upwork_Invoice_Ninja/reception-par-type/vendor/laravel/framework/src/Illuminate/Foundation/Http/Middleware/TransformsRequest.php(21): Illuminate/Pipeline/Pipeline->Illuminate/Pipeline/{closure}()
#52 D:/DiskFiles/Projects/Web/upwork_Invoice_Ninja/reception-par-type/vendor/laravel/framework/src/Illuminate/Foundation/Http/Middleware/TrimStrings.php(51): Illuminate/Foundation/Http/Middleware/TransformsRequest->handle()
#53 D:/DiskFiles/Projects/Web/upwork_Invoice_Ninja/reception-par-type/vendor/laravel/framework/src/Illuminate/Pipeline/Pipeline.php(209): Illuminate/Foundation/Http/Middleware/TrimStrings->handle()
#54 D:/DiskFiles/Projects/Web/upwork_Invoice_Ninja/reception-par-type/vendor/laravel/framework/src/Illuminate/Http/Middleware/ValidatePostSize.php(27): Illuminate/Pipeline/Pipeline->Illuminate/Pipeline/{closure}()
#55 D:/DiskFiles/Projects/Web/upwork_Invoice_Ninja/reception-par-type/vendor/laravel/framework/src/Illuminate/Pipeline/Pipeline.php(209): Illuminate/Http/Middleware/ValidatePostSize->handle()
#56 D:/DiskFiles/Projects/Web/upwork_Invoice_Ninja/reception-par-type/vendor/laravel/framework/src/Illuminate/Foundation/Http/Middleware/PreventRequestsDuringMaintenance.php(110): Illuminate/Pipeline/Pipeline->Illuminate/Pipeline/{closure}()
#57 D:/DiskFiles/Projects/Web/upwork_Invoice_Ninja/reception-par-type/vendor/laravel/framework/src/Illuminate/Pipeline/Pipeline.php(209): Illuminate/Foundation/Http/Middleware/PreventRequestsDuringMaintenance->handle()
#58 D:/DiskFiles/Projects/Web/upwork_Invoice_Ninja/reception-par-type/vendor/laravel/framework/src/Illuminate/Http/Middleware/HandleCors.php(49): Illuminate/Pipeline/Pipeline->Illuminate/Pipeline/{closure}()
#59 D:/DiskFiles/Projects/Web/upwork_Invoice_Ninja/reception-par-type/vendor/laravel/framework/src/Illuminate/Pipeline/Pipeline.php(209): Illuminate/Http/Middleware/HandleCors->handle()
#60 D:/DiskFiles/Projects/Web/upwork_Invoice_Ninja/reception-par-type/vendor/laravel/framework/src/Illuminate/Http/Middleware/TrustProxies.php(58): Illuminate/Pipeline/Pipeline->Illuminate/Pipeline/{closure}()
#61 D:/DiskFiles/Projects/Web/upwork_Invoice_Ninja/reception-par-type/vendor/laravel/framework/src/Illuminate/Pipeline/Pipeline.php(209): Illuminate/Http/Middleware/TrustProxies->handle()
#62 D:/DiskFiles/Projects/Web/upwork_Invoice_Ninja/reception-par-type/vendor/laravel/framework/src/Illuminate/Foundation/Http/Middleware/InvokeDeferredCallbacks.php(22): Illuminate/Pipeline/Pipeline->Illuminate/Pipeline/{closure}()
#63 D:/DiskFiles/Projects/Web/upwork_Invoice_Ninja/reception-par-type/vendor/laravel/framework/src/Illuminate/Pipeline/Pipeline.php(209): Illuminate/Foundation/Http/Middleware/InvokeDeferredCallbacks->handle()
#64 D:/DiskFiles/Projects/Web/upwork_Invoice_Ninja/reception-par-type/vendor/laravel/framework/src/Illuminate/Pipeline/Pipeline.php(127): Illuminate/Pipeline/Pipeline->Illuminate/Pipeline/{closure}()
#65 D:/DiskFiles/Projects/Web/upwork_Invoice_Ninja/reception-par-type/vendor/laravel/framework/src/Illuminate/Foundation/Http/Kernel.php(176): Illuminate/Pipeline/Pipeline->then()
#66 D:/DiskFiles/Projects/Web/upwork_Invoice_Ninja/reception-par-type/vendor/laravel/framework/src/Illuminate/Foundation/Http/Kernel.php(145): Illuminate/Foundation/Http/Kernel->sendRequestThroughRouter()
#67 D:/DiskFiles/Projects/Web/upwork_Invoice_Ninja/reception-par-type/vendor/laravel/framework/src/Illuminate/Foundation/Application.php(1220): Illuminate/Foundation/Http/Kernel->handle()
#68 D:/DiskFiles/Projects/Web/upwork_Invoice_Ninja/reception-par-type/public/index.php(18): Illuminate/Foundation/Application->handleRequest()
#69 D:/DiskFiles/Projects/Web/upwork_Invoice_Ninja/reception-par-type/vendor/laravel/framework/src/Illuminate/Foundation/resources/server.php(23): require_once('...')
#70 {main}

[previous exception] [object] (PDOException(code: 2002): SQLSTATE[HY000] [2002] A connection attempt failed because the connected party did not properly respond after a period of time, or established connection failed because connected host has failed to respond at D:/DiskFiles/Projects/Web/upwork_Invoice_Ninja/reception-par-type/vendor/laravel/framework/src/Illuminate/Database/Connectors/Connector.php:66)
[stacktrace]
#0 D:/DiskFiles/Projects/Web/upwork_Invoice_Ninja/reception-par-type/vendor/laravel/framework/src/Illuminate/Database/Connectors/Connector.php(66): PDO->__construct()
#1 D:/DiskFiles/Projects/Web/upwork_Invoice_Ninja/reception-par-type/vendor/laravel/framework/src/Illuminate/Database/Connectors/Connector.php(85): Illuminate/Database/Connectors/Connector->createPdoConnection()
#2 D:/DiskFiles/Projects/Web/upwork_Invoice_Ninja/reception-par-type/vendor/laravel/framework/src/Illuminate/Database/Connectors/Connector.php(48): Illuminate/Database/Connectors/Connector->tryAgainIfCausedByLostConnection()
#3 D:/DiskFiles/Projects/Web/upwork_Invoice_Ninja/reception-par-type/vendor/laravel/framework/src/Illuminate/Database/Connectors/MySqlConnector.php(24): Illuminate/Database/Connectors/Connector->createConnection()
#4 D:/DiskFiles/Projects/Web/upwork_Invoice_Ninja/reception-par-type/vendor/laravel/framework/src/Illuminate/Database/Connectors/ConnectionFactory.php(185): Illuminate/Database/Connectors/MySqlConnector->connect()
#5 [internal function]: Illuminate/Database/Connectors/ConnectionFactory->Illuminate/Database/Connectors/{closure}()
#6 D:/DiskFiles/Projects/Web/upwork_Invoice_Ninja/reception-par-type/vendor/laravel/framework/src/Illuminate/Database/Connection.php(1231): call_user_func()
#7 D:/DiskFiles/Projects/Web/upwork_Invoice_Ninja/reception-par-type/vendor/laravel/framework/src/Illuminate/Database/Connection.php(1267): Illuminate/Database/Connection->getPdo()
#8 D:/DiskFiles/Projects/Web/upwork_Invoice_Ninja/reception-par-type/vendor/laravel/framework/src/Illuminate/Database/Connection.php(512): Illuminate/Database/Connection->getReadPdo()
#9 D:/DiskFiles/Projects/Web/upwork_Invoice_Ninja/reception-par-type/vendor/laravel/framework/src/Illuminate/Database/Connection.php(407): Illuminate/Database/Connection->getPdoForSelect()
#10 D:/DiskFiles/Projects/Web/upwork_Invoice_Ninja/reception-par-type/vendor/laravel/framework/src/Illuminate/Database/Connection.php(812): Illuminate/Database/Connection->Illuminate/Database/{closure}()
#11 D:/DiskFiles/Projects/Web/upwork_Invoice_Ninja/reception-par-type/vendor/laravel/framework/src/Illuminate/Database/Connection.php(979): Illuminate/Database/Connection->runQueryCallback()
#12 D:/DiskFiles/Projects/Web/upwork_Invoice_Ninja/reception-par-type/vendor/laravel/framework/src/Illuminate/Database/Connection.php(958): Illuminate/Database/Connection->tryAgainIfCausedByLostConnection()
#13 D:/DiskFiles/Projects/Web/upwork_Invoice_Ninja/reception-par-type/vendor/laravel/framework/src/Illuminate/Database/Connection.php(781): Illuminate/Database/Connection->handleQueryException()
#14 D:/DiskFiles/Projects/Web/upwork_Invoice_Ninja/reception-par-type/vendor/laravel/framework/src/Illuminate/Database/Connection.php(398): Illuminate/Database/Connection->run()
#15 D:/DiskFiles/Projects/Web/upwork_Invoice_Ninja/reception-par-type/vendor/laravel/framework/src/Illuminate/Database/Query/Builder.php(3106): Illuminate/Database/Connection->select()
#16 D:/DiskFiles/Projects/Web/upwork_Invoice_Ninja/reception-par-type/vendor/laravel/framework/src/Illuminate/Database/Query/Builder.php(3091): Illuminate/Database/Query/Builder->runSelect()
#17 D:/DiskFiles/Projects/Web/upwork_Invoice_Ninja/reception-par-type/vendor/laravel/framework/src/Illuminate/Database/Query/Builder.php(3676): Illuminate/Database/Query/Builder->Illuminate/Database/Query/{closure}()
#18 D:/DiskFiles/Projects/Web/upwork_Invoice_Ninja/reception-par-type/vendor/laravel/framework/src/Illuminate/Database/Query/Builder.php(3090): Illuminate/Database/Query/Builder->onceWithColumns()
#19 D:/DiskFiles/Projects/Web/upwork_Invoice_Ninja/reception-par-type/vendor/laravel/framework/src/Illuminate/Database/Eloquent/Builder.php(811): Illuminate/Database/Query/Builder->get()
#20 D:/DiskFiles/Projects/Web/upwork_Invoice_Ninja/reception-par-type/vendor/laravel/framework/src/Illuminate/Database/Eloquent/Builder.php(793): Illuminate/Database/Eloquent/Builder->getModels()
#21 D:/DiskFiles/Projects/Web/upwork_Invoice_Ninja/reception-par-type/vendor/laravel/framework/src/Illuminate/Database/Concerns/BuildsQueries.php(343): Illuminate/Database/Eloquent/Builder->get()
#22 D:/DiskFiles/Projects/Web/upwork_Invoice_Ninja/reception-par-type/vendor/laravel/framework/src/Illuminate/Auth/EloquentUserProvider.php(139): Illuminate/Database/Eloquent/Builder->first()
#23 D:/DiskFiles/Projects/Web/upwork_Invoice_Ninja/reception-par-type/vendor/laravel/framework/src/Illuminate/Auth/SessionGuard.php(415): Illuminate/Auth/EloquentUserProvider->retrieveByCredentials()
#24 D:/DiskFiles/Projects/Web/upwork_Invoice_Ninja/reception-par-type/vendor/laravel/framework/src/Illuminate/Support/Timebox.php(34): Illuminate/Auth/SessionGuard->Illuminate/Auth/{closure}()
#25 D:/DiskFiles/Projects/Web/upwork_Invoice_Ninja/reception-par-type/vendor/laravel/framework/src/Illuminate/Auth/SessionGuard.php(412): Illuminate/Support/Timebox->call()
#26 D:/DiskFiles/Projects/Web/upwork_Invoice_Ninja/reception-par-type/vendor/laravel/framework/src/Illuminate/Auth/AuthManager.php(340): Illuminate/Auth/SessionGuard->attempt()
#27 D:/DiskFiles/Projects/Web/upwork_Invoice_Ninja/reception-par-type/vendor/laravel/framework/src/Illuminate/Support/Facades/Facade.php(361): Illuminate/Auth/AuthManager->__call()
#28 D:/DiskFiles/Projects/Web/upwork_Invoice_Ninja/reception-par-type/app/Http/Controllers/Auth/LoginController.php(31): Illuminate/Support/Facades/Facade::__callStatic()
#29 D:/DiskFiles/Projects/Web/upwork_Invoice_Ninja/reception-par-type/vendor/laravel/framework/src/Illuminate/Routing/Controller.php(54): App/Http/Controllers/Auth/LoginController->login()
#30 D:/DiskFiles/Projects/Web/upwork_Invoice_Ninja/reception-par-type/vendor/laravel/framework/src/Illuminate/Routing/ControllerDispatcher.php(44): Illuminate/Routing/Controller->callAction()
#31 D:/DiskFiles/Projects/Web/upwork_Invoice_Ninja/reception-par-type/vendor/laravel/framework/src/Illuminate/Routing/Route.php(266): Illuminate/Routing/ControllerDispatcher->dispatch()
#32 D:/DiskFiles/Projects/Web/upwork_Invoice_Ninja/reception-par-type/vendor/laravel/framework/src/Illuminate/Routing/Route.php(212): Illuminate/Routing/Route->runController()
#33 D:/DiskFiles/Projects/Web/upwork_Invoice_Ninja/reception-par-type/vendor/laravel/framework/src/Illuminate/Routing/Router.php(808): Illuminate/Routing/Route->run()
#34 D:/DiskFiles/Projects/Web/upwork_Invoice_Ninja/reception-par-type/vendor/laravel/framework/src/Illuminate/Pipeline/Pipeline.php(170): Illuminate/Routing/Router->Illuminate/Routing/{closure}()
#35 D:/DiskFiles/Projects/Web/upwork_Invoice_Ninja/reception-par-type/app/Http/Middleware/SetLocale.php(87): Illuminate/Pipeline/Pipeline->Illuminate/Pipeline/{closure}()
#36 D:/DiskFiles/Projects/Web/upwork_Invoice_Ninja/reception-par-type/vendor/laravel/framework/src/Illuminate/Pipeline/Pipeline.php(209): App/Http/Middleware/SetLocale->handle()
#37 D:/DiskFiles/Projects/Web/upwork_Invoice_Ninja/reception-par-type/app/Http/Middleware/TrackAffiliate.php(45): Illuminate/Pipeline/Pipeline->Illuminate/Pipeline/{closure}()
#38 D:/DiskFiles/Projects/Web/upwork_Invoice_Ninja/reception-par-type/vendor/laravel/framework/src/Illuminate/Pipeline/Pipeline.php(209): App/Http/Middleware/TrackAffiliate->handle()
#39 D:/DiskFiles/Projects/Web/upwork_Invoice_Ninja/reception-par-type/vendor/laravel/framework/src/Illuminate/Routing/Middleware/SubstituteBindings.php(51): Illuminate/Pipeline/Pipeline->Illuminate/Pipeline/{closure}()
#40 D:/DiskFiles/Projects/Web/upwork_Invoice_Ninja/reception-par-type/vendor/laravel/framework/src/Illuminate/Pipeline/Pipeline.php(209): Illuminate/Routing/Middleware/SubstituteBindings->handle()
#41 D:/DiskFiles/Projects/Web/upwork_Invoice_Ninja/reception-par-type/vendor/laravel/framework/src/Illuminate/Foundation/Http/Middleware/VerifyCsrfToken.php(88): Illuminate/Pipeline/Pipeline->Illuminate/Pipeline/{closure}()
#42 D:/DiskFiles/Projects/Web/upwork_Invoice_Ninja/reception-par-type/vendor/laravel/framework/src/Illuminate/Pipeline/Pipeline.php(209): Illuminate/Foundation/Http/Middleware/VerifyCsrfToken->handle()
#43 D:/DiskFiles/Projects/Web/upwork_Invoice_Ninja/reception-par-type/vendor/laravel/framework/src/Illuminate/View/Middleware/ShareErrorsFromSession.php(49): Illuminate/Pipeline/Pipeline->Illuminate/Pipeline/{closure}()
#44 D:/DiskFiles/Projects/Web/upwork_Invoice_Ninja/reception-par-type/vendor/laravel/framework/src/Illuminate/Pipeline/Pipeline.php(209): Illuminate/View/Middleware/ShareErrorsFromSession->handle()
#45 D:/DiskFiles/Projects/Web/upwork_Invoice_Ninja/reception-par-type/vendor/laravel/framework/src/Illuminate/Session/Middleware/StartSession.php(121): Illuminate/Pipeline/Pipeline->Illuminate/Pipeline/{closure}()
#46 D:/DiskFiles/Projects/Web/upwork_Invoice_Ninja/reception-par-type/vendor/laravel/framework/src/Illuminate/Session/Middleware/StartSession.php(64): Illuminate/Session/Middleware/StartSession->handleStatefulRequest()
#47 D:/DiskFiles/Projects/Web/upwork_Invoice_Ninja/reception-par-type/vendor/laravel/framework/src/Illuminate/Pipeline/Pipeline.php(209): Illuminate/Session/Middleware/StartSession->handle()
#48 D:/DiskFiles/Projects/Web/upwork_Invoice_Ninja/reception-par-type/vendor/laravel/framework/src/Illuminate/Cookie/Middleware/AddQueuedCookiesToResponse.php(37): Illuminate/Pipeline/Pipeline->Illuminate/Pipeline/{closure}()
#49 D:/DiskFiles/Projects/Web/upwork_Invoice_Ninja/reception-par-type/vendor/laravel/framework/src/Illuminate/Pipeline/Pipeline.php(209): Illuminate/Cookie/Middleware/AddQueuedCookiesToResponse->handle()
#50 D:/DiskFiles/Projects/Web/upwork_Invoice_Ninja/reception-par-type/vendor/laravel/framework/src/Illuminate/Cookie/Middleware/EncryptCookies.php(75): Illuminate/Pipeline/Pipeline->Illuminate/Pipeline/{closure}()
#51 D:/DiskFiles/Projects/Web/upwork_Invoice_Ninja/reception-par-type/vendor/laravel/framework/src/Illuminate/Pipeline/Pipeline.php(209): Illuminate/Cookie/Middleware/EncryptCookies->handle()
#52 D:/DiskFiles/Projects/Web/upwork_Invoice_Ninja/reception-par-type/vendor/laravel/framework/src/Illuminate/Pipeline/Pipeline.php(127): Illuminate/Pipeline/Pipeline->Illuminate/Pipeline/{closure}()
#53 D:/DiskFiles/Projects/Web/upwork_Invoice_Ninja/reception-par-type/vendor/laravel/framework/src/Illuminate/Routing/Router.php(807): Illuminate/Pipeline/Pipeline->then()
#54 D:/DiskFiles/Projects/Web/upwork_Invoice_Ninja/reception-par-type/vendor/laravel/framework/src/Illuminate/Routing/Router.php(786): Illuminate/Routing/Router->runRouteWithinStack()
#55 D:/DiskFiles/Projects/Web/upwork_Invoice_Ninja/reception-par-type/vendor/laravel/framework/src/Illuminate/Routing/Router.php(750): Illuminate/Routing/Router->runRoute()
#56 D:/DiskFiles/Projects/Web/upwork_Invoice_Ninja/reception-par-type/vendor/laravel/framework/src/Illuminate/Routing/Router.php(739): Illuminate/Routing/Router->dispatchToRoute()
#57 D:/DiskFiles/Projects/Web/upwork_Invoice_Ninja/reception-par-type/vendor/laravel/framework/src/Illuminate/Foundation/Http/Kernel.php(201): Illuminate/Routing/Router->dispatch()
#58 D:/DiskFiles/Projects/Web/upwork_Invoice_Ninja/reception-par-type/vendor/laravel/framework/src/Illuminate/Pipeline/Pipeline.php(170): Illuminate/Foundation/Http/Kernel->Illuminate/Foundation/Http/{closure}()
#59 D:/DiskFiles/Projects/Web/upwork_Invoice_Ninja/reception-par-type/vendor/laravel/framework/src/Illuminate/Foundation/Http/Middleware/TransformsRequest.php(21): Illuminate/Pipeline/Pipeline->Illuminate/Pipeline/{closure}()
#60 D:/DiskFiles/Projects/Web/upwork_Invoice_Ninja/reception-par-type/vendor/laravel/framework/src/Illuminate/Foundation/Http/Middleware/ConvertEmptyStringsToNull.php(31): Illuminate/Foundation/Http/Middleware/TransformsRequest->handle()
#61 D:/DiskFiles/Projects/Web/upwork_Invoice_Ninja/reception-par-type/vendor/laravel/framework/src/Illuminate/Pipeline/Pipeline.php(209): Illuminate/Foundation/Http/Middleware/ConvertEmptyStringsToNull->handle()
#62 D:/DiskFiles/Projects/Web/upwork_Invoice_Ninja/reception-par-type/vendor/laravel/framework/src/Illuminate/Foundation/Http/Middleware/TransformsRequest.php(21): Illuminate/Pipeline/Pipeline->Illuminate/Pipeline/{closure}()
#63 D:/DiskFiles/Projects/Web/upwork_Invoice_Ninja/reception-par-type/vendor/laravel/framework/src/Illuminate/Foundation/Http/Middleware/TrimStrings.php(51): Illuminate/Foundation/Http/Middleware/TransformsRequest->handle()
#64 D:/DiskFiles/Projects/Web/upwork_Invoice_Ninja/reception-par-type/vendor/laravel/framework/src/Illuminate/Pipeline/Pipeline.php(209): Illuminate/Foundation/Http/Middleware/TrimStrings->handle()
#65 D:/DiskFiles/Projects/Web/upwork_Invoice_Ninja/reception-par-type/vendor/laravel/framework/src/Illuminate/Http/Middleware/ValidatePostSize.php(27): Illuminate/Pipeline/Pipeline->Illuminate/Pipeline/{closure}()
#66 D:/DiskFiles/Projects/Web/upwork_Invoice_Ninja/reception-par-type/vendor/laravel/framework/src/Illuminate/Pipeline/Pipeline.php(209): Illuminate/Http/Middleware/ValidatePostSize->handle()
#67 D:/DiskFiles/Projects/Web/upwork_Invoice_Ninja/reception-par-type/vendor/laravel/framework/src/Illuminate/Foundation/Http/Middleware/PreventRequestsDuringMaintenance.php(110): Illuminate/Pipeline/Pipeline->Illuminate/Pipeline/{closure}()
#68 D:/DiskFiles/Projects/Web/upwork_Invoice_Ninja/reception-par-type/vendor/laravel/framework/src/Illuminate/Pipeline/Pipeline.php(209): Illuminate/Foundation/Http/Middleware/PreventRequestsDuringMaintenance->handle()
#69 D:/DiskFiles/Projects/Web/upwork_Invoice_Ninja/reception-par-type/vendor/laravel/framework/src/Illuminate/Http/Middleware/HandleCors.php(49): Illuminate/Pipeline/Pipeline->Illuminate/Pipeline/{closure}()
#70 D:/DiskFiles/Projects/Web/upwork_Invoice_Ninja/reception-par-type/vendor/laravel/framework/src/Illuminate/Pipeline/Pipeline.php(209): Illuminate/Http/Middleware/HandleCors->handle()
#71 D:/DiskFiles/Projects/Web/upwork_Invoice_Ninja/reception-par-type/vendor/laravel/framework/src/Illuminate/Http/Middleware/TrustProxies.php(58): Illuminate/Pipeline/Pipeline->Illuminate/Pipeline/{closure}()
#72 D:/DiskFiles/Projects/Web/upwork_Invoice_Ninja/reception-par-type/vendor/laravel/framework/src/Illuminate/Pipeline/Pipeline.php(209): Illuminate/Http/Middleware/TrustProxies->handle()
#73 D:/DiskFiles/Projects/Web/upwork_Invoice_Ninja/reception-par-type/vendor/laravel/framework/src/Illuminate/Foundation/Http/Middleware/InvokeDeferredCallbacks.php(22): Illuminate/Pipeline/Pipeline->Illuminate/Pipeline/{closure}()
#74 D:/DiskFiles/Projects/Web/upwork_Invoice_Ninja/reception-par-type/vendor/laravel/framework/src/Illuminate/Pipeline/Pipeline.php(209): Illuminate/Foundation/Http/Middleware/InvokeDeferredCallbacks->handle()
#75 D:/DiskFiles/Projects/Web/upwork_Invoice_Ninja/reception-par-type/vendor/laravel/framework/src/Illuminate/Pipeline/Pipeline.php(127): Illuminate/Pipeline/Pipeline->Illuminate/Pipeline/{closure}()
#76 D:/DiskFiles/Projects/Web/upwork_Invoice_Ninja/reception-par-type/vendor/laravel/framework/src/Illuminate/Foundation/Http/Kernel.php(176): Illuminate/Pipeline/Pipeline->then()
#77 D:/DiskFiles/Projects/Web/upwork_Invoice_Ninja/reception-par-type/vendor/laravel/framework/src/Illuminate/Foundation/Http/Kernel.php(145): Illuminate/Foundation/Http/Kernel->sendRequestThroughRouter()
#78 D:/DiskFiles/Projects/Web/upwork_Invoice_Ninja/reception-par-type/vendor/laravel/framework/src/Illuminate/Foundation/Application.php(1220): Illuminate/Foundation/Http/Kernel->handle()
#79 D:/DiskFiles/Projects/Web/upwork_Invoice_Ninja/reception-par-type/public/index.php(18): Illuminate/Foundation/Application->handleRequest()
#80 D:/DiskFiles/Projects/Web/upwork_Invoice_Ninja/reception-par-type/vendor/laravel/framework/src/Illuminate/Foundation/resources/server.php(23): require_once('...')
#81 {main}
"} 
[2026-06-24 13:59:37] production.ERROR: Missing required parameter for [Route: login] [URI: {locale}/login] [Missing parameter: locale]. {"exception":"[object] (Illuminate\\Routing\\Exceptions\\UrlGenerationException(code: 0): Missing required parameter for [Route: login] [URI: {locale}/login] [Missing parameter: locale]. at D:/DiskFiles/Projects/Web/upwork_Invoice_Ninja/reception-par-type/vendor/laravel/framework/src/Illuminate/Routing/Exceptions/UrlGenerationException.php:35)
[stacktrace]
#0 D:/DiskFiles/Projects/Web/upwork_Invoice_Ninja/reception-par-type/vendor/laravel/framework/src/Illuminate/Routing/RouteUrlGenerator.php(90): Illuminate/Routing/Exceptions/UrlGenerationException::forMissingParameters()
#1 D:/DiskFiles/Projects/Web/upwork_Invoice_Ninja/reception-par-type/vendor/laravel/framework/src/Illuminate/Routing/UrlGenerator.php(544): Illuminate/Routing/RouteUrlGenerator->to()
#2 D:/DiskFiles/Projects/Web/upwork_Invoice_Ninja/reception-par-type/vendor/laravel/framework/src/Illuminate/Routing/UrlGenerator.php(509): Illuminate/Routing/UrlGenerator->toRoute()
#3 D:/DiskFiles/Projects/Web/upwork_Invoice_Ninja/reception-par-type/vendor/laravel/framework/src/Illuminate/Foundation/helpers.php(853): Illuminate/Routing/UrlGenerator->route()
#4 D:/DiskFiles/Projects/Web/upwork_Invoice_Ninja/reception-par-type/vendor/laravel/framework/src/Illuminate/Foundation/Configuration/ApplicationBuilder.php(278): route()
#5 [internal function]: Illuminate/Foundation/Configuration/ApplicationBuilder->Illuminate/Foundation/Configuration/{closure}()
#6 D:/DiskFiles/Projects/Web/upwork_Invoice_Ninja/reception-par-type/vendor/laravel/framework/src/Illuminate/Auth/Middleware/Authenticate.php(118): call_user_func()
#7 D:/DiskFiles/Projects/Web/upwork_Invoice_Ninja/reception-par-type/vendor/laravel/framework/src/Illuminate/Auth/Middleware/Authenticate.php(105): Illuminate/Auth/Middleware/Authenticate->redirectTo()
#8 D:/DiskFiles/Projects/Web/upwork_Invoice_Ninja/reception-par-type/vendor/laravel/framework/src/Illuminate/Auth/Middleware/Authenticate.php(88): Illuminate/Auth/Middleware/Authenticate->unauthenticated()
#9 D:/DiskFiles/Projects/Web/upwork_Invoice_Ninja/reception-par-type/vendor/laravel/framework/src/Illuminate/Auth/Middleware/Authenticate.php(62): Illuminate/Auth/Middleware/Authenticate->authenticate()
#10 D:/DiskFiles/Projects/Web/upwork_Invoice_Ninja/reception-par-type/vendor/laravel/framework/src/Illuminate/Pipeline/Pipeline.php(209): Illuminate/Auth/Middleware/Authenticate->handle()
#11 D:/DiskFiles/Projects/Web/upwork_Invoice_Ninja/reception-par-type/vendor/laravel/framework/src/Illuminate/Foundation/Http/Middleware/VerifyCsrfToken.php(88): Illuminate/Pipeline/Pipeline->Illuminate/Pipeline/{closure}()
#12 D:/DiskFiles/Projects/Web/upwork_Invoice_Ninja/reception-par-type/vendor/laravel/framework/src/Illuminate/Pipeline/Pipeline.php(209): Illuminate/Foundation/Http/Middleware/VerifyCsrfToken->handle()
#13 D:/DiskFiles/Projects/Web/upwork_Invoice_Ninja/reception-par-type/vendor/laravel/framework/src/Illuminate/View/Middleware/ShareErrorsFromSession.php(49): Illuminate/Pipeline/Pipeline->Illuminate/Pipeline/{closure}()
#14 D:/DiskFiles/Projects/Web/upwork_Invoice_Ninja/reception-par-type/vendor/laravel/framework/src/Illuminate/Pipeline/Pipeline.php(209): Illuminate/View/Middleware/ShareErrorsFromSession->handle()
#15 D:/DiskFiles/Projects/Web/upwork_Invoice_Ninja/reception-par-type/vendor/laravel/framework/src/Illuminate/Session/Middleware/StartSession.php(121): Illuminate/Pipeline/Pipeline->Illuminate/Pipeline/{closure}()
#16 D:/DiskFiles/Projects/Web/upwork_Invoice_Ninja/reception-par-type/vendor/laravel/framework/src/Illuminate/Session/Middleware/StartSession.php(64): Illuminate/Session/Middleware/StartSession->handleStatefulRequest()
#17 D:/DiskFiles/Projects/Web/upwork_Invoice_Ninja/reception-par-type/vendor/laravel/framework/src/Illuminate/Pipeline/Pipeline.php(209): Illuminate/Session/Middleware/StartSession->handle()
#18 D:/DiskFiles/Projects/Web/upwork_Invoice_Ninja/reception-par-type/vendor/laravel/framework/src/Illuminate/Cookie/Middleware/AddQueuedCookiesToResponse.php(37): Illuminate/Pipeline/Pipeline->Illuminate/Pipeline/{closure}()
#19 D:/DiskFiles/Projects/Web/upwork_Invoice_Ninja/reception-par-type/vendor/laravel/framework/src/Illuminate/Pipeline/Pipeline.php(209): Illuminate/Cookie/Middleware/AddQueuedCookiesToResponse->handle()
#20 D:/DiskFiles/Projects/Web/upwork_Invoice_Ninja/reception-par-type/vendor/laravel/framework/src/Illuminate/Cookie/Middleware/EncryptCookies.php(75): Illuminate/Pipeline/Pipeline->Illuminate/Pipeline/{closure}()
#21 D:/DiskFiles/Projects/Web/upwork_Invoice_Ninja/reception-par-type/vendor/laravel/framework/src/Illuminate/Pipeline/Pipeline.php(209): Illuminate/Cookie/Middleware/EncryptCookies->handle()
#22 D:/DiskFiles/Projects/Web/upwork_Invoice_Ninja/reception-par-type/vendor/laravel/framework/src/Illuminate/Pipeline/Pipeline.php(127): Illuminate/Pipeline/Pipeline->Illuminate/Pipeline/{closure}()
#23 D:/DiskFiles/Projects/Web/upwork_Invoice_Ninja/reception-par-type/vendor/laravel/framework/src/Illuminate/Routing/Router.php(807): Illuminate/Pipeline/Pipeline->then()
#24 D:/DiskFiles/Projects/Web/upwork_Invoice_Ninja/reception-par-type/vendor/laravel/framework/src/Illuminate/Routing/Router.php(786): Illuminate/Routing/Router->runRouteWithinStack()
#25 D:/DiskFiles/Projects/Web/upwork_Invoice_Ninja/reception-par-type/vendor/laravel/framework/src/Illuminate/Routing/Router.php(750): Illuminate/Routing/Router->runRoute()
#26 D:/DiskFiles/Projects/Web/upwork_Invoice_Ninja/reception-par-type/vendor/laravel/framework/src/Illuminate/Routing/Router.php(739): Illuminate/Routing/Router->dispatchToRoute()
#27 D:/DiskFiles/Projects/Web/upwork_Invoice_Ninja/reception-par-type/vendor/laravel/framework/src/Illuminate/Foundation/Http/Kernel.php(201): Illuminate/Routing/Router->dispatch()
#28 D:/DiskFiles/Projects/Web/upwork_Invoice_Ninja/reception-par-type/vendor/laravel/framework/src/Illuminate/Pipeline/Pipeline.php(170): Illuminate/Foundation/Http/Kernel->Illuminate/Foundation/Http/{closure}()
#29 D:/DiskFiles/Projects/Web/upwork_Invoice_Ninja/reception-par-type/vendor/laravel/framework/src/Illuminate/Foundation/Http/Middleware/TransformsRequest.php(21): Illuminate/Pipeline/Pipeline->Illuminate/Pipeline/{closure}()
#30 D:/DiskFiles/Projects/Web/upwork_Invoice_Ninja/reception-par-type/vendor/laravel/framework/src/Illuminate/Foundation/Http/Middleware/ConvertEmptyStringsToNull.php(31): Illuminate/Foundation/Http/Middleware/TransformsRequest->handle()
#31 D:/DiskFiles/Projects/Web/upwork_Invoice_Ninja/reception-par-type/vendor/laravel/framework/src/Illuminate/Pipeline/Pipeline.php(209): Illuminate/Foundation/Http/Middleware/ConvertEmptyStringsToNull->handle()
#32 D:/DiskFiles/Projects/Web/upwork_Invoice_Ninja/reception-par-type/vendor/laravel/framework/src/Illuminate/Foundation/Http/Middleware/TransformsRequest.php(21): Illuminate/Pipeline/Pipeline->Illuminate/Pipeline/{closure}()
#33 D:/DiskFiles/Projects/Web/upwork_Invoice_Ninja/reception-par-type/vendor/laravel/framework/src/Illuminate/Foundation/Http/Middleware/TrimStrings.php(51): Illuminate/Foundation/Http/Middleware/TransformsRequest->handle()
#34 D:/DiskFiles/Projects/Web/upwork_Invoice_Ninja/reception-par-type/vendor/laravel/framework/src/Illuminate/Pipeline/Pipeline.php(209): Illuminate/Foundation/Http/Middleware/TrimStrings->handle()
#35 D:/DiskFiles/Projects/Web/upwork_Invoice_Ninja/reception-par-type/vendor/laravel/framework/src/Illuminate/Http/Middleware/ValidatePostSize.php(27): Illuminate/Pipeline/Pipeline->Illuminate/Pipeline/{closure}()
#36 D:/DiskFiles/Projects/Web/upwork_Invoice_Ninja/reception-par-type/vendor/laravel/framework/src/Illuminate/Pipeline/Pipeline.php(209): Illuminate/Http/Middleware/ValidatePostSize->handle()
#37 D:/DiskFiles/Projects/Web/upwork_Invoice_Ninja/reception-par-type/vendor/laravel/framework/src/Illuminate/Foundation/Http/Middleware/PreventRequestsDuringMaintenance.php(110): Illuminate/Pipeline/Pipeline->Illuminate/Pipeline/{closure}()
#38 D:/DiskFiles/Projects/Web/upwork_Invoice_Ninja/reception-par-type/vendor/laravel/framework/src/Illuminate/Pipeline/Pipeline.php(209): Illuminate/Foundation/Http/Middleware/PreventRequestsDuringMaintenance->handle()
#39 D:/DiskFiles/Projects/Web/upwork_Invoice_Ninja/reception-par-type/vendor/laravel/framework/src/Illuminate/Http/Middleware/HandleCors.php(49): Illuminate/Pipeline/Pipeline->Illuminate/Pipeline/{closure}()
#40 D:/DiskFiles/Projects/Web/upwork_Invoice_Ninja/reception-par-type/vendor/laravel/framework/src/Illuminate/Pipeline/Pipeline.php(209): Illuminate/Http/Middleware/HandleCors->handle()
#41 D:/DiskFiles/Projects/Web/upwork_Invoice_Ninja/reception-par-type/vendor/laravel/framework/src/Illuminate/Http/Middleware/TrustProxies.php(58): Illuminate/Pipeline/Pipeline->Illuminate/Pipeline/{closure}()
#42 D:/DiskFiles/Projects/Web/upwork_Invoice_Ninja/reception-par-type/vendor/laravel/framework/src/Illuminate/Pipeline/Pipeline.php(209): Illuminate/Http/Middleware/TrustProxies->handle()
#43 D:/DiskFiles/Projects/Web/upwork_Invoice_Ninja/reception-par-type/vendor/laravel/framework/src/Illuminate/Foundation/Http/Middleware/InvokeDeferredCallbacks.php(22): Illuminate/Pipeline/Pipeline->Illuminate/Pipeline/{closure}()
#44 D:/DiskFiles/Projects/Web/upwork_Invoice_Ninja/reception-par-type/vendor/laravel/framework/src/Illuminate/Pipeline/Pipeline.php(209): Illuminate/Foundation/Http/Middleware/InvokeDeferredCallbacks->handle()
#45 D:/DiskFiles/Projects/Web/upwork_Invoice_Ninja/reception-par-type/vendor/laravel/framework/src/Illuminate/Pipeline/Pipeline.php(127): Illuminate/Pipeline/Pipeline->Illuminate/Pipeline/{closure}()
#46 D:/DiskFiles/Projects/Web/upwork_Invoice_Ninja/reception-par-type/vendor/laravel/framework/src/Illuminate/Foundation/Http/Kernel.php(176): Illuminate/Pipeline/Pipeline->then()
#47 D:/DiskFiles/Projects/Web/upwork_Invoice_Ninja/reception-par-type/vendor/laravel/framework/src/Illuminate/Foundation/Http/Kernel.php(145): Illuminate/Foundation/Http/Kernel->sendRequestThroughRouter()
#48 D:/DiskFiles/Projects/Web/upwork_Invoice_Ninja/reception-par-type/vendor/laravel/framework/src/Illuminate/Foundation/Application.php(1220): Illuminate/Foundation/Http/Kernel->handle()
#49 D:/DiskFiles/Projects/Web/upwork_Invoice_Ninja/reception-par-type/public/index.php(18): Illuminate/Foundation/Application->handleRequest()
#50 D:/DiskFiles/Projects/Web/upwork_Invoice_Ninja/reception-par-type/vendor/laravel/framework/src/Illuminate/Foundation/resources/server.php(23): require_once('...')
#51 {main}
"} 
[2026-06-24 13:59:48] production.ERROR: Missing required parameter for [Route: login] [URI: {locale}/login] [Missing parameter: locale]. {"exception":"[object] (Illuminate\\Routing\\Exceptions\\UrlGenerationException(code: 0): Missing required parameter for [Route: login] [URI: {locale}/login] [Missing parameter: locale]. at D:/DiskFiles/Projects/Web/upwork_Invoice_Ninja/reception-par-type/vendor/laravel/framework/src/Illuminate/Routing/Exceptions/UrlGenerationException.php:35)
[stacktrace]
#0 D:/DiskFiles/Projects/Web/upwork_Invoice_Ninja/reception-par-type/vendor/laravel/framework/src/Illuminate/Routing/RouteUrlGenerator.php(90): Illuminate/Routing/Exceptions/UrlGenerationException::forMissingParameters()
#1 D:/DiskFiles/Projects/Web/upwork_Invoice_Ninja/reception-par-type/vendor/laravel/framework/src/Illuminate/Routing/UrlGenerator.php(544): Illuminate/Routing/RouteUrlGenerator->to()
#2 D:/DiskFiles/Projects/Web/upwork_Invoice_Ninja/reception-par-type/vendor/laravel/framework/src/Illuminate/Routing/UrlGenerator.php(509): Illuminate/Routing/UrlGenerator->toRoute()
#3 D:/DiskFiles/Projects/Web/upwork_Invoice_Ninja/reception-par-type/vendor/laravel/framework/src/Illuminate/Foundation/helpers.php(853): Illuminate/Routing/UrlGenerator->route()
#4 D:/DiskFiles/Projects/Web/upwork_Invoice_Ninja/reception-par-type/vendor/laravel/framework/src/Illuminate/Foundation/Configuration/ApplicationBuilder.php(278): route()
#5 [internal function]: Illuminate/Foundation/Configuration/ApplicationBuilder->Illuminate/Foundation/Configuration/{closure}()
#6 D:/DiskFiles/Projects/Web/upwork_Invoice_Ninja/reception-par-type/vendor/laravel/framework/src/Illuminate/Auth/Middleware/Authenticate.php(118): call_user_func()
#7 D:/DiskFiles/Projects/Web/upwork_Invoice_Ninja/reception-par-type/vendor/laravel/framework/src/Illuminate/Auth/Middleware/Authenticate.php(105): Illuminate/Auth/Middleware/Authenticate->redirectTo()
#8 D:/DiskFiles/Projects/Web/upwork_Invoice_Ninja/reception-par-type/vendor/laravel/framework/src/Illuminate/Auth/Middleware/Authenticate.php(88): Illuminate/Auth/Middleware/Authenticate->unauthenticated()
#9 D:/DiskFiles/Projects/Web/upwork_Invoice_Ninja/reception-par-type/vendor/laravel/framework/src/Illuminate/Auth/Middleware/Authenticate.php(62): Illuminate/Auth/Middleware/Authenticate->authenticate()
#10 D:/DiskFiles/Projects/Web/upwork_Invoice_Ninja/reception-par-type/vendor/laravel/framework/src/Illuminate/Pipeline/Pipeline.php(209): Illuminate/Auth/Middleware/Authenticate->handle()
#11 D:/DiskFiles/Projects/Web/upwork_Invoice_Ninja/reception-par-type/vendor/laravel/framework/src/Illuminate/Foundation/Http/Middleware/VerifyCsrfToken.php(88): Illuminate/Pipeline/Pipeline->Illuminate/Pipeline/{closure}()
#12 D:/DiskFiles/Projects/Web/upwork_Invoice_Ninja/reception-par-type/vendor/laravel/framework/src/Illuminate/Pipeline/Pipeline.php(209): Illuminate/Foundation/Http/Middleware/VerifyCsrfToken->handle()
#13 D:/DiskFiles/Projects/Web/upwork_Invoice_Ninja/reception-par-type/vendor/laravel/framework/src/Illuminate/View/Middleware/ShareErrorsFromSession.php(49): Illuminate/Pipeline/Pipeline->Illuminate/Pipeline/{closure}()
#14 D:/DiskFiles/Projects/Web/upwork_Invoice_Ninja/reception-par-type/vendor/laravel/framework/src/Illuminate/Pipeline/Pipeline.php(209): Illuminate/View/Middleware/ShareErrorsFromSession->handle()
#15 D:/DiskFiles/Projects/Web/upwork_Invoice_Ninja/reception-par-type/vendor/laravel/framework/src/Illuminate/Session/Middleware/StartSession.php(121): Illuminate/Pipeline/Pipeline->Illuminate/Pipeline/{closure}()
#16 D:/DiskFiles/Projects/Web/upwork_Invoice_Ninja/reception-par-type/vendor/laravel/framework/src/Illuminate/Session/Middleware/StartSession.php(64): Illuminate/Session/Middleware/StartSession->handleStatefulRequest()
#17 D:/DiskFiles/Projects/Web/upwork_Invoice_Ninja/reception-par-type/vendor/laravel/framework/src/Illuminate/Pipeline/Pipeline.php(209): Illuminate/Session/Middleware/StartSession->handle()
#18 D:/DiskFiles/Projects/Web/upwork_Invoice_Ninja/reception-par-type/vendor/laravel/framework/src/Illuminate/Cookie/Middleware/AddQueuedCookiesToResponse.php(37): Illuminate/Pipeline/Pipeline->Illuminate/Pipeline/{closure}()
#19 D:/DiskFiles/Projects/Web/upwork_Invoice_Ninja/reception-par-type/vendor/laravel/framework/src/Illuminate/Pipeline/Pipeline.php(209): Illuminate/Cookie/Middleware/AddQueuedCookiesToResponse->handle()
#20 D:/DiskFiles/Projects/Web/upwork_Invoice_Ninja/reception-par-type/vendor/laravel/framework/src/Illuminate/Cookie/Middleware/EncryptCookies.php(75): Illuminate/Pipeline/Pipeline->Illuminate/Pipeline/{closure}()
#21 D:/DiskFiles/Projects/Web/upwork_Invoice_Ninja/reception-par-type/vendor/laravel/framework/src/Illuminate/Pipeline/Pipeline.php(209): Illuminate/Cookie/Middleware/EncryptCookies->handle()
#22 D:/DiskFiles/Projects/Web/upwork_Invoice_Ninja/reception-par-type/vendor/laravel/framework/src/Illuminate/Pipeline/Pipeline.php(127): Illuminate/Pipeline/Pipeline->Illuminate/Pipeline/{closure}()
#23 D:/DiskFiles/Projects/Web/upwork_Invoice_Ninja/reception-par-type/vendor/laravel/framework/src/Illuminate/Routing/Router.php(807): Illuminate/Pipeline/Pipeline->then()
#24 D:/DiskFiles/Projects/Web/upwork_Invoice_Ninja/reception-par-type/vendor/laravel/framework/src/Illuminate/Routing/Router.php(786): Illuminate/Routing/Router->runRouteWithinStack()
#25 D:/DiskFiles/Projects/Web/upwork_Invoice_Ninja/reception-par-type/vendor/laravel/framework/src/Illuminate/Routing/Router.php(750): Illuminate/Routing/Router->runRoute()
#26 D:/DiskFiles/Projects/Web/upwork_Invoice_Ninja/reception-par-type/vendor/laravel/framework/src/Illuminate/Routing/Router.php(739): Illuminate/Routing/Router->dispatchToRoute()
#27 D:/DiskFiles/Projects/Web/upwork_Invoice_Ninja/reception-par-type/vendor/laravel/framework/src/Illuminate/Foundation/Http/Kernel.php(201): Illuminate/Routing/Router->dispatch()
#28 D:/DiskFiles/Projects/Web/upwork_Invoice_Ninja/reception-par-type/vendor/laravel/framework/src/Illuminate/Pipeline/Pipeline.php(170): Illuminate/Foundation/Http/Kernel->Illuminate/Foundation/Http/{closure}()
#29 D:/DiskFiles/Projects/Web/upwork_Invoice_Ninja/reception-par-type/vendor/laravel/framework/src/Illuminate/Foundation/Http/Middleware/TransformsRequest.php(21): Illuminate/Pipeline/Pipeline->Illuminate/Pipeline/{closure}()
#30 D:/DiskFiles/Projects/Web/upwork_Invoice_Ninja/reception-par-type/vendor/laravel/framework/src/Illuminate/Foundation/Http/Middleware/ConvertEmptyStringsToNull.php(31): Illuminate/Foundation/Http/Middleware/TransformsRequest->handle()
#31 D:/DiskFiles/Projects/Web/upwork_Invoice_Ninja/reception-par-type/vendor/laravel/framework/src/Illuminate/Pipeline/Pipeline.php(209): Illuminate/Foundation/Http/Middleware/ConvertEmptyStringsToNull->handle()
#32 D:/DiskFiles/Projects/Web/upwork_Invoice_Ninja/reception-par-type/vendor/laravel/framework/src/Illuminate/Foundation/Http/Middleware/TransformsRequest.php(21): Illuminate/Pipeline/Pipeline->Illuminate/Pipeline/{closure}()
#33 D:/DiskFiles/Projects/Web/upwork_Invoice_Ninja/reception-par-type/vendor/laravel/framework/src/Illuminate/Foundation/Http/Middleware/TrimStrings.php(51): Illuminate/Foundation/Http/Middleware/TransformsRequest->handle()
#34 D:/DiskFiles/Projects/Web/upwork_Invoice_Ninja/reception-par-type/vendor/laravel/framework/src/Illuminate/Pipeline/Pipeline.php(209): Illuminate/Foundation/Http/Middleware/TrimStrings->handle()
#35 D:/DiskFiles/Projects/Web/upwork_Invoice_Ninja/reception-par-type/vendor/laravel/framework/src/Illuminate/Http/Middleware/ValidatePostSize.php(27): Illuminate/Pipeline/Pipeline->Illuminate/Pipeline/{closure}()
#36 D:/DiskFiles/Projects/Web/upwork_Invoice_Ninja/reception-par-type/vendor/laravel/framework/src/Illuminate/Pipeline/Pipeline.php(209): Illuminate/Http/Middleware/ValidatePostSize->handle()
#37 D:/DiskFiles/Projects/Web/upwork_Invoice_Ninja/reception-par-type/vendor/laravel/framework/src/Illuminate/Foundation/Http/Middleware/PreventRequestsDuringMaintenance.php(110): Illuminate/Pipeline/Pipeline->Illuminate/Pipeline/{closure}()
#38 D:/DiskFiles/Projects/Web/upwork_Invoice_Ninja/reception-par-type/vendor/laravel/framework/src/Illuminate/Pipeline/Pipeline.php(209): Illuminate/Foundation/Http/Middleware/PreventRequestsDuringMaintenance->handle()
#39 D:/DiskFiles/Projects/Web/upwork_Invoice_Ninja/reception-par-type/vendor/laravel/framework/src/Illuminate/Http/Middleware/HandleCors.php(49): Illuminate/Pipeline/Pipeline->Illuminate/Pipeline/{closure}()
#40 D:/DiskFiles/Projects/Web/upwork_Invoice_Ninja/reception-par-type/vendor/laravel/framework/src/Illuminate/Pipeline/Pipeline.php(209): Illuminate/Http/Middleware/HandleCors->handle()
#41 D:/DiskFiles/Projects/Web/upwork_Invoice_Ninja/reception-par-type/vendor/laravel/framework/src/Illuminate/Http/Middleware/TrustProxies.php(58): Illuminate/Pipeline/Pipeline->Illuminate/Pipeline/{closure}()
#42 D:/DiskFiles/Projects/Web/upwork_Invoice_Ninja/reception-par-type/vendor/laravel/framework/src/Illuminate/Pipeline/Pipeline.php(209): Illuminate/Http/Middleware/TrustProxies->handle()
#43 D:/DiskFiles/Projects/Web/upwork_Invoice_Ninja/reception-par-type/vendor/laravel/framework/src/Illuminate/Foundation/Http/Middleware/InvokeDeferredCallbacks.php(22): Illuminate/Pipeline/Pipeline->Illuminate/Pipeline/{closure}()
#44 D:/DiskFiles/Projects/Web/upwork_Invoice_Ninja/reception-par-type/vendor/laravel/framework/src/Illuminate/Pipeline/Pipeline.php(209): Illuminate/Foundation/Http/Middleware/InvokeDeferredCallbacks->handle()
#45 D:/DiskFiles/Projects/Web/upwork_Invoice_Ninja/reception-par-type/vendor/laravel/framework/src/Illuminate/Pipeline/Pipeline.php(127): Illuminate/Pipeline/Pipeline->Illuminate/Pipeline/{closure}()
#46 D:/DiskFiles/Projects/Web/upwork_Invoice_Ninja/reception-par-type/vendor/laravel/framework/src/Illuminate/Foundation/Http/Kernel.php(176): Illuminate/Pipeline/Pipeline->then()
#47 D:/DiskFiles/Projects/Web/upwork_Invoice_Ninja/reception-par-type/vendor/laravel/framework/src/Illuminate/Foundation/Http/Kernel.php(145): Illuminate/Foundation/Http/Kernel->sendRequestThroughRouter()
#48 D:/DiskFiles/Projects/Web/upwork_Invoice_Ninja/reception-par-type/vendor/laravel/framework/src/Illuminate/Foundation/Application.php(1220): Illuminate/Foundation/Http/Kernel->handle()
#49 D:/DiskFiles/Projects/Web/upwork_Invoice_Ninja/reception-par-type/public/index.php(18): Illuminate/Foundation/Application->handleRequest()
#50 D:/DiskFiles/Projects/Web/upwork_Invoice_Ninja/reception-par-type/vendor/laravel/framework/src/Illuminate/Foundation/resources/server.php(23): require_once('...')
#51 {main}
"} 
[2026-06-24 14:01:33] production.ERROR: SQLSTATE[HY000] [2002] A connection attempt failed because the connected party did not properly respond after a period of time, or established connection failed because connected host has failed to respond (Connection: mysql, SQL: select * from `users` where `email` = nobody@example.com and `users`.`deleted_at` is null limit 1) {"exception":"[object] (Illuminate\\Database\\QueryException(code: 2002): SQLSTATE[HY000] [2002] A connection attempt failed because the connected party did not properly respond after a period of time, or established connection failed because connected host has failed to respond (Connection: mysql, SQL: select * from `users` where `email` = nobody@example.com and `users`.`deleted_at` is null limit 1) at D:/DiskFiles/Projects/Web/upwork_Invoice_Ninja/reception-par-type/vendor/laravel/framework/src/Illuminate/Database/Connection.php:825)
[stacktrace]
#0 D:/DiskFiles/Projects/Web/upwork_Invoice_Ninja/reception-par-type/vendor/laravel/framework/src/Illuminate/Database/Connection.php(979): Illuminate/Database/Connection->runQueryCallback()
#1 D:/DiskFiles/Projects/Web/upwork_Invoice_Ninja/reception-par-type/vendor/laravel/framework/src/Illuminate/Database/Connection.php(958): Illuminate/Database/Connection->tryAgainIfCausedByLostConnection()
#2 D:/DiskFiles/Projects/Web/upwork_Invoice_Ninja/reception-par-type/vendor/laravel/framework/src/Illuminate/Database/Connection.php(781): Illuminate/Database/Connection->handleQueryException()
#3 D:/DiskFiles/Projects/Web/upwork_Invoice_Ninja/reception-par-type/vendor/laravel/framework/src/Illuminate/Database/Connection.php(398): Illuminate/Database/Connection->run()
#4 D:/DiskFiles/Projects/Web/upwork_Invoice_Ninja/reception-par-type/vendor/laravel/framework/src/Illuminate/Database/Query/Builder.php(3106): Illuminate/Database/Connection->select()
#5 D:/DiskFiles/Projects/Web/upwork_Invoice_Ninja/reception-par-type/vendor/laravel/framework/src/Illuminate/Database/Query/Builder.php(3091): Illuminate/Database/Query/Builder->runSelect()
#6 D:/DiskFiles/Projects/Web/upwork_Invoice_Ninja/reception-par-type/vendor/laravel/framework/src/Illuminate/Database/Query/Builder.php(3676): Illuminate/Database/Query/Builder->Illuminate/Database/Query/{closure}()
#7 D:/DiskFiles/Projects/Web/upwork_Invoice_Ninja/reception-par-type/vendor/laravel/framework/src/Illuminate/Database/Query/Builder.php(3090): Illuminate/Database/Query/Builder->onceWithColumns()
#8 D:/DiskFiles/Projects/Web/upwork_Invoice_Ninja/reception-par-type/vendor/laravel/framework/src/Illuminate/Database/Eloquent/Builder.php(811): Illuminate/Database/Query/Builder->get()
#9 D:/DiskFiles/Projects/Web/upwork_Invoice_Ninja/reception-par-type/vendor/laravel/framework/src/Illuminate/Database/Eloquent/Builder.php(793): Illuminate/Database/Eloquent/Builder->getModels()
#10 D:/DiskFiles/Projects/Web/upwork_Invoice_Ninja/reception-par-type/vendor/laravel/framework/src/Illuminate/Database/Concerns/BuildsQueries.php(343): Illuminate/Database/Eloquent/Builder->get()
#11 D:/DiskFiles/Projects/Web/upwork_Invoice_Ninja/reception-par-type/vendor/laravel/framework/src/Illuminate/Auth/EloquentUserProvider.php(139): Illuminate/Database/Eloquent/Builder->first()
#12 D:/DiskFiles/Projects/Web/upwork_Invoice_Ninja/reception-par-type/vendor/laravel/framework/src/Illuminate/Auth/SessionGuard.php(415): Illuminate/Auth/EloquentUserProvider->retrieveByCredentials()
#13 D:/DiskFiles/Projects/Web/upwork_Invoice_Ninja/reception-par-type/vendor/laravel/framework/src/Illuminate/Support/Timebox.php(34): Illuminate/Auth/SessionGuard->Illuminate/Auth/{closure}()
#14 D:/DiskFiles/Projects/Web/upwork_Invoice_Ninja/reception-par-type/vendor/laravel/framework/src/Illuminate/Auth/SessionGuard.php(412): Illuminate/Support/Timebox->call()
#15 D:/DiskFiles/Projects/Web/upwork_Invoice_Ninja/reception-par-type/vendor/laravel/framework/src/Illuminate/Auth/AuthManager.php(340): Illuminate/Auth/SessionGuard->attempt()
#16 D:/DiskFiles/Projects/Web/upwork_Invoice_Ninja/reception-par-type/vendor/laravel/framework/src/Illuminate/Support/Facades/Facade.php(361): Illuminate/Auth/AuthManager->__call()
#17 D:/DiskFiles/Projects/Web/upwork_Invoice_Ninja/reception-par-type/app/Http/Controllers/Auth/LoginController.php(31): Illuminate/Support/Facades/Facade::__callStatic()
#18 D:/DiskFiles/Projects/Web/upwork_Invoice_Ninja/reception-par-type/vendor/laravel/framework/src/Illuminate/Routing/Controller.php(54): App/Http/Controllers/Auth/LoginController->login()
#19 D:/DiskFiles/Projects/Web/upwork_Invoice_Ninja/reception-par-type/vendor/laravel/framework/src/Illuminate/Routing/ControllerDispatcher.php(44): Illuminate/Routing/Controller->callAction()
#20 D:/DiskFiles/Projects/Web/upwork_Invoice_Ninja/reception-par-type/vendor/laravel/framework/src/Illuminate/Routing/Route.php(266): Illuminate/Routing/ControllerDispatcher->dispatch()
#21 D:/DiskFiles/Projects/Web/upwork_Invoice_Ninja/reception-par-type/vendor/laravel/framework/src/Illuminate/Routing/Route.php(212): Illuminate/Routing/Route->runController()
#22 D:/DiskFiles/Projects/Web/upwork_Invoice_Ninja/reception-par-type/vendor/laravel/framework/src/Illuminate/Routing/Router.php(808): Illuminate/Routing/Route->run()
#23 D:/DiskFiles/Projects/Web/upwork_Invoice_Ninja/reception-par-type/vendor/laravel/framework/src/Illuminate/Pipeline/Pipeline.php(170): Illuminate/Routing/Router->Illuminate/Routing/{closure}()
#24 D:/DiskFiles/Projects/Web/upwork_Invoice_Ninja/reception-par-type/app/Http/Middleware/SetLocale.php(87): Illuminate/Pipeline/Pipeline->Illuminate/Pipeline/{closure}()
#25 D:/DiskFiles/Projects/Web/upwork_Invoice_Ninja/reception-par-type/vendor/laravel/framework/src/Illuminate/Pipeline/Pipeline.php(209): App/Http/Middleware/SetLocale->handle()
#26 D:/DiskFiles/Projects/Web/upwork_Invoice_Ninja/reception-par-type/app/Http/Middleware/TrackAffiliate.php(45): Illuminate/Pipeline/Pipeline->Illuminate/Pipeline/{closure}()
#27 D:/DiskFiles/Projects/Web/upwork_Invoice_Ninja/reception-par-type/vendor/laravel/framework/src/Illuminate/Pipeline/Pipeline.php(209): App/Http/Middleware/TrackAffiliate->handle()
#28 D:/DiskFiles/Projects/Web/upwork_Invoice_Ninja/reception-par-type/vendor/laravel/framework/src/Illuminate/Routing/Middleware/SubstituteBindings.php(51): Illuminate/Pipeline/Pipeline->Illuminate/Pipeline/{closure}()
#29 D:/DiskFiles/Projects/Web/upwork_Invoice_Ninja/reception-par-type/vendor/laravel/framework/src/Illuminate/Pipeline/Pipeline.php(209): Illuminate/Routing/Middleware/SubstituteBindings->handle()
#30 D:/DiskFiles/Projects/Web/upwork_Invoice_Ninja/reception-par-type/vendor/laravel/framework/src/Illuminate/Foundation/Http/Middleware/VerifyCsrfToken.php(88): Illuminate/Pipeline/Pipeline->Illuminate/Pipeline/{closure}()
#31 D:/DiskFiles/Projects/Web/upwork_Invoice_Ninja/reception-par-type/vendor/laravel/framework/src/Illuminate/Pipeline/Pipeline.php(209): Illuminate/Foundation/Http/Middleware/VerifyCsrfToken->handle()
#32 D:/DiskFiles/Projects/Web/upwork_Invoice_Ninja/reception-par-type/vendor/laravel/framework/src/Illuminate/View/Middleware/ShareErrorsFromSession.php(49): Illuminate/Pipeline/Pipeline->Illuminate/Pipeline/{closure}()
#33 D:/DiskFiles/Projects/Web/upwork_Invoice_Ninja/reception-par-type/vendor/laravel/framework/src/Illuminate/Pipeline/Pipeline.php(209): Illuminate/View/Middleware/ShareErrorsFromSession->handle()
#34 D:/DiskFiles/Projects/Web/upwork_Invoice_Ninja/reception-par-type/vendor/laravel/framework/src/Illuminate/Session/Middleware/StartSession.php(121): Illuminate/Pipeline/Pipeline->Illuminate/Pipeline/{closure}()
#35 D:/DiskFiles/Projects/Web/upwork_Invoice_Ninja/reception-par-type/vendor/laravel/framework/src/Illuminate/Session/Middleware/StartSession.php(64): Illuminate/Session/Middleware/StartSession->handleStatefulRequest()
#36 D:/DiskFiles/Projects/Web/upwork_Invoice_Ninja/reception-par-type/vendor/laravel/framework/src/Illuminate/Pipeline/Pipeline.php(209): Illuminate/Session/Middleware/StartSession->handle()
#37 D:/DiskFiles/Projects/Web/upwork_Invoice_Ninja/reception-par-type/vendor/laravel/framework/src/Illuminate/Cookie/Middleware/AddQueuedCookiesToResponse.php(37): Illuminate/Pipeline/Pipeline->Illuminate/Pipeline/{closure}()
#38 D:/DiskFiles/Projects/Web/upwork_Invoice_Ninja/reception-par-type/vendor/laravel/framework/src/Illuminate/Pipeline/Pipeline.php(209): Illuminate/Cookie/Middleware/AddQueuedCookiesToResponse->handle()
#39 D:/DiskFiles/Projects/Web/upwork_Invoice_Ninja/reception-par-type/vendor/laravel/framework/src/Illuminate/Cookie/Middleware/EncryptCookies.php(75): Illuminate/Pipeline/Pipeline->Illuminate/Pipeline/{closure}()
#40 D:/DiskFiles/Projects/Web/upwork_Invoice_Ninja/reception-par-type/vendor/laravel/framework/src/Illuminate/Pipeline/Pipeline.php(209): Illuminate/Cookie/Middleware/EncryptCookies->handle()
#41 D:/DiskFiles/Projects/Web/upwork_Invoice_Ninja/reception-par-type/vendor/laravel/framework/src/Illuminate/Pipeline/Pipeline.php(127): Illuminate/Pipeline/Pipeline->Illuminate/Pipeline/{closure}()
#42 D:/DiskFiles/Projects/Web/upwork_Invoice_Ninja/reception-par-type/vendor/laravel/framework/src/Illuminate/Routing/Router.php(807): Illuminate/Pipeline/Pipeline->then()
#43 D:/DiskFiles/Projects/Web/upwork_Invoice_Ninja/reception-par-type/vendor/laravel/framework/src/Illuminate/Routing/Router.php(786): Illuminate/Routing/Router->runRouteWithinStack()
#44 D:/DiskFiles/Projects/Web/upwork_Invoice_Ninja/reception-par-type/vendor/laravel/framework/src/Illuminate/Routing/Router.php(750): Illuminate/Routing/Router->runRoute()
#45 D:/DiskFiles/Projects/Web/upwork_Invoice_Ninja/reception-par-type/vendor/laravel/framework/src/Illuminate/Routing/Router.php(739): Illuminate/Routing/Router->dispatchToRoute()
#46 D:/DiskFiles/Projects/Web/upwork_Invoice_Ninja/reception-par-type/vendor/laravel/framework/src/Illuminate/Foundation/Http/Kernel.php(201): Illuminate/Routing/Router->dispatch()
#47 D:/DiskFiles/Projects/Web/upwork_Invoice_Ninja/reception-par-type/vendor/laravel/framework/src/Illuminate/Pipeline/Pipeline.php(170): Illuminate/Foundation/Http/Kernel->Illuminate/Foundation/Http/{closure}()
#48 D:/DiskFiles/Projects/Web/upwork_Invoice_Ninja/reception-par-type/vendor/laravel/framework/src/Illuminate/Foundation/Http/Middleware/TransformsRequest.php(21): Illuminate/Pipeline/Pipeline->Illuminate/Pipeline/{closure}()
#49 D:/DiskFiles/Projects/Web/upwork_Invoice_Ninja/reception-par-type/vendor/laravel/framework/src/Illuminate/Foundation/Http/Middleware/ConvertEmptyStringsToNull.php(31): Illuminate/Foundation/Http/Middleware/TransformsRequest->handle()
#50 D:/DiskFiles/Projects/Web/upwork_Invoice_Ninja/reception-par-type/vendor/laravel/framework/src/Illuminate/Pipeline/Pipeline.php(209): Illuminate/Foundation/Http/Middleware/ConvertEmptyStringsToNull->handle()
#51 D:/DiskFiles/Projects/Web/upwork_Invoice_Ninja/reception-par-type/vendor/laravel/framework/src/Illuminate/Foundation/Http/Middleware/TransformsRequest.php(21): Illuminate/Pipeline/Pipeline->Illuminate/Pipeline/{closure}()
#52 D:/DiskFiles/Projects/Web/upwork_Invoice_Ninja/reception-par-type/vendor/laravel/framework/src/Illuminate/Foundation/Http/Middleware/TrimStrings.php(51): Illuminate/Foundation/Http/Middleware/TransformsRequest->handle()
#53 D:/DiskFiles/Projects/Web/upwork_Invoice_Ninja/reception-par-type/vendor/laravel/framework/src/Illuminate/Pipeline/Pipeline.php(209): Illuminate/Foundation/Http/Middleware/TrimStrings->handle()
#54 D:/DiskFiles/Projects/Web/upwork_Invoice_Ninja/reception-par-type/vendor/laravel/framework/src/Illuminate/Http/Middleware/ValidatePostSize.php(27): Illuminate/Pipeline/Pipeline->Illuminate/Pipeline/{closure}()
#55 D:/DiskFiles/Projects/Web/upwork_Invoice_Ninja/reception-par-type/vendor/laravel/framework/src/Illuminate/Pipeline/Pipeline.php(209): Illuminate/Http/Middleware/ValidatePostSize->handle()
#56 D:/DiskFiles/Projects/Web/upwork_Invoice_Ninja/reception-par-type/vendor/laravel/framework/src/Illuminate/Foundation/Http/Middleware/PreventRequestsDuringMaintenance.php(110): Illuminate/Pipeline/Pipeline->Illuminate/Pipeline/{closure}()
#57 D:/DiskFiles/Projects/Web/upwork_Invoice_Ninja/reception-par-type/vendor/laravel/framework/src/Illuminate/Pipeline/Pipeline.php(209): Illuminate/Foundation/Http/Middleware/PreventRequestsDuringMaintenance->handle()
#58 D:/DiskFiles/Projects/Web/upwork_Invoice_Ninja/reception-par-type/vendor/laravel/framework/src/Illuminate/Http/Middleware/HandleCors.php(49): Illuminate/Pipeline/Pipeline->Illuminate/Pipeline/{closure}()
#59 D:/DiskFiles/Projects/Web/upwork_Invoice_Ninja/reception-par-type/vendor/laravel/framework/src/Illuminate/Pipeline/Pipeline.php(209): Illuminate/Http/Middleware/HandleCors->handle()
#60 D:/DiskFiles/Projects/Web/upwork_Invoice_Ninja/reception-par-type/vendor/laravel/framework/src/Illuminate/Http/Middleware/TrustProxies.php(58): Illuminate/Pipeline/Pipeline->Illuminate/Pipeline/{closure}()
#61 D:/DiskFiles/Projects/Web/upwork_Invoice_Ninja/reception-par-type/vendor/laravel/framework/src/Illuminate/Pipeline/Pipeline.php(209): Illuminate/Http/Middleware/TrustProxies->handle()
#62 D:/DiskFiles/Projects/Web/upwork_Invoice_Ninja/reception-par-type/vendor/laravel/framework/src/Illuminate/Foundation/Http/Middleware/InvokeDeferredCallbacks.php(22): Illuminate/Pipeline/Pipeline->Illuminate/Pipeline/{closure}()
#63 D:/DiskFiles/Projects/Web/upwork_Invoice_Ninja/reception-par-type/vendor/laravel/framework/src/Illuminate/Pipeline/Pipeline.php(209): Illuminate/Foundation/Http/Middleware/InvokeDeferredCallbacks->handle()
#64 D:/DiskFiles/Projects/Web/upwork_Invoice_Ninja/reception-par-type/vendor/laravel/framework/src/Illuminate/Pipeline/Pipeline.php(127): Illuminate/Pipeline/Pipeline->Illuminate/Pipeline/{closure}()
#65 D:/DiskFiles/Projects/Web/upwork_Invoice_Ninja/reception-par-type/vendor/laravel/framework/src/Illuminate/Foundation/Http/Kernel.php(176): Illuminate/Pipeline/Pipeline->then()
#66 D:/DiskFiles/Projects/Web/upwork_Invoice_Ninja/reception-par-type/vendor/laravel/framework/src/Illuminate/Foundation/Http/Kernel.php(145): Illuminate/Foundation/Http/Kernel->sendRequestThroughRouter()
#67 D:/DiskFiles/Projects/Web/upwork_Invoice_Ninja/reception-par-type/vendor/laravel/framework/src/Illuminate/Foundation/Application.php(1220): Illuminate/Foundation/Http/Kernel->handle()
#68 D:/DiskFiles/Projects/Web/upwork_Invoice_Ninja/reception-par-type/public/index.php(18): Illuminate/Foundation/Application->handleRequest()
#69 D:/DiskFiles/Projects/Web/upwork_Invoice_Ninja/reception-par-type/vendor/laravel/framework/src/Illuminate/Foundation/resources/server.php(23): require_once('...')
#70 {main}

[previous exception] [object] (PDOException(code: 2002): SQLSTATE[HY000] [2002] A connection attempt failed because the connected party did not properly respond after a period of time, or established connection failed because connected host has failed to respond at D:/DiskFiles/Projects/Web/upwork_Invoice_Ninja/reception-par-type/vendor/laravel/framework/src/Illuminate/Database/Connectors/Connector.php:66)
[stacktrace]
#0 D:/DiskFiles/Projects/Web/upwork_Invoice_Ninja/reception-par-type/vendor/laravel/framework/src/Illuminate/Database/Connectors/Connector.php(66): PDO->__construct()
#1 D:/DiskFiles/Projects/Web/upwork_Invoice_Ninja/reception-par-type/vendor/laravel/framework/src/Illuminate/Database/Connectors/Connector.php(85): Illuminate/Database/Connectors/Connector->createPdoConnection()
#2 D:/DiskFiles/Projects/Web/upwork_Invoice_Ninja/reception-par-type/vendor/laravel/framework/src/Illuminate/Database/Connectors/Connector.php(48): Illuminate/Database/Connectors/Connector->tryAgainIfCausedByLostConnection()
#3 D:/DiskFiles/Projects/Web/upwork_Invoice_Ninja/reception-par-type/vendor/laravel/framework/src/Illuminate/Database/Connectors/MySqlConnector.php(24): Illuminate/Database/Connectors/Connector->createConnection()
#4 D:/DiskFiles/Projects/Web/upwork_Invoice_Ninja/reception-par-type/vendor/laravel/framework/src/Illuminate/Database/Connectors/ConnectionFactory.php(185): Illuminate/Database/Connectors/MySqlConnector->connect()
#5 [internal function]: Illuminate/Database/Connectors/ConnectionFactory->Illuminate/Database/Connectors/{closure}()
#6 D:/DiskFiles/Projects/Web/upwork_Invoice_Ninja/reception-par-type/vendor/laravel/framework/src/Illuminate/Database/Connection.php(1231): call_user_func()
#7 D:/DiskFiles/Projects/Web/upwork_Invoice_Ninja/reception-par-type/vendor/laravel/framework/src/Illuminate/Database/Connection.php(1267): Illuminate/Database/Connection->getPdo()
#8 D:/DiskFiles/Projects/Web/upwork_Invoice_Ninja/reception-par-type/vendor/laravel/framework/src/Illuminate/Database/Connection.php(512): Illuminate/Database/Connection->getReadPdo()
#9 D:/DiskFiles/Projects/Web/upwork_Invoice_Ninja/reception-par-type/vendor/laravel/framework/src/Illuminate/Database/Connection.php(407): Illuminate/Database/Connection->getPdoForSelect()
#10 D:/DiskFiles/Projects/Web/upwork_Invoice_Ninja/reception-par-type/vendor/laravel/framework/src/Illuminate/Database/Connection.php(812): Illuminate/Database/Connection->Illuminate/Database/{closure}()
#11 D:/DiskFiles/Projects/Web/upwork_Invoice_Ninja/reception-par-type/vendor/laravel/framework/src/Illuminate/Database/Connection.php(979): Illuminate/Database/Connection->runQueryCallback()
#12 D:/DiskFiles/Projects/Web/upwork_Invoice_Ninja/reception-par-type/vendor/laravel/framework/src/Illuminate/Database/Connection.php(958): Illuminate/Database/Connection->tryAgainIfCausedByLostConnection()
#13 D:/DiskFiles/Projects/Web/upwork_Invoice_Ninja/reception-par-type/vendor/laravel/framework/src/Illuminate/Database/Connection.php(781): Illuminate/Database/Connection->handleQueryException()
#14 D:/DiskFiles/Projects/Web/upwork_Invoice_Ninja/reception-par-type/vendor/laravel/framework/src/Illuminate/Database/Connection.php(398): Illuminate/Database/Connection->run()
#15 D:/DiskFiles/Projects/Web/upwork_Invoice_Ninja/reception-par-type/vendor/laravel/framework/src/Illuminate/Database/Query/Builder.php(3106): Illuminate/Database/Connection->select()
#16 D:/DiskFiles/Projects/Web/upwork_Invoice_Ninja/reception-par-type/vendor/laravel/framework/src/Illuminate/Database/Query/Builder.php(3091): Illuminate/Database/Query/Builder->runSelect()
#17 D:/DiskFiles/Projects/Web/upwork_Invoice_Ninja/reception-par-type/vendor/laravel/framework/src/Illuminate/Database/Query/Builder.php(3676): Illuminate/Database/Query/Builder->Illuminate/Database/Query/{closure}()
#18 D:/DiskFiles/Projects/Web/upwork_Invoice_Ninja/reception-par-type/vendor/laravel/framework/src/Illuminate/Database/Query/Builder.php(3090): Illuminate/Database/Query/Builder->onceWithColumns()
#19 D:/DiskFiles/Projects/Web/upwork_Invoice_Ninja/reception-par-type/vendor/laravel/framework/src/Illuminate/Database/Eloquent/Builder.php(811): Illuminate/Database/Query/Builder->get()
#20 D:/DiskFiles/Projects/Web/upwork_Invoice_Ninja/reception-par-type/vendor/laravel/framework/src/Illuminate/Database/Eloquent/Builder.php(793): Illuminate/Database/Eloquent/Builder->getModels()
#21 D:/DiskFiles/Projects/Web/upwork_Invoice_Ninja/reception-par-type/vendor/laravel/framework/src/Illuminate/Database/Concerns/BuildsQueries.php(343): Illuminate/Database/Eloquent/Builder->get()
#22 D:/DiskFiles/Projects/Web/upwork_Invoice_Ninja/reception-par-type/vendor/laravel/framework/src/Illuminate/Auth/EloquentUserProvider.php(139): Illuminate/Database/Eloquent/Builder->first()
#23 D:/DiskFiles/Projects/Web/upwork_Invoice_Ninja/reception-par-type/vendor/laravel/framework/src/Illuminate/Auth/SessionGuard.php(415): Illuminate/Auth/EloquentUserProvider->retrieveByCredentials()
#24 D:/DiskFiles/Projects/Web/upwork_Invoice_Ninja/reception-par-type/vendor/laravel/framework/src/Illuminate/Support/Timebox.php(34): Illuminate/Auth/SessionGuard->Illuminate/Auth/{closure}()
#25 D:/DiskFiles/Projects/Web/upwork_Invoice_Ninja/reception-par-type/vendor/laravel/framework/src/Illuminate/Auth/SessionGuard.php(412): Illuminate/Support/Timebox->call()
#26 D:/DiskFiles/Projects/Web/upwork_Invoice_Ninja/reception-par-type/vendor/laravel/framework/src/Illuminate/Auth/AuthManager.php(340): Illuminate/Auth/SessionGuard->attempt()
#27 D:/DiskFiles/Projects/Web/upwork_Invoice_Ninja/reception-par-type/vendor/laravel/framework/src/Illuminate/Support/Facades/Facade.php(361): Illuminate/Auth/AuthManager->__call()
#28 D:/DiskFiles/Projects/Web/upwork_Invoice_Ninja/reception-par-type/app/Http/Controllers/Auth/LoginController.php(31): Illuminate/Support/Facades/Facade::__callStatic()
#29 D:/DiskFiles/Projects/Web/upwork_Invoice_Ninja/reception-par-type/vendor/laravel/framework/src/Illuminate/Routing/Controller.php(54): App/Http/Controllers/Auth/LoginController->login()
#30 D:/DiskFiles/Projects/Web/upwork_Invoice_Ninja/reception-par-type/vendor/laravel/framework/src/Illuminate/Routing/ControllerDispatcher.php(44): Illuminate/Routing/Controller->callAction()
#31 D:/DiskFiles/Projects/Web/upwork_Invoice_Ninja/reception-par-type/vendor/laravel/framework/src/Illuminate/Routing/Route.php(266): Illuminate/Routing/ControllerDispatcher->dispatch()
#32 D:/DiskFiles/Projects/Web/upwork_Invoice_Ninja/reception-par-type/vendor/laravel/framework/src/Illuminate/Routing/Route.php(212): Illuminate/Routing/Route->runController()
#33 D:/DiskFiles/Projects/Web/upwork_Invoice_Ninja/reception-par-type/vendor/laravel/framework/src/Illuminate/Routing/Router.php(808): Illuminate/Routing/Route->run()
#34 D:/DiskFiles/Projects/Web/upwork_Invoice_Ninja/reception-par-type/vendor/laravel/framework/src/Illuminate/Pipeline/Pipeline.php(170): Illuminate/Routing/Router->Illuminate/Routing/{closure}()
#35 D:/DiskFiles/Projects/Web/upwork_Invoice_Ninja/reception-par-type/app/Http/Middleware/SetLocale.php(87): Illuminate/Pipeline/Pipeline->Illuminate/Pipeline/{closure}()
#36 D:/DiskFiles/Projects/Web/upwork_Invoice_Ninja/reception-par-type/vendor/laravel/framework/src/Illuminate/Pipeline/Pipeline.php(209): App/Http/Middleware/SetLocale->handle()
#37 D:/DiskFiles/Projects/Web/upwork_Invoice_Ninja/reception-par-type/app/Http/Middleware/TrackAffiliate.php(45): Illuminate/Pipeline/Pipeline->Illuminate/Pipeline/{closure}()
#38 D:/DiskFiles/Projects/Web/upwork_Invoice_Ninja/reception-par-type/vendor/laravel/framework/src/Illuminate/Pipeline/Pipeline.php(209): App/Http/Middleware/TrackAffiliate->handle()
#39 D:/DiskFiles/Projects/Web/upwork_Invoice_Ninja/reception-par-type/vendor/laravel/framework/src/Illuminate/Routing/Middleware/SubstituteBindings.php(51): Illuminate/Pipeline/Pipeline->Illuminate/Pipeline/{closure}()
#40 D:/DiskFiles/Projects/Web/upwork_Invoice_Ninja/reception-par-type/vendor/laravel/framework/src/Illuminate/Pipeline/Pipeline.php(209): Illuminate/Routing/Middleware/SubstituteBindings->handle()
#41 D:/DiskFiles/Projects/Web/upwork_Invoice_Ninja/reception-par-type/vendor/laravel/framework/src/Illuminate/Foundation/Http/Middleware/VerifyCsrfToken.php(88): Illuminate/Pipeline/Pipeline->Illuminate/Pipeline/{closure}()
#42 D:/DiskFiles/Projects/Web/upwork_Invoice_Ninja/reception-par-type/vendor/laravel/framework/src/Illuminate/Pipeline/Pipeline.php(209): Illuminate/Foundation/Http/Middleware/VerifyCsrfToken->handle()
#43 D:/DiskFiles/Projects/Web/upwork_Invoice_Ninja/reception-par-type/vendor/laravel/framework/src/Illuminate/View/Middleware/ShareErrorsFromSession.php(49): Illuminate/Pipeline/Pipeline->Illuminate/Pipeline/{closure}()
#44 D:/DiskFiles/Projects/Web/upwork_Invoice_Ninja/reception-par-type/vendor/laravel/framework/src/Illuminate/Pipeline/Pipeline.php(209): Illuminate/View/Middleware/ShareErrorsFromSession->handle()
#45 D:/DiskFiles/Projects/Web/upwork_Invoice_Ninja/reception-par-type/vendor/laravel/framework/src/Illuminate/Session/Middleware/StartSession.php(121): Illuminate/Pipeline/Pipeline->Illuminate/Pipeline/{closure}()
#46 D:/DiskFiles/Projects/Web/upwork_Invoice_Ninja/reception-par-type/vendor/laravel/framework/src/Illuminate/Session/Middleware/StartSession.php(64): Illuminate/Session/Middleware/StartSession->handleStatefulRequest()
#47 D:/DiskFiles/Projects/Web/upwork_Invoice_Ninja/reception-par-type/vendor/laravel/framework/src/Illuminate/Pipeline/Pipeline.php(209): Illuminate/Session/Middleware/StartSession->handle()
#48 D:/DiskFiles/Projects/Web/upwork_Invoice_Ninja/reception-par-type/vendor/laravel/framework/src/Illuminate/Cookie/Middleware/AddQueuedCookiesToResponse.php(37): Illuminate/Pipeline/Pipeline->Illuminate/Pipeline/{closure}()
#49 D:/DiskFiles/Projects/Web/upwork_Invoice_Ninja/reception-par-type/vendor/laravel/framework/src/Illuminate/Pipeline/Pipeline.php(209): Illuminate/Cookie/Middleware/AddQueuedCookiesToResponse->handle()
#50 D:/DiskFiles/Projects/Web/upwork_Invoice_Ninja/reception-par-type/vendor/laravel/framework/src/Illuminate/Cookie/Middleware/EncryptCookies.php(75): Illuminate/Pipeline/Pipeline->Illuminate/Pipeline/{closure}()
#51 D:/DiskFiles/Projects/Web/upwork_Invoice_Ninja/reception-par-type/vendor/laravel/framework/src/Illuminate/Pipeline/Pipeline.php(209): Illuminate/Cookie/Middleware/EncryptCookies->handle()
#52 D:/DiskFiles/Projects/Web/upwork_Invoice_Ninja/reception-par-type/vendor/laravel/framework/src/Illuminate/Pipeline/Pipeline.php(127): Illuminate/Pipeline/Pipeline->Illuminate/Pipeline/{closure}()
#53 D:/DiskFiles/Projects/Web/upwork_Invoice_Ninja/reception-par-type/vendor/laravel/framework/src/Illuminate/Routing/Router.php(807): Illuminate/Pipeline/Pipeline->then()
#54 D:/DiskFiles/Projects/Web/upwork_Invoice_Ninja/reception-par-type/vendor/laravel/framework/src/Illuminate/Routing/Router.php(786): Illuminate/Routing/Router->runRouteWithinStack()
#55 D:/DiskFiles/Projects/Web/upwork_Invoice_Ninja/reception-par-type/vendor/laravel/framework/src/Illuminate/Routing/Router.php(750): Illuminate/Routing/Router->runRoute()
#56 D:/DiskFiles/Projects/Web/upwork_Invoice_Ninja/reception-par-type/vendor/laravel/framework/src/Illuminate/Routing/Router.php(739): Illuminate/Routing/Router->dispatchToRoute()
#57 D:/DiskFiles/Projects/Web/upwork_Invoice_Ninja/reception-par-type/vendor/laravel/framework/src/Illuminate/Foundation/Http/Kernel.php(201): Illuminate/Routing/Router->dispatch()
#58 D:/DiskFiles/Projects/Web/upwork_Invoice_Ninja/reception-par-type/vendor/laravel/framework/src/Illuminate/Pipeline/Pipeline.php(170): Illuminate/Foundation/Http/Kernel->Illuminate/Foundation/Http/{closure}()
#59 D:/DiskFiles/Projects/Web/upwork_Invoice_Ninja/reception-par-type/vendor/laravel/framework/src/Illuminate/Foundation/Http/Middleware/TransformsRequest.php(21): Illuminate/Pipeline/Pipeline->Illuminate/Pipeline/{closure}()
#60 D:/DiskFiles/Projects/Web/upwork_Invoice_Ninja/reception-par-type/vendor/laravel/framework/src/Illuminate/Foundation/Http/Middleware/ConvertEmptyStringsToNull.php(31): Illuminate/Foundation/Http/Middleware/TransformsRequest->handle()
#61 D:/DiskFiles/Projects/Web/upwork_Invoice_Ninja/reception-par-type/vendor/laravel/framework/src/Illuminate/Pipeline/Pipeline.php(209): Illuminate/Foundation/Http/Middleware/ConvertEmptyStringsToNull->handle()
#62 D:/DiskFiles/Projects/Web/upwork_Invoice_Ninja/reception-par-type/vendor/laravel/framework/src/Illuminate/Foundation/Http/Middleware/TransformsRequest.php(21): Illuminate/Pipeline/Pipeline->Illuminate/Pipeline/{closure}()
#63 D:/DiskFiles/Projects/Web/upwork_Invoice_Ninja/reception-par-type/vendor/laravel/framework/src/Illuminate/Foundation/Http/Middleware/TrimStrings.php(51): Illuminate/Foundation/Http/Middleware/TransformsRequest->handle()
#64 D:/DiskFiles/Projects/Web/upwork_Invoice_Ninja/reception-par-type/vendor/laravel/framework/src/Illuminate/Pipeline/Pipeline.php(209): Illuminate/Foundation/Http/Middleware/TrimStrings->handle()
#65 D:/DiskFiles/Projects/Web/upwork_Invoice_Ninja/reception-par-type/vendor/laravel/framework/src/Illuminate/Http/Middleware/ValidatePostSize.php(27): Illuminate/Pipeline/Pipeline->Illuminate/Pipeline/{closure}()
#66 D:/DiskFiles/Projects/Web/upwork_Invoice_Ninja/reception-par-type/vendor/laravel/framework/src/Illuminate/Pipeline/Pipeline.php(209): Illuminate/Http/Middleware/ValidatePostSize->handle()
#67 D:/DiskFiles/Projects/Web/upwork_Invoice_Ninja/reception-par-type/vendor/laravel/framework/src/Illuminate/Foundation/Http/Middleware/PreventRequestsDuringMaintenance.php(110): Illuminate/Pipeline/Pipeline->Illuminate/Pipeline/{closure}()
#68 D:/DiskFiles/Projects/Web/upwork_Invoice_Ninja/reception-par-type/vendor/laravel/framework/src/Illuminate/Pipeline/Pipeline.php(209): Illuminate/Foundation/Http/Middleware/PreventRequestsDuringMaintenance->handle()
#69 D:/DiskFiles/Projects/Web/upwork_Invoice_Ninja/reception-par-type/vendor/laravel/framework/src/Illuminate/Http/Middleware/HandleCors.php(49): Illuminate/Pipeline/Pipeline->Illuminate/Pipeline/{closure}()
#70 D:/DiskFiles/Projects/Web/upwork_Invoice_Ninja/reception-par-type/vendor/laravel/framework/src/Illuminate/Pipeline/Pipeline.php(209): Illuminate/Http/Middleware/HandleCors->handle()
#71 D:/DiskFiles/Projects/Web/upwork_Invoice_Ninja/reception-par-type/vendor/laravel/framework/src/Illuminate/Http/Middleware/TrustProxies.php(58): Illuminate/Pipeline/Pipeline->Illuminate/Pipeline/{closure}()
#72 D:/DiskFiles/Projects/Web/upwork_Invoice_Ninja/reception-par-type/vendor/laravel/framework/src/Illuminate/Pipeline/Pipeline.php(209): Illuminate/Http/Middleware/TrustProxies->handle()
#73 D:/DiskFiles/Projects/Web/upwork_Invoice_Ninja/reception-par-type/vendor/laravel/framework/src/Illuminate/Foundation/Http/Middleware/InvokeDeferredCallbacks.php(22): Illuminate/Pipeline/Pipeline->Illuminate/Pipeline/{closure}()
#74 D:/DiskFiles/Projects/Web/upwork_Invoice_Ninja/reception-par-type/vendor/laravel/framework/src/Illuminate/Pipeline/Pipeline.php(209): Illuminate/Foundation/Http/Middleware/InvokeDeferredCallbacks->handle()
#75 D:/DiskFiles/Projects/Web/upwork_Invoice_Ninja/reception-par-type/vendor/laravel/framework/src/Illuminate/Pipeline/Pipeline.php(127): Illuminate/Pipeline/Pipeline->Illuminate/Pipeline/{closure}()
#76 D:/DiskFiles/Projects/Web/upwork_Invoice_Ninja/reception-par-type/vendor/laravel/framework/src/Illuminate/Foundation/Http/Kernel.php(176): Illuminate/Pipeline/Pipeline->then()
#77 D:/DiskFiles/Projects/Web/upwork_Invoice_Ninja/reception-par-type/vendor/laravel/framework/src/Illuminate/Foundation/Http/Kernel.php(145): Illuminate/Foundation/Http/Kernel->sendRequestThroughRouter()
#78 D:/DiskFiles/Projects/Web/upwork_Invoice_Ninja/reception-par-type/vendor/laravel/framework/src/Illuminate/Foundation/Application.php(1220): Illuminate/Foundation/Http/Kernel->handle()
#79 D:/DiskFiles/Projects/Web/upwork_Invoice_Ninja/reception-par-type/public/index.php(18): Illuminate/Foundation/Application->handleRequest()
#80 D:/DiskFiles/Projects/Web/upwork_Invoice_Ninja/reception-par-type/vendor/laravel/framework/src/Illuminate/Foundation/resources/server.php(23): require_once('...')
#81 {main}
"} 
[2026-06-24 14:01:59] production.ERROR: SQLSTATE[HY000] [2002] A connection attempt failed because the connected party did not properly respond after a period of time, or established connection failed because connected host has failed to respond (Connection: mysql, SQL: select * from `users` where `email` = admin@reception-par-type.ch and `users`.`deleted_at` is null limit 1) {"exception":"[object] (Illuminate\\Database\\QueryException(code: 2002): SQLSTATE[HY000] [2002] A connection attempt failed because the connected party did not properly respond after a period of time, or established connection failed because connected host has failed to respond (Connection: mysql, SQL: select * from `users` where `email` = admin@reception-par-type.ch and `users`.`deleted_at` is null limit 1) at D:/DiskFiles/Projects/Web/upwork_Invoice_Ninja/reception-par-type/vendor/laravel/framework/src/Illuminate/Database/Connection.php:825)
[stacktrace]
#0 D:/DiskFiles/Projects/Web/upwork_Invoice_Ninja/reception-par-type/vendor/laravel/framework/src/Illuminate/Database/Connection.php(979): Illuminate/Database/Connection->runQueryCallback()
#1 D:/DiskFiles/Projects/Web/upwork_Invoice_Ninja/reception-par-type/vendor/laravel/framework/src/Illuminate/Database/Connection.php(958): Illuminate/Database/Connection->tryAgainIfCausedByLostConnection()
#2 D:/DiskFiles/Projects/Web/upwork_Invoice_Ninja/reception-par-type/vendor/laravel/framework/src/Illuminate/Database/Connection.php(781): Illuminate/Database/Connection->handleQueryException()
#3 D:/DiskFiles/Projects/Web/upwork_Invoice_Ninja/reception-par-type/vendor/laravel/framework/src/Illuminate/Database/Connection.php(398): Illuminate/Database/Connection->run()
#4 D:/DiskFiles/Projects/Web/upwork_Invoice_Ninja/reception-par-type/vendor/laravel/framework/src/Illuminate/Database/Query/Builder.php(3106): Illuminate/Database/Connection->select()
#5 D:/DiskFiles/Projects/Web/upwork_Invoice_Ninja/reception-par-type/vendor/laravel/framework/src/Illuminate/Database/Query/Builder.php(3091): Illuminate/Database/Query/Builder->runSelect()
#6 D:/DiskFiles/Projects/Web/upwork_Invoice_Ninja/reception-par-type/vendor/laravel/framework/src/Illuminate/Database/Query/Builder.php(3676): Illuminate/Database/Query/Builder->Illuminate/Database/Query/{closure}()
#7 D:/DiskFiles/Projects/Web/upwork_Invoice_Ninja/reception-par-type/vendor/laravel/framework/src/Illuminate/Database/Query/Builder.php(3090): Illuminate/Database/Query/Builder->onceWithColumns()
#8 D:/DiskFiles/Projects/Web/upwork_Invoice_Ninja/reception-par-type/vendor/laravel/framework/src/Illuminate/Database/Eloquent/Builder.php(811): Illuminate/Database/Query/Builder->get()
#9 D:/DiskFiles/Projects/Web/upwork_Invoice_Ninja/reception-par-type/vendor/laravel/framework/src/Illuminate/Database/Eloquent/Builder.php(793): Illuminate/Database/Eloquent/Builder->getModels()
#10 D:/DiskFiles/Projects/Web/upwork_Invoice_Ninja/reception-par-type/vendor/laravel/framework/src/Illuminate/Database/Concerns/BuildsQueries.php(343): Illuminate/Database/Eloquent/Builder->get()
#11 D:/DiskFiles/Projects/Web/upwork_Invoice_Ninja/reception-par-type/vendor/laravel/framework/src/Illuminate/Auth/EloquentUserProvider.php(139): Illuminate/Database/Eloquent/Builder->first()
#12 D:/DiskFiles/Projects/Web/upwork_Invoice_Ninja/reception-par-type/vendor/laravel/framework/src/Illuminate/Auth/SessionGuard.php(415): Illuminate/Auth/EloquentUserProvider->retrieveByCredentials()
#13 D:/DiskFiles/Projects/Web/upwork_Invoice_Ninja/reception-par-type/vendor/laravel/framework/src/Illuminate/Support/Timebox.php(34): Illuminate/Auth/SessionGuard->Illuminate/Auth/{closure}()
#14 D:/DiskFiles/Projects/Web/upwork_Invoice_Ninja/reception-par-type/vendor/laravel/framework/src/Illuminate/Auth/SessionGuard.php(412): Illuminate/Support/Timebox->call()
#15 D:/DiskFiles/Projects/Web/upwork_Invoice_Ninja/reception-par-type/vendor/laravel/framework/src/Illuminate/Auth/AuthManager.php(340): Illuminate/Auth/SessionGuard->attempt()
#16 D:/DiskFiles/Projects/Web/upwork_Invoice_Ninja/reception-par-type/vendor/laravel/framework/src/Illuminate/Support/Facades/Facade.php(361): Illuminate/Auth/AuthManager->__call()
#17 D:/DiskFiles/Projects/Web/upwork_Invoice_Ninja/reception-par-type/app/Http/Controllers/Auth/LoginController.php(31): Illuminate/Support/Facades/Facade::__callStatic()
#18 D:/DiskFiles/Projects/Web/upwork_Invoice_Ninja/reception-par-type/vendor/laravel/framework/src/Illuminate/Routing/Controller.php(54): App/Http/Controllers/Auth/LoginController->login()
#19 D:/DiskFiles/Projects/Web/upwork_Invoice_Ninja/reception-par-type/vendor/laravel/framework/src/Illuminate/Routing/ControllerDispatcher.php(44): Illuminate/Routing/Controller->callAction()
#20 D:/DiskFiles/Projects/Web/upwork_Invoice_Ninja/reception-par-type/vendor/laravel/framework/src/Illuminate/Routing/Route.php(266): Illuminate/Routing/ControllerDispatcher->dispatch()
#21 D:/DiskFiles/Projects/Web/upwork_Invoice_Ninja/reception-par-type/vendor/laravel/framework/src/Illuminate/Routing/Route.php(212): Illuminate/Routing/Route->runController()
#22 D:/DiskFiles/Projects/Web/upwork_Invoice_Ninja/reception-par-type/vendor/laravel/framework/src/Illuminate/Routing/Router.php(808): Illuminate/Routing/Route->run()
#23 D:/DiskFiles/Projects/Web/upwork_Invoice_Ninja/reception-par-type/vendor/laravel/framework/src/Illuminate/Pipeline/Pipeline.php(170): Illuminate/Routing/Router->Illuminate/Routing/{closure}()
#24 D:/DiskFiles/Projects/Web/upwork_Invoice_Ninja/reception-par-type/app/Http/Middleware/SetLocale.php(87): Illuminate/Pipeline/Pipeline->Illuminate/Pipeline/{closure}()
#25 D:/DiskFiles/Projects/Web/upwork_Invoice_Ninja/reception-par-type/vendor/laravel/framework/src/Illuminate/Pipeline/Pipeline.php(209): App/Http/Middleware/SetLocale->handle()
#26 D:/DiskFiles/Projects/Web/upwork_Invoice_Ninja/reception-par-type/app/Http/Middleware/TrackAffiliate.php(45): Illuminate/Pipeline/Pipeline->Illuminate/Pipeline/{closure}()
#27 D:/DiskFiles/Projects/Web/upwork_Invoice_Ninja/reception-par-type/vendor/laravel/framework/src/Illuminate/Pipeline/Pipeline.php(209): App/Http/Middleware/TrackAffiliate->handle()
#28 D:/DiskFiles/Projects/Web/upwork_Invoice_Ninja/reception-par-type/vendor/laravel/framework/src/Illuminate/Routing/Middleware/SubstituteBindings.php(51): Illuminate/Pipeline/Pipeline->Illuminate/Pipeline/{closure}()
#29 D:/DiskFiles/Projects/Web/upwork_Invoice_Ninja/reception-par-type/vendor/laravel/framework/src/Illuminate/Pipeline/Pipeline.php(209): Illuminate/Routing/Middleware/SubstituteBindings->handle()
#30 D:/DiskFiles/Projects/Web/upwork_Invoice_Ninja/reception-par-type/vendor/laravel/framework/src/Illuminate/Foundation/Http/Middleware/VerifyCsrfToken.php(88): Illuminate/Pipeline/Pipeline->Illuminate/Pipeline/{closure}()
#31 D:/DiskFiles/Projects/Web/upwork_Invoice_Ninja/reception-par-type/vendor/laravel/framework/src/Illuminate/Pipeline/Pipeline.php(209): Illuminate/Foundation/Http/Middleware/VerifyCsrfToken->handle()
#32 D:/DiskFiles/Projects/Web/upwork_Invoice_Ninja/reception-par-type/vendor/laravel/framework/src/Illuminate/View/Middleware/ShareErrorsFromSession.php(49): Illuminate/Pipeline/Pipeline->Illuminate/Pipeline/{closure}()
#33 D:/DiskFiles/Projects/Web/upwork_Invoice_Ninja/reception-par-type/vendor/laravel/framework/src/Illuminate/Pipeline/Pipeline.php(209): Illuminate/View/Middleware/ShareErrorsFromSession->handle()
#34 D:/DiskFiles/Projects/Web/upwork_Invoice_Ninja/reception-par-type/vendor/laravel/framework/src/Illuminate/Session/Middleware/StartSession.php(121): Illuminate/Pipeline/Pipeline->Illuminate/Pipeline/{closure}()
#35 D:/DiskFiles/Projects/Web/upwork_Invoice_Ninja/reception-par-type/vendor/laravel/framework/src/Illuminate/Session/Middleware/StartSession.php(64): Illuminate/Session/Middleware/StartSession->handleStatefulRequest()
#36 D:/DiskFiles/Projects/Web/upwork_Invoice_Ninja/reception-par-type/vendor/laravel/framework/src/Illuminate/Pipeline/Pipeline.php(209): Illuminate/Session/Middleware/StartSession->handle()
#37 D:/DiskFiles/Projects/Web/upwork_Invoice_Ninja/reception-par-type/vendor/laravel/framework/src/Illuminate/Cookie/Middleware/AddQueuedCookiesToResponse.php(37): Illuminate/Pipeline/Pipeline->Illuminate/Pipeline/{closure}()
#38 D:/DiskFiles/Projects/Web/upwork_Invoice_Ninja/reception-par-type/vendor/laravel/framework/src/Illuminate/Pipeline/Pipeline.php(209): Illuminate/Cookie/Middleware/AddQueuedCookiesToResponse->handle()
#39 D:/DiskFiles/Projects/Web/upwork_Invoice_Ninja/reception-par-type/vendor/laravel/framework/src/Illuminate/Cookie/Middleware/EncryptCookies.php(75): Illuminate/Pipeline/Pipeline->Illuminate/Pipeline/{closure}()
#40 D:/DiskFiles/Projects/Web/upwork_Invoice_Ninja/reception-par-type/vendor/laravel/framework/src/Illuminate/Pipeline/Pipeline.php(209): Illuminate/Cookie/Middleware/EncryptCookies->handle()
#41 D:/DiskFiles/Projects/Web/upwork_Invoice_Ninja/reception-par-type/vendor/laravel/framework/src/Illuminate/Pipeline/Pipeline.php(127): Illuminate/Pipeline/Pipeline->Illuminate/Pipeline/{closure}()
#42 D:/DiskFiles/Projects/Web/upwork_Invoice_Ninja/reception-par-type/vendor/laravel/framework/src/Illuminate/Routing/Router.php(807): Illuminate/Pipeline/Pipeline->then()
#43 D:/DiskFiles/Projects/Web/upwork_Invoice_Ninja/reception-par-type/vendor/laravel/framework/src/Illuminate/Routing/Router.php(786): Illuminate/Routing/Router->runRouteWithinStack()
#44 D:/DiskFiles/Projects/Web/upwork_Invoice_Ninja/reception-par-type/vendor/laravel/framework/src/Illuminate/Routing/Router.php(750): Illuminate/Routing/Router->runRoute()
#45 D:/DiskFiles/Projects/Web/upwork_Invoice_Ninja/reception-par-type/vendor/laravel/framework/src/Illuminate/Routing/Router.php(739): Illuminate/Routing/Router->dispatchToRoute()
#46 D:/DiskFiles/Projects/Web/upwork_Invoice_Ninja/reception-par-type/vendor/laravel/framework/src/Illuminate/Foundation/Http/Kernel.php(201): Illuminate/Routing/Router->dispatch()
#47 D:/DiskFiles/Projects/Web/upwork_Invoice_Ninja/reception-par-type/vendor/laravel/framework/src/Illuminate/Pipeline/Pipeline.php(170): Illuminate/Foundation/Http/Kernel->Illuminate/Foundation/Http/{closure}()
#48 D:/DiskFiles/Projects/Web/upwork_Invoice_Ninja/reception-par-type/vendor/laravel/framework/src/Illuminate/Foundation/Http/Middleware/TransformsRequest.php(21): Illuminate/Pipeline/Pipeline->Illuminate/Pipeline/{closure}()
#49 D:/DiskFiles/Projects/Web/upwork_Invoice_Ninja/reception-par-type/vendor/laravel/framework/src/Illuminate/Foundation/Http/Middleware/ConvertEmptyStringsToNull.php(31): Illuminate/Foundation/Http/Middleware/TransformsRequest->handle()
#50 D:/DiskFiles/Projects/Web/upwork_Invoice_Ninja/reception-par-type/vendor/laravel/framework/src/Illuminate/Pipeline/Pipeline.php(209): Illuminate/Foundation/Http/Middleware/ConvertEmptyStringsToNull->handle()
#51 D:/DiskFiles/Projects/Web/upwork_Invoice_Ninja/reception-par-type/vendor/laravel/framework/src/Illuminate/Foundation/Http/Middleware/TransformsRequest.php(21): Illuminate/Pipeline/Pipeline->Illuminate/Pipeline/{closure}()
#52 D:/DiskFiles/Projects/Web/upwork_Invoice_Ninja/reception-par-type/vendor/laravel/framework/src/Illuminate/Foundation/Http/Middleware/TrimStrings.php(51): Illuminate/Foundation/Http/Middleware/TransformsRequest->handle()
#53 D:/DiskFiles/Projects/Web/upwork_Invoice_Ninja/reception-par-type/vendor/laravel/framework/src/Illuminate/Pipeline/Pipeline.php(209): Illuminate/Foundation/Http/Middleware/TrimStrings->handle()
#54 D:/DiskFiles/Projects/Web/upwork_Invoice_Ninja/reception-par-type/vendor/laravel/framework/src/Illuminate/Http/Middleware/ValidatePostSize.php(27): Illuminate/Pipeline/Pipeline->Illuminate/Pipeline/{closure}()
#55 D:/DiskFiles/Projects/Web/upwork_Invoice_Ninja/reception-par-type/vendor/laravel/framework/src/Illuminate/Pipeline/Pipeline.php(209): Illuminate/Http/Middleware/ValidatePostSize->handle()
#56 D:/DiskFiles/Projects/Web/upwork_Invoice_Ninja/reception-par-type/vendor/laravel/framework/src/Illuminate/Foundation/Http/Middleware/PreventRequestsDuringMaintenance.php(110): Illuminate/Pipeline/Pipeline->Illuminate/Pipeline/{closure}()
#57 D:/DiskFiles/Projects/Web/upwork_Invoice_Ninja/reception-par-type/vendor/laravel/framework/src/Illuminate/Pipeline/Pipeline.php(209): Illuminate/Foundation/Http/Middleware/PreventRequestsDuringMaintenance->handle()
#58 D:/DiskFiles/Projects/Web/upwork_Invoice_Ninja/reception-par-type/vendor/laravel/framework/src/Illuminate/Http/Middleware/HandleCors.php(49): Illuminate/Pipeline/Pipeline->Illuminate/Pipeline/{closure}()
#59 D:/DiskFiles/Projects/Web/upwork_Invoice_Ninja/reception-par-type/vendor/laravel/framework/src/Illuminate/Pipeline/Pipeline.php(209): Illuminate/Http/Middleware/HandleCors->handle()
#60 D:/DiskFiles/Projects/Web/upwork_Invoice_Ninja/reception-par-type/vendor/laravel/framework/src/Illuminate/Http/Middleware/TrustProxies.php(58): Illuminate/Pipeline/Pipeline->Illuminate/Pipeline/{closure}()
#61 D:/DiskFiles/Projects/Web/upwork_Invoice_Ninja/reception-par-type/vendor/laravel/framework/src/Illuminate/Pipeline/Pipeline.php(209): Illuminate/Http/Middleware/TrustProxies->handle()
#62 D:/DiskFiles/Projects/Web/upwork_Invoice_Ninja/reception-par-type/vendor/laravel/framework/src/Illuminate/Foundation/Http/Middleware/InvokeDeferredCallbacks.php(22): Illuminate/Pipeline/Pipeline->Illuminate/Pipeline/{closure}()
#63 D:/DiskFiles/Projects/Web/upwork_Invoice_Ninja/reception-par-type/vendor/laravel/framework/src/Illuminate/Pipeline/Pipeline.php(209): Illuminate/Foundation/Http/Middleware/InvokeDeferredCallbacks->handle()
#64 D:/DiskFiles/Projects/Web/upwork_Invoice_Ninja/reception-par-type/vendor/laravel/framework/src/Illuminate/Pipeline/Pipeline.php(127): Illuminate/Pipeline/Pipeline->Illuminate/Pipeline/{closure}()
#65 D:/DiskFiles/Projects/Web/upwork_Invoice_Ninja/reception-par-type/vendor/laravel/framework/src/Illuminate/Foundation/Http/Kernel.php(176): Illuminate/Pipeline/Pipeline->then()
#66 D:/DiskFiles/Projects/Web/upwork_Invoice_Ninja/reception-par-type/vendor/laravel/framework/src/Illuminate/Foundation/Http/Kernel.php(145): Illuminate/Foundation/Http/Kernel->sendRequestThroughRouter()
#67 D:/DiskFiles/Projects/Web/upwork_Invoice_Ninja/reception-par-type/vendor/laravel/framework/src/Illuminate/Foundation/Application.php(1220): Illuminate/Foundation/Http/Kernel->handle()
#68 D:/DiskFiles/Projects/Web/upwork_Invoice_Ninja/reception-par-type/public/index.php(18): Illuminate/Foundation/Application->handleRequest()
#69 D:/DiskFiles/Projects/Web/upwork_Invoice_Ninja/reception-par-type/vendor/laravel/framework/src/Illuminate/Foundation/resources/server.php(23): require_once('...')
#70 {main}

[previous exception] [object] (PDOException(code: 2002): SQLSTATE[HY000] [2002] A connection attempt failed because the connected party did not properly respond after a period of time, or established connection failed because connected host has failed to respond at D:/DiskFiles/Projects/Web/upwork_Invoice_Ninja/reception-par-type/vendor/laravel/framework/src/Illuminate/Database/Connectors/Connector.php:66)
[stacktrace]
#0 D:/DiskFiles/Projects/Web/upwork_Invoice_Ninja/reception-par-type/vendor/laravel/framework/src/Illuminate/Database/Connectors/Connector.php(66): PDO->__construct()
#1 D:/DiskFiles/Projects/Web/upwork_Invoice_Ninja/reception-par-type/vendor/laravel/framework/src/Illuminate/Database/Connectors/Connector.php(85): Illuminate/Database/Connectors/Connector->createPdoConnection()
#2 D:/DiskFiles/Projects/Web/upwork_Invoice_Ninja/reception-par-type/vendor/laravel/framework/src/Illuminate/Database/Connectors/Connector.php(48): Illuminate/Database/Connectors/Connector->tryAgainIfCausedByLostConnection()
#3 D:/DiskFiles/Projects/Web/upwork_Invoice_Ninja/reception-par-type/vendor/laravel/framework/src/Illuminate/Database/Connectors/MySqlConnector.php(24): Illuminate/Database/Connectors/Connector->createConnection()
#4 D:/DiskFiles/Projects/Web/upwork_Invoice_Ninja/reception-par-type/vendor/laravel/framework/src/Illuminate/Database/Connectors/ConnectionFactory.php(185): Illuminate/Database/Connectors/MySqlConnector->connect()
#5 [internal function]: Illuminate/Database/Connectors/ConnectionFactory->Illuminate/Database/Connectors/{closure}()
#6 D:/DiskFiles/Projects/Web/upwork_Invoice_Ninja/reception-par-type/vendor/laravel/framework/src/Illuminate/Database/Connection.php(1231): call_user_func()
#7 D:/DiskFiles/Projects/Web/upwork_Invoice_Ninja/reception-par-type/vendor/laravel/framework/src/Illuminate/Database/Connection.php(1267): Illuminate/Database/Connection->getPdo()
#8 D:/DiskFiles/Projects/Web/upwork_Invoice_Ninja/reception-par-type/vendor/laravel/framework/src/Illuminate/Database/Connection.php(512): Illuminate/Database/Connection->getReadPdo()
#9 D:/DiskFiles/Projects/Web/upwork_Invoice_Ninja/reception-par-type/vendor/laravel/framework/src/Illuminate/Database/Connection.php(407): Illuminate/Database/Connection->getPdoForSelect()
#10 D:/DiskFiles/Projects/Web/upwork_Invoice_Ninja/reception-par-type/vendor/laravel/framework/src/Illuminate/Database/Connection.php(812): Illuminate/Database/Connection->Illuminate/Database/{closure}()
#11 D:/DiskFiles/Projects/Web/upwork_Invoice_Ninja/reception-par-type/vendor/laravel/framework/src/Illuminate/Database/Connection.php(979): Illuminate/Database/Connection->runQueryCallback()
#12 D:/DiskFiles/Projects/Web/upwork_Invoice_Ninja/reception-par-type/vendor/laravel/framework/src/Illuminate/Database/Connection.php(958): Illuminate/Database/Connection->tryAgainIfCausedByLostConnection()
#13 D:/DiskFiles/Projects/Web/upwork_Invoice_Ninja/reception-par-type/vendor/laravel/framework/src/Illuminate/Database/Connection.php(781): Illuminate/Database/Connection->handleQueryException()
#14 D:/DiskFiles/Projects/Web/upwork_Invoice_Ninja/reception-par-type/vendor/laravel/framework/src/Illuminate/Database/Connection.php(398): Illuminate/Database/Connection->run()
#15 D:/DiskFiles/Projects/Web/upwork_Invoice_Ninja/reception-par-type/vendor/laravel/framework/src/Illuminate/Database/Query/Builder.php(3106): Illuminate/Database/Connection->select()
#16 D:/DiskFiles/Projects/Web/upwork_Invoice_Ninja/reception-par-type/vendor/laravel/framework/src/Illuminate/Database/Query/Builder.php(3091): Illuminate/Database/Query/Builder->runSelect()
#17 D:/DiskFiles/Projects/Web/upwork_Invoice_Ninja/reception-par-type/vendor/laravel/framework/src/Illuminate/Database/Query/Builder.php(3676): Illuminate/Database/Query/Builder->Illuminate/Database/Query/{closure}()
#18 D:/DiskFiles/Projects/Web/upwork_Invoice_Ninja/reception-par-type/vendor/laravel/framework/src/Illuminate/Database/Query/Builder.php(3090): Illuminate/Database/Query/Builder->onceWithColumns()
#19 D:/DiskFiles/Projects/Web/upwork_Invoice_Ninja/reception-par-type/vendor/laravel/framework/src/Illuminate/Database/Eloquent/Builder.php(811): Illuminate/Database/Query/Builder->get()
#20 D:/DiskFiles/Projects/Web/upwork_Invoice_Ninja/reception-par-type/vendor/laravel/framework/src/Illuminate/Database/Eloquent/Builder.php(793): Illuminate/Database/Eloquent/Builder->getModels()
#21 D:/DiskFiles/Projects/Web/upwork_Invoice_Ninja/reception-par-type/vendor/laravel/framework/src/Illuminate/Database/Concerns/BuildsQueries.php(343): Illuminate/Database/Eloquent/Builder->get()
#22 D:/DiskFiles/Projects/Web/upwork_Invoice_Ninja/reception-par-type/vendor/laravel/framework/src/Illuminate/Auth/EloquentUserProvider.php(139): Illuminate/Database/Eloquent/Builder->first()
#23 D:/DiskFiles/Projects/Web/upwork_Invoice_Ninja/reception-par-type/vendor/laravel/framework/src/Illuminate/Auth/SessionGuard.php(415): Illuminate/Auth/EloquentUserProvider->retrieveByCredentials()
#24 D:/DiskFiles/Projects/Web/upwork_Invoice_Ninja/reception-par-type/vendor/laravel/framework/src/Illuminate/Support/Timebox.php(34): Illuminate/Auth/SessionGuard->Illuminate/Auth/{closure}()
#25 D:/DiskFiles/Projects/Web/upwork_Invoice_Ninja/reception-par-type/vendor/laravel/framework/src/Illuminate/Auth/SessionGuard.php(412): Illuminate/Support/Timebox->call()
#26 D:/DiskFiles/Projects/Web/upwork_Invoice_Ninja/reception-par-type/vendor/laravel/framework/src/Illuminate/Auth/AuthManager.php(340): Illuminate/Auth/SessionGuard->attempt()
#27 D:/DiskFiles/Projects/Web/upwork_Invoice_Ninja/reception-par-type/vendor/laravel/framework/src/Illuminate/Support/Facades/Facade.php(361): Illuminate/Auth/AuthManager->__call()
#28 D:/DiskFiles/Projects/Web/upwork_Invoice_Ninja/reception-par-type/app/Http/Controllers/Auth/LoginController.php(31): Illuminate/Support/Facades/Facade::__callStatic()
#29 D:/DiskFiles/Projects/Web/upwork_Invoice_Ninja/reception-par-type/vendor/laravel/framework/src/Illuminate/Routing/Controller.php(54): App/Http/Controllers/Auth/LoginController->login()
#30 D:/DiskFiles/Projects/Web/upwork_Invoice_Ninja/reception-par-type/vendor/laravel/framework/src/Illuminate/Routing/ControllerDispatcher.php(44): Illuminate/Routing/Controller->callAction()
#31 D:/DiskFiles/Projects/Web/upwork_Invoice_Ninja/reception-par-type/vendor/laravel/framework/src/Illuminate/Routing/Route.php(266): Illuminate/Routing/ControllerDispatcher->dispatch()
#32 D:/DiskFiles/Projects/Web/upwork_Invoice_Ninja/reception-par-type/vendor/laravel/framework/src/Illuminate/Routing/Route.php(212): Illuminate/Routing/Route->runController()
#33 D:/DiskFiles/Projects/Web/upwork_Invoice_Ninja/reception-par-type/vendor/laravel/framework/src/Illuminate/Routing/Router.php(808): Illuminate/Routing/Route->run()
#34 D:/DiskFiles/Projects/Web/upwork_Invoice_Ninja/reception-par-type/vendor/laravel/framework/src/Illuminate/Pipeline/Pipeline.php(170): Illuminate/Routing/Router->Illuminate/Routing/{closure}()
#35 D:/DiskFiles/Projects/Web/upwork_Invoice_Ninja/reception-par-type/app/Http/Middleware/SetLocale.php(87): Illuminate/Pipeline/Pipeline->Illuminate/Pipeline/{closure}()
#36 D:/DiskFiles/Projects/Web/upwork_Invoice_Ninja/reception-par-type/vendor/laravel/framework/src/Illuminate/Pipeline/Pipeline.php(209): App/Http/Middleware/SetLocale->handle()
#37 D:/DiskFiles/Projects/Web/upwork_Invoice_Ninja/reception-par-type/app/Http/Middleware/TrackAffiliate.php(45): Illuminate/Pipeline/Pipeline->Illuminate/Pipeline/{closure}()
#38 D:/DiskFiles/Projects/Web/upwork_Invoice_Ninja/reception-par-type/vendor/laravel/framework/src/Illuminate/Pipeline/Pipeline.php(209): App/Http/Middleware/TrackAffiliate->handle()
#39 D:/DiskFiles/Projects/Web/upwork_Invoice_Ninja/reception-par-type/vendor/laravel/framework/src/Illuminate/Routing/Middleware/SubstituteBindings.php(51): Illuminate/Pipeline/Pipeline->Illuminate/Pipeline/{closure}()
#40 D:/DiskFiles/Projects/Web/upwork_Invoice_Ninja/reception-par-type/vendor/laravel/framework/src/Illuminate/Pipeline/Pipeline.php(209): Illuminate/Routing/Middleware/SubstituteBindings->handle()
#41 D:/DiskFiles/Projects/Web/upwork_Invoice_Ninja/reception-par-type/vendor/laravel/framework/src/Illuminate/Foundation/Http/Middleware/VerifyCsrfToken.php(88): Illuminate/Pipeline/Pipeline->Illuminate/Pipeline/{closure}()
#42 D:/DiskFiles/Projects/Web/upwork_Invoice_Ninja/reception-par-type/vendor/laravel/framework/src/Illuminate/Pipeline/Pipeline.php(209): Illuminate/Foundation/Http/Middleware/VerifyCsrfToken->handle()
#43 D:/DiskFiles/Projects/Web/upwork_Invoice_Ninja/reception-par-type/vendor/laravel/framework/src/Illuminate/View/Middleware/ShareErrorsFromSession.php(49): Illuminate/Pipeline/Pipeline->Illuminate/Pipeline/{closure}()
#44 D:/DiskFiles/Projects/Web/upwork_Invoice_Ninja/reception-par-type/vendor/laravel/framework/src/Illuminate/Pipeline/Pipeline.php(209): Illuminate/View/Middleware/ShareErrorsFromSession->handle()
#45 D:/DiskFiles/Projects/Web/upwork_Invoice_Ninja/reception-par-type/vendor/laravel/framework/src/Illuminate/Session/Middleware/StartSession.php(121): Illuminate/Pipeline/Pipeline->Illuminate/Pipeline/{closure}()
#46 D:/DiskFiles/Projects/Web/upwork_Invoice_Ninja/reception-par-type/vendor/laravel/framework/src/Illuminate/Session/Middleware/StartSession.php(64): Illuminate/Session/Middleware/StartSession->handleStatefulRequest()
#47 D:/DiskFiles/Projects/Web/upwork_Invoice_Ninja/reception-par-type/vendor/laravel/framework/src/Illuminate/Pipeline/Pipeline.php(209): Illuminate/Session/Middleware/StartSession->handle()
#48 D:/DiskFiles/Projects/Web/upwork_Invoice_Ninja/reception-par-type/vendor/laravel/framework/src/Illuminate/Cookie/Middleware/AddQueuedCookiesToResponse.php(37): Illuminate/Pipeline/Pipeline->Illuminate/Pipeline/{closure}()
#49 D:/DiskFiles/Projects/Web/upwork_Invoice_Ninja/reception-par-type/vendor/laravel/framework/src/Illuminate/Pipeline/Pipeline.php(209): Illuminate/Cookie/Middleware/AddQueuedCookiesToResponse->handle()
#50 D:/DiskFiles/Projects/Web/upwork_Invoice_Ninja/reception-par-type/vendor/laravel/framework/src/Illuminate/Cookie/Middleware/EncryptCookies.php(75): Illuminate/Pipeline/Pipeline->Illuminate/Pipeline/{closure}()
#51 D:/DiskFiles/Projects/Web/upwork_Invoice_Ninja/reception-par-type/vendor/laravel/framework/src/Illuminate/Pipeline/Pipeline.php(209): Illuminate/Cookie/Middleware/EncryptCookies->handle()
#52 D:/DiskFiles/Projects/Web/upwork_Invoice_Ninja/reception-par-type/vendor/laravel/framework/src/Illuminate/Pipeline/Pipeline.php(127): Illuminate/Pipeline/Pipeline->Illuminate/Pipeline/{closure}()
#53 D:/DiskFiles/Projects/Web/upwork_Invoice_Ninja/reception-par-type/vendor/laravel/framework/src/Illuminate/Routing/Router.php(807): Illuminate/Pipeline/Pipeline->then()
#54 D:/DiskFiles/Projects/Web/upwork_Invoice_Ninja/reception-par-type/vendor/laravel/framework/src/Illuminate/Routing/Router.php(786): Illuminate/Routing/Router->runRouteWithinStack()
#55 D:/DiskFiles/Projects/Web/upwork_Invoice_Ninja/reception-par-type/vendor/laravel/framework/src/Illuminate/Routing/Router.php(750): Illuminate/Routing/Router->runRoute()
#56 D:/DiskFiles/Projects/Web/upwork_Invoice_Ninja/reception-par-type/vendor/laravel/framework/src/Illuminate/Routing/Router.php(739): Illuminate/Routing/Router->dispatchToRoute()
#57 D:/DiskFiles/Projects/Web/upwork_Invoice_Ninja/reception-par-type/vendor/laravel/framework/src/Illuminate/Foundation/Http/Kernel.php(201): Illuminate/Routing/Router->dispatch()
#58 D:/DiskFiles/Projects/Web/upwork_Invoice_Ninja/reception-par-type/vendor/laravel/framework/src/Illuminate/Pipeline/Pipeline.php(170): Illuminate/Foundation/Http/Kernel->Illuminate/Foundation/Http/{closure}()
#59 D:/DiskFiles/Projects/Web/upwork_Invoice_Ninja/reception-par-type/vendor/laravel/framework/src/Illuminate/Foundation/Http/Middleware/TransformsRequest.php(21): Illuminate/Pipeline/Pipeline->Illuminate/Pipeline/{closure}()
#60 D:/DiskFiles/Projects/Web/upwork_Invoice_Ninja/reception-par-type/vendor/laravel/framework/src/Illuminate/Foundation/Http/Middleware/ConvertEmptyStringsToNull.php(31): Illuminate/Foundation/Http/Middleware/TransformsRequest->handle()
#61 D:/DiskFiles/Projects/Web/upwork_Invoice_Ninja/reception-par-type/vendor/laravel/framework/src/Illuminate/Pipeline/Pipeline.php(209): Illuminate/Foundation/Http/Middleware/ConvertEmptyStringsToNull->handle()
#62 D:/DiskFiles/Projects/Web/upwork_Invoice_Ninja/reception-par-type/vendor/laravel/framework/src/Illuminate/Foundation/Http/Middleware/TransformsRequest.php(21): Illuminate/Pipeline/Pipeline->Illuminate/Pipeline/{closure}()
#63 D:/DiskFiles/Projects/Web/upwork_Invoice_Ninja/reception-par-type/vendor/laravel/framework/src/Illuminate/Foundation/Http/Middleware/TrimStrings.php(51): Illuminate/Foundation/Http/Middleware/TransformsRequest->handle()
#64 D:/DiskFiles/Projects/Web/upwork_Invoice_Ninja/reception-par-type/vendor/laravel/framework/src/Illuminate/Pipeline/Pipeline.php(209): Illuminate/Foundation/Http/Middleware/TrimStrings->handle()
#65 D:/DiskFiles/Projects/Web/upwork_Invoice_Ninja/reception-par-type/vendor/laravel/framework/src/Illuminate/Http/Middleware/ValidatePostSize.php(27): Illuminate/Pipeline/Pipeline->Illuminate/Pipeline/{closure}()
#66 D:/DiskFiles/Projects/Web/upwork_Invoice_Ninja/reception-par-type/vendor/laravel/framework/src/Illuminate/Pipeline/Pipeline.php(209): Illuminate/Http/Middleware/ValidatePostSize->handle()
#67 D:/DiskFiles/Projects/Web/upwork_Invoice_Ninja/reception-par-type/vendor/laravel/framework/src/Illuminate/Foundation/Http/Middleware/PreventRequestsDuringMaintenance.php(110): Illuminate/Pipeline/Pipeline->Illuminate/Pipeline/{closure}()
#68 D:/DiskFiles/Projects/Web/upwork_Invoice_Ninja/reception-par-type/vendor/laravel/framework/src/Illuminate/Pipeline/Pipeline.php(209): Illuminate/Foundation/Http/Middleware/PreventRequestsDuringMaintenance->handle()
#69 D:/DiskFiles/Projects/Web/upwork_Invoice_Ninja/reception-par-type/vendor/laravel/framework/src/Illuminate/Http/Middleware/HandleCors.php(49): Illuminate/Pipeline/Pipeline->Illuminate/Pipeline/{closure}()
#70 D:/DiskFiles/Projects/Web/upwork_Invoice_Ninja/reception-par-type/vendor/laravel/framework/src/Illuminate/Pipeline/Pipeline.php(209): Illuminate/Http/Middleware/HandleCors->handle()
#71 D:/DiskFiles/Projects/Web/upwork_Invoice_Ninja/reception-par-type/vendor/laravel/framework/src/Illuminate/Http/Middleware/TrustProxies.php(58): Illuminate/Pipeline/Pipeline->Illuminate/Pipeline/{closure}()
#72 D:/DiskFiles/Projects/Web/upwork_Invoice_Ninja/reception-par-type/vendor/laravel/framework/src/Illuminate/Pipeline/Pipeline.php(209): Illuminate/Http/Middleware/TrustProxies->handle()
#73 D:/DiskFiles/Projects/Web/upwork_Invoice_Ninja/reception-par-type/vendor/laravel/framework/src/Illuminate/Foundation/Http/Middleware/InvokeDeferredCallbacks.php(22): Illuminate/Pipeline/Pipeline->Illuminate/Pipeline/{closure}()
#74 D:/DiskFiles/Projects/Web/upwork_Invoice_Ninja/reception-par-type/vendor/laravel/framework/src/Illuminate/Pipeline/Pipeline.php(209): Illuminate/Foundation/Http/Middleware/InvokeDeferredCallbacks->handle()
#75 D:/DiskFiles/Projects/Web/upwork_Invoice_Ninja/reception-par-type/vendor/laravel/framework/src/Illuminate/Pipeline/Pipeline.php(127): Illuminate/Pipeline/Pipeline->Illuminate/Pipeline/{closure}()
#76 D:/DiskFiles/Projects/Web/upwork_Invoice_Ninja/reception-par-type/vendor/laravel/framework/src/Illuminate/Foundation/Http/Kernel.php(176): Illuminate/Pipeline/Pipeline->then()
#77 D:/DiskFiles/Projects/Web/upwork_Invoice_Ninja/reception-par-type/vendor/laravel/framework/src/Illuminate/Foundation/Http/Kernel.php(145): Illuminate/Foundation/Http/Kernel->sendRequestThroughRouter()
#78 D:/DiskFiles/Projects/Web/upwork_Invoice_Ninja/reception-par-type/vendor/laravel/framework/src/Illuminate/Foundation/Application.php(1220): Illuminate/Foundation/Http/Kernel->handle()
#79 D:/DiskFiles/Projects/Web/upwork_Invoice_Ninja/reception-par-type/public/index.php(18): Illuminate/Foundation/Application->handleRequest()
#80 D:/DiskFiles/Projects/Web/upwork_Invoice_Ninja/reception-par-type/vendor/laravel/framework/src/Illuminate/Foundation/resources/server.php(23): require_once('...')
#81 {main}
"} 
[2026-06-24 14:02:32] production.ERROR: SQLSTATE[HY000] [2002] A connection attempt failed because the connected party did not properly respond after a period of time, or established connection failed because connected host has failed to respond (Connection: mysql, SQL: select * from `users` where `email` = admin@reception-par-type.ch and `users`.`deleted_at` is null limit 1) {"exception":"[object] (Illuminate\\Database\\QueryException(code: 2002): SQLSTATE[HY000] [2002] A connection attempt failed because the connected party did not properly respond after a period of time, or established connection failed because connected host has failed to respond (Connection: mysql, SQL: select * from `users` where `email` = admin@reception-par-type.ch and `users`.`deleted_at` is null limit 1) at D:/DiskFiles/Projects/Web/upwork_Invoice_Ninja/reception-par-type/vendor/laravel/framework/src/Illuminate/Database/Connection.php:825)
[stacktrace]
#0 D:/DiskFiles/Projects/Web/upwork_Invoice_Ninja/reception-par-type/vendor/laravel/framework/src/Illuminate/Database/Connection.php(979): Illuminate/Database/Connection->runQueryCallback()
#1 D:/DiskFiles/Projects/Web/upwork_Invoice_Ninja/reception-par-type/vendor/laravel/framework/src/Illuminate/Database/Connection.php(958): Illuminate/Database/Connection->tryAgainIfCausedByLostConnection()
#2 D:/DiskFiles/Projects/Web/upwork_Invoice_Ninja/reception-par-type/vendor/laravel/framework/src/Illuminate/Database/Connection.php(781): Illuminate/Database/Connection->handleQueryException()
#3 D:/DiskFiles/Projects/Web/upwork_Invoice_Ninja/reception-par-type/vendor/laravel/framework/src/Illuminate/Database/Connection.php(398): Illuminate/Database/Connection->run()
#4 D:/DiskFiles/Projects/Web/upwork_Invoice_Ninja/reception-par-type/vendor/laravel/framework/src/Illuminate/Database/Query/Builder.php(3106): Illuminate/Database/Connection->select()
#5 D:/DiskFiles/Projects/Web/upwork_Invoice_Ninja/reception-par-type/vendor/laravel/framework/src/Illuminate/Database/Query/Builder.php(3091): Illuminate/Database/Query/Builder->runSelect()
#6 D:/DiskFiles/Projects/Web/upwork_Invoice_Ninja/reception-par-type/vendor/laravel/framework/src/Illuminate/Database/Query/Builder.php(3676): Illuminate/Database/Query/Builder->Illuminate/Database/Query/{closure}()
#7 D:/DiskFiles/Projects/Web/upwork_Invoice_Ninja/reception-par-type/vendor/laravel/framework/src/Illuminate/Database/Query/Builder.php(3090): Illuminate/Database/Query/Builder->onceWithColumns()
#8 D:/DiskFiles/Projects/Web/upwork_Invoice_Ninja/reception-par-type/vendor/laravel/framework/src/Illuminate/Database/Eloquent/Builder.php(811): Illuminate/Database/Query/Builder->get()
#9 D:/DiskFiles/Projects/Web/upwork_Invoice_Ninja/reception-par-type/vendor/laravel/framework/src/Illuminate/Database/Eloquent/Builder.php(793): Illuminate/Database/Eloquent/Builder->getModels()
#10 D:/DiskFiles/Projects/Web/upwork_Invoice_Ninja/reception-par-type/vendor/laravel/framework/src/Illuminate/Database/Concerns/BuildsQueries.php(343): Illuminate/Database/Eloquent/Builder->get()
#11 D:/DiskFiles/Projects/Web/upwork_Invoice_Ninja/reception-par-type/vendor/laravel/framework/src/Illuminate/Auth/EloquentUserProvider.php(139): Illuminate/Database/Eloquent/Builder->first()
#12 D:/DiskFiles/Projects/Web/upwork_Invoice_Ninja/reception-par-type/vendor/laravel/framework/src/Illuminate/Auth/SessionGuard.php(415): Illuminate/Auth/EloquentUserProvider->retrieveByCredentials()
#13 D:/DiskFiles/Projects/Web/upwork_Invoice_Ninja/reception-par-type/vendor/laravel/framework/src/Illuminate/Support/Timebox.php(34): Illuminate/Auth/SessionGuard->Illuminate/Auth/{closure}()
#14 D:/DiskFiles/Projects/Web/upwork_Invoice_Ninja/reception-par-type/vendor/laravel/framework/src/Illuminate/Auth/SessionGuard.php(412): Illuminate/Support/Timebox->call()
#15 D:/DiskFiles/Projects/Web/upwork_Invoice_Ninja/reception-par-type/vendor/laravel/framework/src/Illuminate/Auth/AuthManager.php(340): Illuminate/Auth/SessionGuard->attempt()
#16 D:/DiskFiles/Projects/Web/upwork_Invoice_Ninja/reception-par-type/vendor/laravel/framework/src/Illuminate/Support/Facades/Facade.php(361): Illuminate/Auth/AuthManager->__call()
#17 D:/DiskFiles/Projects/Web/upwork_Invoice_Ninja/reception-par-type/app/Http/Controllers/Auth/LoginController.php(31): Illuminate/Support/Facades/Facade::__callStatic()
#18 D:/DiskFiles/Projects/Web/upwork_Invoice_Ninja/reception-par-type/vendor/laravel/framework/src/Illuminate/Routing/Controller.php(54): App/Http/Controllers/Auth/LoginController->login()
#19 D:/DiskFiles/Projects/Web/upwork_Invoice_Ninja/reception-par-type/vendor/laravel/framework/src/Illuminate/Routing/ControllerDispatcher.php(44): Illuminate/Routing/Controller->callAction()
#20 D:/DiskFiles/Projects/Web/upwork_Invoice_Ninja/reception-par-type/vendor/laravel/framework/src/Illuminate/Routing/Route.php(266): Illuminate/Routing/ControllerDispatcher->dispatch()
#21 D:/DiskFiles/Projects/Web/upwork_Invoice_Ninja/reception-par-type/vendor/laravel/framework/src/Illuminate/Routing/Route.php(212): Illuminate/Routing/Route->runController()
#22 D:/DiskFiles/Projects/Web/upwork_Invoice_Ninja/reception-par-type/vendor/laravel/framework/src/Illuminate/Routing/Router.php(808): Illuminate/Routing/Route->run()
#23 D:/DiskFiles/Projects/Web/upwork_Invoice_Ninja/reception-par-type/vendor/laravel/framework/src/Illuminate/Pipeline/Pipeline.php(170): Illuminate/Routing/Router->Illuminate/Routing/{closure}()
#24 D:/DiskFiles/Projects/Web/upwork_Invoice_Ninja/reception-par-type/app/Http/Middleware/SetLocale.php(87): Illuminate/Pipeline/Pipeline->Illuminate/Pipeline/{closure}()
#25 D:/DiskFiles/Projects/Web/upwork_Invoice_Ninja/reception-par-type/vendor/laravel/framework/src/Illuminate/Pipeline/Pipeline.php(209): App/Http/Middleware/SetLocale->handle()
#26 D:/DiskFiles/Projects/Web/upwork_Invoice_Ninja/reception-par-type/app/Http/Middleware/TrackAffiliate.php(45): Illuminate/Pipeline/Pipeline->Illuminate/Pipeline/{closure}()
#27 D:/DiskFiles/Projects/Web/upwork_Invoice_Ninja/reception-par-type/vendor/laravel/framework/src/Illuminate/Pipeline/Pipeline.php(209): App/Http/Middleware/TrackAffiliate->handle()
#28 D:/DiskFiles/Projects/Web/upwork_Invoice_Ninja/reception-par-type/vendor/laravel/framework/src/Illuminate/Routing/Middleware/SubstituteBindings.php(51): Illuminate/Pipeline/Pipeline->Illuminate/Pipeline/{closure}()
#29 D:/DiskFiles/Projects/Web/upwork_Invoice_Ninja/reception-par-type/vendor/laravel/framework/src/Illuminate/Pipeline/Pipeline.php(209): Illuminate/Routing/Middleware/SubstituteBindings->handle()
#30 D:/DiskFiles/Projects/Web/upwork_Invoice_Ninja/reception-par-type/vendor/laravel/framework/src/Illuminate/Foundation/Http/Middleware/VerifyCsrfToken.php(88): Illuminate/Pipeline/Pipeline->Illuminate/Pipeline/{closure}()
#31 D:/DiskFiles/Projects/Web/upwork_Invoice_Ninja/reception-par-type/vendor/laravel/framework/src/Illuminate/Pipeline/Pipeline.php(209): Illuminate/Foundation/Http/Middleware/VerifyCsrfToken->handle()
#32 D:/DiskFiles/Projects/Web/upwork_Invoice_Ninja/reception-par-type/vendor/laravel/framework/src/Illuminate/View/Middleware/ShareErrorsFromSession.php(49): Illuminate/Pipeline/Pipeline->Illuminate/Pipeline/{closure}()
#33 D:/DiskFiles/Projects/Web/upwork_Invoice_Ninja/reception-par-type/vendor/laravel/framework/src/Illuminate/Pipeline/Pipeline.php(209): Illuminate/View/Middleware/ShareErrorsFromSession->handle()
#34 D:/DiskFiles/Projects/Web/upwork_Invoice_Ninja/reception-par-type/vendor/laravel/framework/src/Illuminate/Session/Middleware/StartSession.php(121): Illuminate/Pipeline/Pipeline->Illuminate/Pipeline/{closure}()
#35 D:/DiskFiles/Projects/Web/upwork_Invoice_Ninja/reception-par-type/vendor/laravel/framework/src/Illuminate/Session/Middleware/StartSession.php(64): Illuminate/Session/Middleware/StartSession->handleStatefulRequest()
#36 D:/DiskFiles/Projects/Web/upwork_Invoice_Ninja/reception-par-type/vendor/laravel/framework/src/Illuminate/Pipeline/Pipeline.php(209): Illuminate/Session/Middleware/StartSession->handle()
#37 D:/DiskFiles/Projects/Web/upwork_Invoice_Ninja/reception-par-type/vendor/laravel/framework/src/Illuminate/Cookie/Middleware/AddQueuedCookiesToResponse.php(37): Illuminate/Pipeline/Pipeline->Illuminate/Pipeline/{closure}()
#38 D:/DiskFiles/Projects/Web/upwork_Invoice_Ninja/reception-par-type/vendor/laravel/framework/src/Illuminate/Pipeline/Pipeline.php(209): Illuminate/Cookie/Middleware/AddQueuedCookiesToResponse->handle()
#39 D:/DiskFiles/Projects/Web/upwork_Invoice_Ninja/reception-par-type/vendor/laravel/framework/src/Illuminate/Cookie/Middleware/EncryptCookies.php(75): Illuminate/Pipeline/Pipeline->Illuminate/Pipeline/{closure}()
#40 D:/DiskFiles/Projects/Web/upwork_Invoice_Ninja/reception-par-type/vendor/laravel/framework/src/Illuminate/Pipeline/Pipeline.php(209): Illuminate/Cookie/Middleware/EncryptCookies->handle()
#41 D:/DiskFiles/Projects/Web/upwork_Invoice_Ninja/reception-par-type/vendor/laravel/framework/src/Illuminate/Pipeline/Pipeline.php(127): Illuminate/Pipeline/Pipeline->Illuminate/Pipeline/{closure}()
#42 D:/DiskFiles/Projects/Web/upwork_Invoice_Ninja/reception-par-type/vendor/laravel/framework/src/Illuminate/Routing/Router.php(807): Illuminate/Pipeline/Pipeline->then()
#43 D:/DiskFiles/Projects/Web/upwork_Invoice_Ninja/reception-par-type/vendor/laravel/framework/src/Illuminate/Routing/Router.php(786): Illuminate/Routing/Router->runRouteWithinStack()
#44 D:/DiskFiles/Projects/Web/upwork_Invoice_Ninja/reception-par-type/vendor/laravel/framework/src/Illuminate/Routing/Router.php(750): Illuminate/Routing/Router->runRoute()
#45 D:/DiskFiles/Projects/Web/upwork_Invoice_Ninja/reception-par-type/vendor/laravel/framework/src/Illuminate/Routing/Router.php(739): Illuminate/Routing/Router->dispatchToRoute()
#46 D:/DiskFiles/Projects/Web/upwork_Invoice_Ninja/reception-par-type/vendor/laravel/framework/src/Illuminate/Foundation/Http/Kernel.php(201): Illuminate/Routing/Router->dispatch()
#47 D:/DiskFiles/Projects/Web/upwork_Invoice_Ninja/reception-par-type/vendor/laravel/framework/src/Illuminate/Pipeline/Pipeline.php(170): Illuminate/Foundation/Http/Kernel->Illuminate/Foundation/Http/{closure}()
#48 D:/DiskFiles/Projects/Web/upwork_Invoice_Ninja/reception-par-type/vendor/laravel/framework/src/Illuminate/Foundation/Http/Middleware/TransformsRequest.php(21): Illuminate/Pipeline/Pipeline->Illuminate/Pipeline/{closure}()
#49 D:/DiskFiles/Projects/Web/upwork_Invoice_Ninja/reception-par-type/vendor/laravel/framework/src/Illuminate/Foundation/Http/Middleware/ConvertEmptyStringsToNull.php(31): Illuminate/Foundation/Http/Middleware/TransformsRequest->handle()
#50 D:/DiskFiles/Projects/Web/upwork_Invoice_Ninja/reception-par-type/vendor/laravel/framework/src/Illuminate/Pipeline/Pipeline.php(209): Illuminate/Foundation/Http/Middleware/ConvertEmptyStringsToNull->handle()
#51 D:/DiskFiles/Projects/Web/upwork_Invoice_Ninja/reception-par-type/vendor/laravel/framework/src/Illuminate/Foundation/Http/Middleware/TransformsRequest.php(21): Illuminate/Pipeline/Pipeline->Illuminate/Pipeline/{closure}()
#52 D:/DiskFiles/Projects/Web/upwork_Invoice_Ninja/reception-par-type/vendor/laravel/framework/src/Illuminate/Foundation/Http/Middleware/TrimStrings.php(51): Illuminate/Foundation/Http/Middleware/TransformsRequest->handle()
#53 D:/DiskFiles/Projects/Web/upwork_Invoice_Ninja/reception-par-type/vendor/laravel/framework/src/Illuminate/Pipeline/Pipeline.php(209): Illuminate/Foundation/Http/Middleware/TrimStrings->handle()
#54 D:/DiskFiles/Projects/Web/upwork_Invoice_Ninja/reception-par-type/vendor/laravel/framework/src/Illuminate/Http/Middleware/ValidatePostSize.php(27): Illuminate/Pipeline/Pipeline->Illuminate/Pipeline/{closure}()
#55 D:/DiskFiles/Projects/Web/upwork_Invoice_Ninja/reception-par-type/vendor/laravel/framework/src/Illuminate/Pipeline/Pipeline.php(209): Illuminate/Http/Middleware/ValidatePostSize->handle()
#56 D:/DiskFiles/Projects/Web/upwork_Invoice_Ninja/reception-par-type/vendor/laravel/framework/src/Illuminate/Foundation/Http/Middleware/PreventRequestsDuringMaintenance.php(110): Illuminate/Pipeline/Pipeline->Illuminate/Pipeline/{closure}()
#57 D:/DiskFiles/Projects/Web/upwork_Invoice_Ninja/reception-par-type/vendor/laravel/framework/src/Illuminate/Pipeline/Pipeline.php(209): Illuminate/Foundation/Http/Middleware/PreventRequestsDuringMaintenance->handle()
#58 D:/DiskFiles/Projects/Web/upwork_Invoice_Ninja/reception-par-type/vendor/laravel/framework/src/Illuminate/Http/Middleware/HandleCors.php(49): Illuminate/Pipeline/Pipeline->Illuminate/Pipeline/{closure}()
#59 D:/DiskFiles/Projects/Web/upwork_Invoice_Ninja/reception-par-type/vendor/laravel/framework/src/Illuminate/Pipeline/Pipeline.php(209): Illuminate/Http/Middleware/HandleCors->handle()
#60 D:/DiskFiles/Projects/Web/upwork_Invoice_Ninja/reception-par-type/vendor/laravel/framework/src/Illuminate/Http/Middleware/TrustProxies.php(58): Illuminate/Pipeline/Pipeline->Illuminate/Pipeline/{closure}()
#61 D:/DiskFiles/Projects/Web/upwork_Invoice_Ninja/reception-par-type/vendor/laravel/framework/src/Illuminate/Pipeline/Pipeline.php(209): Illuminate/Http/Middleware/TrustProxies->handle()
#62 D:/DiskFiles/Projects/Web/upwork_Invoice_Ninja/reception-par-type/vendor/laravel/framework/src/Illuminate/Foundation/Http/Middleware/InvokeDeferredCallbacks.php(22): Illuminate/Pipeline/Pipeline->Illuminate/Pipeline/{closure}()
#63 D:/DiskFiles/Projects/Web/upwork_Invoice_Ninja/reception-par-type/vendor/laravel/framework/src/Illuminate/Pipeline/Pipeline.php(209): Illuminate/Foundation/Http/Middleware/InvokeDeferredCallbacks->handle()
#64 D:/DiskFiles/Projects/Web/upwork_Invoice_Ninja/reception-par-type/vendor/laravel/framework/src/Illuminate/Pipeline/Pipeline.php(127): Illuminate/Pipeline/Pipeline->Illuminate/Pipeline/{closure}()
#65 D:/DiskFiles/Projects/Web/upwork_Invoice_Ninja/reception-par-type/vendor/laravel/framework/src/Illuminate/Foundation/Http/Kernel.php(176): Illuminate/Pipeline/Pipeline->then()
#66 D:/DiskFiles/Projects/Web/upwork_Invoice_Ninja/reception-par-type/vendor/laravel/framework/src/Illuminate/Foundation/Http/Kernel.php(145): Illuminate/Foundation/Http/Kernel->sendRequestThroughRouter()
#67 D:/DiskFiles/Projects/Web/upwork_Invoice_Ninja/reception-par-type/vendor/laravel/framework/src/Illuminate/Foundation/Application.php(1220): Illuminate/Foundation/Http/Kernel->handle()
#68 D:/DiskFiles/Projects/Web/upwork_Invoice_Ninja/reception-par-type/public/index.php(18): Illuminate/Foundation/Application->handleRequest()
#69 D:/DiskFiles/Projects/Web/upwork_Invoice_Ninja/reception-par-type/vendor/laravel/framework/src/Illuminate/Foundation/resources/server.php(23): require_once('...')
#70 {main}

[previous exception] [object] (PDOException(code: 2002): SQLSTATE[HY000] [2002] A connection attempt failed because the connected party did not properly respond after a period of time, or established connection failed because connected host has failed to respond at D:/DiskFiles/Projects/Web/upwork_Invoice_Ninja/reception-par-type/vendor/laravel/framework/src/Illuminate/Database/Connectors/Connector.php:66)
[stacktrace]
#0 D:/DiskFiles/Projects/Web/upwork_Invoice_Ninja/reception-par-type/vendor/laravel/framework/src/Illuminate/Database/Connectors/Connector.php(66): PDO->__construct()
#1 D:/DiskFiles/Projects/Web/upwork_Invoice_Ninja/reception-par-type/vendor/laravel/framework/src/Illuminate/Database/Connectors/Connector.php(85): Illuminate/Database/Connectors/Connector->createPdoConnection()
#2 D:/DiskFiles/Projects/Web/upwork_Invoice_Ninja/reception-par-type/vendor/laravel/framework/src/Illuminate/Database/Connectors/Connector.php(48): Illuminate/Database/Connectors/Connector->tryAgainIfCausedByLostConnection()
#3 D:/DiskFiles/Projects/Web/upwork_Invoice_Ninja/reception-par-type/vendor/laravel/framework/src/Illuminate/Database/Connectors/MySqlConnector.php(24): Illuminate/Database/Connectors/Connector->createConnection()
#4 D:/DiskFiles/Projects/Web/upwork_Invoice_Ninja/reception-par-type/vendor/laravel/framework/src/Illuminate/Database/Connectors/ConnectionFactory.php(185): Illuminate/Database/Connectors/MySqlConnector->connect()
#5 [internal function]: Illuminate/Database/Connectors/ConnectionFactory->Illuminate/Database/Connectors/{closure}()
#6 D:/DiskFiles/Projects/Web/upwork_Invoice_Ninja/reception-par-type/vendor/laravel/framework/src/Illuminate/Database/Connection.php(1231): call_user_func()
#7 D:/DiskFiles/Projects/Web/upwork_Invoice_Ninja/reception-par-type/vendor/laravel/framework/src/Illuminate/Database/Connection.php(1267): Illuminate/Database/Connection->getPdo()
#8 D:/DiskFiles/Projects/Web/upwork_Invoice_Ninja/reception-par-type/vendor/laravel/framework/src/Illuminate/Database/Connection.php(512): Illuminate/Database/Connection->getReadPdo()
#9 D:/DiskFiles/Projects/Web/upwork_Invoice_Ninja/reception-par-type/vendor/laravel/framework/src/Illuminate/Database/Connection.php(407): Illuminate/Database/Connection->getPdoForSelect()
#10 D:/DiskFiles/Projects/Web/upwork_Invoice_Ninja/reception-par-type/vendor/laravel/framework/src/Illuminate/Database/Connection.php(812): Illuminate/Database/Connection->Illuminate/Database/{closure}()
#11 D:/DiskFiles/Projects/Web/upwork_Invoice_Ninja/reception-par-type/vendor/laravel/framework/src/Illuminate/Database/Connection.php(979): Illuminate/Database/Connection->runQueryCallback()
#12 D:/DiskFiles/Projects/Web/upwork_Invoice_Ninja/reception-par-type/vendor/laravel/framework/src/Illuminate/Database/Connection.php(958): Illuminate/Database/Connection->tryAgainIfCausedByLostConnection()
#13 D:/DiskFiles/Projects/Web/upwork_Invoice_Ninja/reception-par-type/vendor/laravel/framework/src/Illuminate/Database/Connection.php(781): Illuminate/Database/Connection->handleQueryException()
#14 D:/DiskFiles/Projects/Web/upwork_Invoice_Ninja/reception-par-type/vendor/laravel/framework/src/Illuminate/Database/Connection.php(398): Illuminate/Database/Connection->run()
#15 D:/DiskFiles/Projects/Web/upwork_Invoice_Ninja/reception-par-type/vendor/laravel/framework/src/Illuminate/Database/Query/Builder.php(3106): Illuminate/Database/Connection->select()
#16 D:/DiskFiles/Projects/Web/upwork_Invoice_Ninja/reception-par-type/vendor/laravel/framework/src/Illuminate/Database/Query/Builder.php(3091): Illuminate/Database/Query/Builder->runSelect()
#17 D:/DiskFiles/Projects/Web/upwork_Invoice_Ninja/reception-par-type/vendor/laravel/framework/src/Illuminate/Database/Query/Builder.php(3676): Illuminate/Database/Query/Builder->Illuminate/Database/Query/{closure}()
#18 D:/DiskFiles/Projects/Web/upwork_Invoice_Ninja/reception-par-type/vendor/laravel/framework/src/Illuminate/Database/Query/Builder.php(3090): Illuminate/Database/Query/Builder->onceWithColumns()
#19 D:/DiskFiles/Projects/Web/upwork_Invoice_Ninja/reception-par-type/vendor/laravel/framework/src/Illuminate/Database/Eloquent/Builder.php(811): Illuminate/Database/Query/Builder->get()
#20 D:/DiskFiles/Projects/Web/upwork_Invoice_Ninja/reception-par-type/vendor/laravel/framework/src/Illuminate/Database/Eloquent/Builder.php(793): Illuminate/Database/Eloquent/Builder->getModels()
#21 D:/DiskFiles/Projects/Web/upwork_Invoice_Ninja/reception-par-type/vendor/laravel/framework/src/Illuminate/Database/Concerns/BuildsQueries.php(343): Illuminate/Database/Eloquent/Builder->get()
#22 D:/DiskFiles/Projects/Web/upwork_Invoice_Ninja/reception-par-type/vendor/laravel/framework/src/Illuminate/Auth/EloquentUserProvider.php(139): Illuminate/Database/Eloquent/Builder->first()
#23 D:/DiskFiles/Projects/Web/upwork_Invoice_Ninja/reception-par-type/vendor/laravel/framework/src/Illuminate/Auth/SessionGuard.php(415): Illuminate/Auth/EloquentUserProvider->retrieveByCredentials()
#24 D:/DiskFiles/Projects/Web/upwork_Invoice_Ninja/reception-par-type/vendor/laravel/framework/src/Illuminate/Support/Timebox.php(34): Illuminate/Auth/SessionGuard->Illuminate/Auth/{closure}()
#25 D:/DiskFiles/Projects/Web/upwork_Invoice_Ninja/reception-par-type/vendor/laravel/framework/src/Illuminate/Auth/SessionGuard.php(412): Illuminate/Support/Timebox->call()
#26 D:/DiskFiles/Projects/Web/upwork_Invoice_Ninja/reception-par-type/vendor/laravel/framework/src/Illuminate/Auth/AuthManager.php(340): Illuminate/Auth/SessionGuard->attempt()
#27 D:/DiskFiles/Projects/Web/upwork_Invoice_Ninja/reception-par-type/vendor/laravel/framework/src/Illuminate/Support/Facades/Facade.php(361): Illuminate/Auth/AuthManager->__call()
#28 D:/DiskFiles/Projects/Web/upwork_Invoice_Ninja/reception-par-type/app/Http/Controllers/Auth/LoginController.php(31): Illuminate/Support/Facades/Facade::__callStatic()
#29 D:/DiskFiles/Projects/Web/upwork_Invoice_Ninja/reception-par-type/vendor/laravel/framework/src/Illuminate/Routing/Controller.php(54): App/Http/Controllers/Auth/LoginController->login()
#30 D:/DiskFiles/Projects/Web/upwork_Invoice_Ninja/reception-par-type/vendor/laravel/framework/src/Illuminate/Routing/ControllerDispatcher.php(44): Illuminate/Routing/Controller->callAction()
#31 D:/DiskFiles/Projects/Web/upwork_Invoice_Ninja/reception-par-type/vendor/laravel/framework/src/Illuminate/Routing/Route.php(266): Illuminate/Routing/ControllerDispatcher->dispatch()
#32 D:/DiskFiles/Projects/Web/upwork_Invoice_Ninja/reception-par-type/vendor/laravel/framework/src/Illuminate/Routing/Route.php(212): Illuminate/Routing/Route->runController()
#33 D:/DiskFiles/Projects/Web/upwork_Invoice_Ninja/reception-par-type/vendor/laravel/framework/src/Illuminate/Routing/Router.php(808): Illuminate/Routing/Route->run()
#34 D:/DiskFiles/Projects/Web/upwork_Invoice_Ninja/reception-par-type/vendor/laravel/framework/src/Illuminate/Pipeline/Pipeline.php(170): Illuminate/Routing/Router->Illuminate/Routing/{closure}()
#35 D:/DiskFiles/Projects/Web/upwork_Invoice_Ninja/reception-par-type/app/Http/Middleware/SetLocale.php(87): Illuminate/Pipeline/Pipeline->Illuminate/Pipeline/{closure}()
#36 D:/DiskFiles/Projects/Web/upwork_Invoice_Ninja/reception-par-type/vendor/laravel/framework/src/Illuminate/Pipeline/Pipeline.php(209): App/Http/Middleware/SetLocale->handle()
#37 D:/DiskFiles/Projects/Web/upwork_Invoice_Ninja/reception-par-type/app/Http/Middleware/TrackAffiliate.php(45): Illuminate/Pipeline/Pipeline->Illuminate/Pipeline/{closure}()
#38 D:/DiskFiles/Projects/Web/upwork_Invoice_Ninja/reception-par-type/vendor/laravel/framework/src/Illuminate/Pipeline/Pipeline.php(209): App/Http/Middleware/TrackAffiliate->handle()
#39 D:/DiskFiles/Projects/Web/upwork_Invoice_Ninja/reception-par-type/vendor/laravel/framework/src/Illuminate/Routing/Middleware/SubstituteBindings.php(51): Illuminate/Pipeline/Pipeline->Illuminate/Pipeline/{closure}()
#40 D:/DiskFiles/Projects/Web/upwork_Invoice_Ninja/reception-par-type/vendor/laravel/framework/src/Illuminate/Pipeline/Pipeline.php(209): Illuminate/Routing/Middleware/SubstituteBindings->handle()
#41 D:/DiskFiles/Projects/Web/upwork_Invoice_Ninja/reception-par-type/vendor/laravel/framework/src/Illuminate/Foundation/Http/Middleware/VerifyCsrfToken.php(88): Illuminate/Pipeline/Pipeline->Illuminate/Pipeline/{closure}()
#42 D:/DiskFiles/Projects/Web/upwork_Invoice_Ninja/reception-par-type/vendor/laravel/framework/src/Illuminate/Pipeline/Pipeline.php(209): Illuminate/Foundation/Http/Middleware/VerifyCsrfToken->handle()
#43 D:/DiskFiles/Projects/Web/upwork_Invoice_Ninja/reception-par-type/vendor/laravel/framework/src/Illuminate/View/Middleware/ShareErrorsFromSession.php(49): Illuminate/Pipeline/Pipeline->Illuminate/Pipeline/{closure}()
#44 D:/DiskFiles/Projects/Web/upwork_Invoice_Ninja/reception-par-type/vendor/laravel/framework/src/Illuminate/Pipeline/Pipeline.php(209): Illuminate/View/Middleware/ShareErrorsFromSession->handle()
#45 D:/DiskFiles/Projects/Web/upwork_Invoice_Ninja/reception-par-type/vendor/laravel/framework/src/Illuminate/Session/Middleware/StartSession.php(121): Illuminate/Pipeline/Pipeline->Illuminate/Pipeline/{closure}()
#46 D:/DiskFiles/Projects/Web/upwork_Invoice_Ninja/reception-par-type/vendor/laravel/framework/src/Illuminate/Session/Middleware/StartSession.php(64): Illuminate/Session/Middleware/StartSession->handleStatefulRequest()
#47 D:/DiskFiles/Projects/Web/upwork_Invoice_Ninja/reception-par-type/vendor/laravel/framework/src/Illuminate/Pipeline/Pipeline.php(209): Illuminate/Session/Middleware/StartSession->handle()
#48 D:/DiskFiles/Projects/Web/upwork_Invoice_Ninja/reception-par-type/vendor/laravel/framework/src/Illuminate/Cookie/Middleware/AddQueuedCookiesToResponse.php(37): Illuminate/Pipeline/Pipeline->Illuminate/Pipeline/{closure}()
#49 D:/DiskFiles/Projects/Web/upwork_Invoice_Ninja/reception-par-type/vendor/laravel/framework/src/Illuminate/Pipeline/Pipeline.php(209): Illuminate/Cookie/Middleware/AddQueuedCookiesToResponse->handle()
#50 D:/DiskFiles/Projects/Web/upwork_Invoice_Ninja/reception-par-type/vendor/laravel/framework/src/Illuminate/Cookie/Middleware/EncryptCookies.php(75): Illuminate/Pipeline/Pipeline->Illuminate/Pipeline/{closure}()
#51 D:/DiskFiles/Projects/Web/upwork_Invoice_Ninja/reception-par-type/vendor/laravel/framework/src/Illuminate/Pipeline/Pipeline.php(209): Illuminate/Cookie/Middleware/EncryptCookies->handle()
#52 D:/DiskFiles/Projects/Web/upwork_Invoice_Ninja/reception-par-type/vendor/laravel/framework/src/Illuminate/Pipeline/Pipeline.php(127): Illuminate/Pipeline/Pipeline->Illuminate/Pipeline/{closure}()
#53 D:/DiskFiles/Projects/Web/upwork_Invoice_Ninja/reception-par-type/vendor/laravel/framework/src/Illuminate/Routing/Router.php(807): Illuminate/Pipeline/Pipeline->then()
#54 D:/DiskFiles/Projects/Web/upwork_Invoice_Ninja/reception-par-type/vendor/laravel/framework/src/Illuminate/Routing/Router.php(786): Illuminate/Routing/Router->runRouteWithinStack()
#55 D:/DiskFiles/Projects/Web/upwork_Invoice_Ninja/reception-par-type/vendor/laravel/framework/src/Illuminate/Routing/Router.php(750): Illuminate/Routing/Router->runRoute()
#56 D:/DiskFiles/Projects/Web/upwork_Invoice_Ninja/reception-par-type/vendor/laravel/framework/src/Illuminate/Routing/Router.php(739): Illuminate/Routing/Router->dispatchToRoute()
#57 D:/DiskFiles/Projects/Web/upwork_Invoice_Ninja/reception-par-type/vendor/laravel/framework/src/Illuminate/Foundation/Http/Kernel.php(201): Illuminate/Routing/Router->dispatch()
#58 D:/DiskFiles/Projects/Web/upwork_Invoice_Ninja/reception-par-type/vendor/laravel/framework/src/Illuminate/Pipeline/Pipeline.php(170): Illuminate/Foundation/Http/Kernel->Illuminate/Foundation/Http/{closure}()
#59 D:/DiskFiles/Projects/Web/upwork_Invoice_Ninja/reception-par-type/vendor/laravel/framework/src/Illuminate/Foundation/Http/Middleware/TransformsRequest.php(21): Illuminate/Pipeline/Pipeline->Illuminate/Pipeline/{closure}()
#60 D:/DiskFiles/Projects/Web/upwork_Invoice_Ninja/reception-par-type/vendor/laravel/framework/src/Illuminate/Foundation/Http/Middleware/ConvertEmptyStringsToNull.php(31): Illuminate/Foundation/Http/Middleware/TransformsRequest->handle()
#61 D:/DiskFiles/Projects/Web/upwork_Invoice_Ninja/reception-par-type/vendor/laravel/framework/src/Illuminate/Pipeline/Pipeline.php(209): Illuminate/Foundation/Http/Middleware/ConvertEmptyStringsToNull->handle()
#62 D:/DiskFiles/Projects/Web/upwork_Invoice_Ninja/reception-par-type/vendor/laravel/framework/src/Illuminate/Foundation/Http/Middleware/TransformsRequest.php(21): Illuminate/Pipeline/Pipeline->Illuminate/Pipeline/{closure}()
#63 D:/DiskFiles/Projects/Web/upwork_Invoice_Ninja/reception-par-type/vendor/laravel/framework/src/Illuminate/Foundation/Http/Middleware/TrimStrings.php(51): Illuminate/Foundation/Http/Middleware/TransformsRequest->handle()
#64 D:/DiskFiles/Projects/Web/upwork_Invoice_Ninja/reception-par-type/vendor/laravel/framework/src/Illuminate/Pipeline/Pipeline.php(209): Illuminate/Foundation/Http/Middleware/TrimStrings->handle()
#65 D:/DiskFiles/Projects/Web/upwork_Invoice_Ninja/reception-par-type/vendor/laravel/framework/src/Illuminate/Http/Middleware/ValidatePostSize.php(27): Illuminate/Pipeline/Pipeline->Illuminate/Pipeline/{closure}()
#66 D:/DiskFiles/Projects/Web/upwork_Invoice_Ninja/reception-par-type/vendor/laravel/framework/src/Illuminate/Pipeline/Pipeline.php(209): Illuminate/Http/Middleware/ValidatePostSize->handle()
#67 D:/DiskFiles/Projects/Web/upwork_Invoice_Ninja/reception-par-type/vendor/laravel/framework/src/Illuminate/Foundation/Http/Middleware/PreventRequestsDuringMaintenance.php(110): Illuminate/Pipeline/Pipeline->Illuminate/Pipeline/{closure}()
#68 D:/DiskFiles/Projects/Web/upwork_Invoice_Ninja/reception-par-type/vendor/laravel/framework/src/Illuminate/Pipeline/Pipeline.php(209): Illuminate/Foundation/Http/Middleware/PreventRequestsDuringMaintenance->handle()
#69 D:/DiskFiles/Projects/Web/upwork_Invoice_Ninja/reception-par-type/vendor/laravel/framework/src/Illuminate/Http/Middleware/HandleCors.php(49): Illuminate/Pipeline/Pipeline->Illuminate/Pipeline/{closure}()
#70 D:/DiskFiles/Projects/Web/upwork_Invoice_Ninja/reception-par-type/vendor/laravel/framework/src/Illuminate/Pipeline/Pipeline.php(209): Illuminate/Http/Middleware/HandleCors->handle()
#71 D:/DiskFiles/Projects/Web/upwork_Invoice_Ninja/reception-par-type/vendor/laravel/framework/src/Illuminate/Http/Middleware/TrustProxies.php(58): Illuminate/Pipeline/Pipeline->Illuminate/Pipeline/{closure}()
#72 D:/DiskFiles/Projects/Web/upwork_Invoice_Ninja/reception-par-type/vendor/laravel/framework/src/Illuminate/Pipeline/Pipeline.php(209): Illuminate/Http/Middleware/TrustProxies->handle()
#73 D:/DiskFiles/Projects/Web/upwork_Invoice_Ninja/reception-par-type/vendor/laravel/framework/src/Illuminate/Foundation/Http/Middleware/InvokeDeferredCallbacks.php(22): Illuminate/Pipeline/Pipeline->Illuminate/Pipeline/{closure}()
#74 D:/DiskFiles/Projects/Web/upwork_Invoice_Ninja/reception-par-type/vendor/laravel/framework/src/Illuminate/Pipeline/Pipeline.php(209): Illuminate/Foundation/Http/Middleware/InvokeDeferredCallbacks->handle()
#75 D:/DiskFiles/Projects/Web/upwork_Invoice_Ninja/reception-par-type/vendor/laravel/framework/src/Illuminate/Pipeline/Pipeline.php(127): Illuminate/Pipeline/Pipeline->Illuminate/Pipeline/{closure}()
#76 D:/DiskFiles/Projects/Web/upwork_Invoice_Ninja/reception-par-type/vendor/laravel/framework/src/Illuminate/Foundation/Http/Kernel.php(176): Illuminate/Pipeline/Pipeline->then()
#77 D:/DiskFiles/Projects/Web/upwork_Invoice_Ninja/reception-par-type/vendor/laravel/framework/src/Illuminate/Foundation/Http/Kernel.php(145): Illuminate/Foundation/Http/Kernel->sendRequestThroughRouter()
#78 D:/DiskFiles/Projects/Web/upwork_Invoice_Ninja/reception-par-type/vendor/laravel/framework/src/Illuminate/Foundation/Application.php(1220): Illuminate/Foundation/Http/Kernel->handle()
#79 D:/DiskFiles/Projects/Web/upwork_Invoice_Ninja/reception-par-type/public/index.php(18): Illuminate/Foundation/Application->handleRequest()
#80 D:/DiskFiles/Projects/Web/upwork_Invoice_Ninja/reception-par-type/vendor/laravel/framework/src/Illuminate/Foundation/resources/server.php(23): require_once('...')
#81 {main}
"} 
[2026-06-24 14:02:45] production.ERROR: Missing required parameter for [Route: login] [URI: {locale}/login] [Missing parameter: locale]. {"exception":"[object] (Illuminate\\Routing\\Exceptions\\UrlGenerationException(code: 0): Missing required parameter for [Route: login] [URI: {locale}/login] [Missing parameter: locale]. at D:/DiskFiles/Projects/Web/upwork_Invoice_Ninja/reception-par-type/vendor/laravel/framework/src/Illuminate/Routing/Exceptions/UrlGenerationException.php:35)
[stacktrace]
#0 D:/DiskFiles/Projects/Web/upwork_Invoice_Ninja/reception-par-type/vendor/laravel/framework/src/Illuminate/Routing/RouteUrlGenerator.php(90): Illuminate/Routing/Exceptions/UrlGenerationException::forMissingParameters()
#1 D:/DiskFiles/Projects/Web/upwork_Invoice_Ninja/reception-par-type/vendor/laravel/framework/src/Illuminate/Routing/UrlGenerator.php(544): Illuminate/Routing/RouteUrlGenerator->to()
#2 D:/DiskFiles/Projects/Web/upwork_Invoice_Ninja/reception-par-type/vendor/laravel/framework/src/Illuminate/Routing/UrlGenerator.php(509): Illuminate/Routing/UrlGenerator->toRoute()
#3 D:/DiskFiles/Projects/Web/upwork_Invoice_Ninja/reception-par-type/vendor/laravel/framework/src/Illuminate/Foundation/helpers.php(853): Illuminate/Routing/UrlGenerator->route()
#4 D:/DiskFiles/Projects/Web/upwork_Invoice_Ninja/reception-par-type/vendor/laravel/framework/src/Illuminate/Foundation/Configuration/ApplicationBuilder.php(278): route()
#5 [internal function]: Illuminate/Foundation/Configuration/ApplicationBuilder->Illuminate/Foundation/Configuration/{closure}()
#6 D:/DiskFiles/Projects/Web/upwork_Invoice_Ninja/reception-par-type/vendor/laravel/framework/src/Illuminate/Auth/Middleware/Authenticate.php(118): call_user_func()
#7 D:/DiskFiles/Projects/Web/upwork_Invoice_Ninja/reception-par-type/vendor/laravel/framework/src/Illuminate/Auth/Middleware/Authenticate.php(105): Illuminate/Auth/Middleware/Authenticate->redirectTo()
#8 D:/DiskFiles/Projects/Web/upwork_Invoice_Ninja/reception-par-type/vendor/laravel/framework/src/Illuminate/Auth/Middleware/Authenticate.php(88): Illuminate/Auth/Middleware/Authenticate->unauthenticated()
#9 D:/DiskFiles/Projects/Web/upwork_Invoice_Ninja/reception-par-type/vendor/laravel/framework/src/Illuminate/Auth/Middleware/Authenticate.php(62): Illuminate/Auth/Middleware/Authenticate->authenticate()
#10 D:/DiskFiles/Projects/Web/upwork_Invoice_Ninja/reception-par-type/vendor/laravel/framework/src/Illuminate/Pipeline/Pipeline.php(209): Illuminate/Auth/Middleware/Authenticate->handle()
#11 D:/DiskFiles/Projects/Web/upwork_Invoice_Ninja/reception-par-type/vendor/laravel/framework/src/Illuminate/Foundation/Http/Middleware/VerifyCsrfToken.php(88): Illuminate/Pipeline/Pipeline->Illuminate/Pipeline/{closure}()
#12 D:/DiskFiles/Projects/Web/upwork_Invoice_Ninja/reception-par-type/vendor/laravel/framework/src/Illuminate/Pipeline/Pipeline.php(209): Illuminate/Foundation/Http/Middleware/VerifyCsrfToken->handle()
#13 D:/DiskFiles/Projects/Web/upwork_Invoice_Ninja/reception-par-type/vendor/laravel/framework/src/Illuminate/View/Middleware/ShareErrorsFromSession.php(49): Illuminate/Pipeline/Pipeline->Illuminate/Pipeline/{closure}()
#14 D:/DiskFiles/Projects/Web/upwork_Invoice_Ninja/reception-par-type/vendor/laravel/framework/src/Illuminate/Pipeline/Pipeline.php(209): Illuminate/View/Middleware/ShareErrorsFromSession->handle()
#15 D:/DiskFiles/Projects/Web/upwork_Invoice_Ninja/reception-par-type/vendor/laravel/framework/src/Illuminate/Session/Middleware/StartSession.php(121): Illuminate/Pipeline/Pipeline->Illuminate/Pipeline/{closure}()
#16 D:/DiskFiles/Projects/Web/upwork_Invoice_Ninja/reception-par-type/vendor/laravel/framework/src/Illuminate/Session/Middleware/StartSession.php(64): Illuminate/Session/Middleware/StartSession->handleStatefulRequest()
#17 D:/DiskFiles/Projects/Web/upwork_Invoice_Ninja/reception-par-type/vendor/laravel/framework/src/Illuminate/Pipeline/Pipeline.php(209): Illuminate/Session/Middleware/StartSession->handle()
#18 D:/DiskFiles/Projects/Web/upwork_Invoice_Ninja/reception-par-type/vendor/laravel/framework/src/Illuminate/Cookie/Middleware/AddQueuedCookiesToResponse.php(37): Illuminate/Pipeline/Pipeline->Illuminate/Pipeline/{closure}()
#19 D:/DiskFiles/Projects/Web/upwork_Invoice_Ninja/reception-par-type/vendor/laravel/framework/src/Illuminate/Pipeline/Pipeline.php(209): Illuminate/Cookie/Middleware/AddQueuedCookiesToResponse->handle()
#20 D:/DiskFiles/Projects/Web/upwork_Invoice_Ninja/reception-par-type/vendor/laravel/framework/src/Illuminate/Cookie/Middleware/EncryptCookies.php(75): Illuminate/Pipeline/Pipeline->Illuminate/Pipeline/{closure}()
#21 D:/DiskFiles/Projects/Web/upwork_Invoice_Ninja/reception-par-type/vendor/laravel/framework/src/Illuminate/Pipeline/Pipeline.php(209): Illuminate/Cookie/Middleware/EncryptCookies->handle()
#22 D:/DiskFiles/Projects/Web/upwork_Invoice_Ninja/reception-par-type/vendor/laravel/framework/src/Illuminate/Pipeline/Pipeline.php(127): Illuminate/Pipeline/Pipeline->Illuminate/Pipeline/{closure}()
#23 D:/DiskFiles/Projects/Web/upwork_Invoice_Ninja/reception-par-type/vendor/laravel/framework/src/Illuminate/Routing/Router.php(807): Illuminate/Pipeline/Pipeline->then()
#24 D:/DiskFiles/Projects/Web/upwork_Invoice_Ninja/reception-par-type/vendor/laravel/framework/src/Illuminate/Routing/Router.php(786): Illuminate/Routing/Router->runRouteWithinStack()
#25 D:/DiskFiles/Projects/Web/upwork_Invoice_Ninja/reception-par-type/vendor/laravel/framework/src/Illuminate/Routing/Router.php(750): Illuminate/Routing/Router->runRoute()
#26 D:/DiskFiles/Projects/Web/upwork_Invoice_Ninja/reception-par-type/vendor/laravel/framework/src/Illuminate/Routing/Router.php(739): Illuminate/Routing/Router->dispatchToRoute()
#27 D:/DiskFiles/Projects/Web/upwork_Invoice_Ninja/reception-par-type/vendor/laravel/framework/src/Illuminate/Foundation/Http/Kernel.php(201): Illuminate/Routing/Router->dispatch()
#28 D:/DiskFiles/Projects/Web/upwork_Invoice_Ninja/reception-par-type/vendor/laravel/framework/src/Illuminate/Pipeline/Pipeline.php(170): Illuminate/Foundation/Http/Kernel->Illuminate/Foundation/Http/{closure}()
#29 D:/DiskFiles/Projects/Web/upwork_Invoice_Ninja/reception-par-type/vendor/laravel/framework/src/Illuminate/Foundation/Http/Middleware/TransformsRequest.php(21): Illuminate/Pipeline/Pipeline->Illuminate/Pipeline/{closure}()
#30 D:/DiskFiles/Projects/Web/upwork_Invoice_Ninja/reception-par-type/vendor/laravel/framework/src/Illuminate/Foundation/Http/Middleware/ConvertEmptyStringsToNull.php(31): Illuminate/Foundation/Http/Middleware/TransformsRequest->handle()
#31 D:/DiskFiles/Projects/Web/upwork_Invoice_Ninja/reception-par-type/vendor/laravel/framework/src/Illuminate/Pipeline/Pipeline.php(209): Illuminate/Foundation/Http/Middleware/ConvertEmptyStringsToNull->handle()
#32 D:/DiskFiles/Projects/Web/upwork_Invoice_Ninja/reception-par-type/vendor/laravel/framework/src/Illuminate/Foundation/Http/Middleware/TransformsRequest.php(21): Illuminate/Pipeline/Pipeline->Illuminate/Pipeline/{closure}()
#33 D:/DiskFiles/Projects/Web/upwork_Invoice_Ninja/reception-par-type/vendor/laravel/framework/src/Illuminate/Foundation/Http/Middleware/TrimStrings.php(51): Illuminate/Foundation/Http/Middleware/TransformsRequest->handle()
#34 D:/DiskFiles/Projects/Web/upwork_Invoice_Ninja/reception-par-type/vendor/laravel/framework/src/Illuminate/Pipeline/Pipeline.php(209): Illuminate/Foundation/Http/Middleware/TrimStrings->handle()
#35 D:/DiskFiles/Projects/Web/upwork_Invoice_Ninja/reception-par-type/vendor/laravel/framework/src/Illuminate/Http/Middleware/ValidatePostSize.php(27): Illuminate/Pipeline/Pipeline->Illuminate/Pipeline/{closure}()
#36 D:/DiskFiles/Projects/Web/upwork_Invoice_Ninja/reception-par-type/vendor/laravel/framework/src/Illuminate/Pipeline/Pipeline.php(209): Illuminate/Http/Middleware/ValidatePostSize->handle()
#37 D:/DiskFiles/Projects/Web/upwork_Invoice_Ninja/reception-par-type/vendor/laravel/framework/src/Illuminate/Foundation/Http/Middleware/PreventRequestsDuringMaintenance.php(110): Illuminate/Pipeline/Pipeline->Illuminate/Pipeline/{closure}()
#38 D:/DiskFiles/Projects/Web/upwork_Invoice_Ninja/reception-par-type/vendor/laravel/framework/src/Illuminate/Pipeline/Pipeline.php(209): Illuminate/Foundation/Http/Middleware/PreventRequestsDuringMaintenance->handle()
#39 D:/DiskFiles/Projects/Web/upwork_Invoice_Ninja/reception-par-type/vendor/laravel/framework/src/Illuminate/Http/Middleware/HandleCors.php(49): Illuminate/Pipeline/Pipeline->Illuminate/Pipeline/{closure}()
#40 D:/DiskFiles/Projects/Web/upwork_Invoice_Ninja/reception-par-type/vendor/laravel/framework/src/Illuminate/Pipeline/Pipeline.php(209): Illuminate/Http/Middleware/HandleCors->handle()
#41 D:/DiskFiles/Projects/Web/upwork_Invoice_Ninja/reception-par-type/vendor/laravel/framework/src/Illuminate/Http/Middleware/TrustProxies.php(58): Illuminate/Pipeline/Pipeline->Illuminate/Pipeline/{closure}()
#42 D:/DiskFiles/Projects/Web/upwork_Invoice_Ninja/reception-par-type/vendor/laravel/framework/src/Illuminate/Pipeline/Pipeline.php(209): Illuminate/Http/Middleware/TrustProxies->handle()
#43 D:/DiskFiles/Projects/Web/upwork_Invoice_Ninja/reception-par-type/vendor/laravel/framework/src/Illuminate/Foundation/Http/Middleware/InvokeDeferredCallbacks.php(22): Illuminate/Pipeline/Pipeline->Illuminate/Pipeline/{closure}()
#44 D:/DiskFiles/Projects/Web/upwork_Invoice_Ninja/reception-par-type/vendor/laravel/framework/src/Illuminate/Pipeline/Pipeline.php(209): Illuminate/Foundation/Http/Middleware/InvokeDeferredCallbacks->handle()
#45 D:/DiskFiles/Projects/Web/upwork_Invoice_Ninja/reception-par-type/vendor/laravel/framework/src/Illuminate/Pipeline/Pipeline.php(127): Illuminate/Pipeline/Pipeline->Illuminate/Pipeline/{closure}()
#46 D:/DiskFiles/Projects/Web/upwork_Invoice_Ninja/reception-par-type/vendor/laravel/framework/src/Illuminate/Foundation/Http/Kernel.php(176): Illuminate/Pipeline/Pipeline->then()
#47 D:/DiskFiles/Projects/Web/upwork_Invoice_Ninja/reception-par-type/vendor/laravel/framework/src/Illuminate/Foundation/Http/Kernel.php(145): Illuminate/Foundation/Http/Kernel->sendRequestThroughRouter()
#48 D:/DiskFiles/Projects/Web/upwork_Invoice_Ninja/reception-par-type/vendor/laravel/framework/src/Illuminate/Foundation/Application.php(1220): Illuminate/Foundation/Http/Kernel->handle()
#49 D:/DiskFiles/Projects/Web/upwork_Invoice_Ninja/reception-par-type/public/index.php(18): Illuminate/Foundation/Application->handleRequest()
#50 D:/DiskFiles/Projects/Web/upwork_Invoice_Ninja/reception-par-type/vendor/laravel/framework/src/Illuminate/Foundation/resources/server.php(23): require_once('...')
#51 {main}
"} 
[2026-06-24 14:02:57] production.ERROR: Missing required parameter for [Route: login] [URI: {locale}/login] [Missing parameter: locale]. {"exception":"[object] (Illuminate\\Routing\\Exceptions\\UrlGenerationException(code: 0): Missing required parameter for [Route: login] [URI: {locale}/login] [Missing parameter: locale]. at D:/DiskFiles/Projects/Web/upwork_Invoice_Ninja/reception-par-type/vendor/laravel/framework/src/Illuminate/Routing/Exceptions/UrlGenerationException.php:35)
[stacktrace]
#0 D:/DiskFiles/Projects/Web/upwork_Invoice_Ninja/reception-par-type/vendor/laravel/framework/src/Illuminate/Routing/RouteUrlGenerator.php(90): Illuminate/Routing/Exceptions/UrlGenerationException::forMissingParameters()
#1 D:/DiskFiles/Projects/Web/upwork_Invoice_Ninja/reception-par-type/vendor/laravel/framework/src/Illuminate/Routing/UrlGenerator.php(544): Illuminate/Routing/RouteUrlGenerator->to()
#2 D:/DiskFiles/Projects/Web/upwork_Invoice_Ninja/reception-par-type/vendor/laravel/framework/src/Illuminate/Routing/UrlGenerator.php(509): Illuminate/Routing/UrlGenerator->toRoute()
#3 D:/DiskFiles/Projects/Web/upwork_Invoice_Ninja/reception-par-type/vendor/laravel/framework/src/Illuminate/Foundation/helpers.php(853): Illuminate/Routing/UrlGenerator->route()
#4 D:/DiskFiles/Projects/Web/upwork_Invoice_Ninja/reception-par-type/vendor/laravel/framework/src/Illuminate/Foundation/Configuration/ApplicationBuilder.php(278): route()
#5 [internal function]: Illuminate/Foundation/Configuration/ApplicationBuilder->Illuminate/Foundation/Configuration/{closure}()
#6 D:/DiskFiles/Projects/Web/upwork_Invoice_Ninja/reception-par-type/vendor/laravel/framework/src/Illuminate/Auth/Middleware/Authenticate.php(118): call_user_func()
#7 D:/DiskFiles/Projects/Web/upwork_Invoice_Ninja/reception-par-type/vendor/laravel/framework/src/Illuminate/Auth/Middleware/Authenticate.php(105): Illuminate/Auth/Middleware/Authenticate->redirectTo()
#8 D:/DiskFiles/Projects/Web/upwork_Invoice_Ninja/reception-par-type/vendor/laravel/framework/src/Illuminate/Auth/Middleware/Authenticate.php(88): Illuminate/Auth/Middleware/Authenticate->unauthenticated()
#9 D:/DiskFiles/Projects/Web/upwork_Invoice_Ninja/reception-par-type/vendor/laravel/framework/src/Illuminate/Auth/Middleware/Authenticate.php(62): Illuminate/Auth/Middleware/Authenticate->authenticate()
#10 D:/DiskFiles/Projects/Web/upwork_Invoice_Ninja/reception-par-type/vendor/laravel/framework/src/Illuminate/Pipeline/Pipeline.php(209): Illuminate/Auth/Middleware/Authenticate->handle()
#11 D:/DiskFiles/Projects/Web/upwork_Invoice_Ninja/reception-par-type/vendor/laravel/framework/src/Illuminate/Foundation/Http/Middleware/VerifyCsrfToken.php(88): Illuminate/Pipeline/Pipeline->Illuminate/Pipeline/{closure}()
#12 D:/DiskFiles/Projects/Web/upwork_Invoice_Ninja/reception-par-type/vendor/laravel/framework/src/Illuminate/Pipeline/Pipeline.php(209): Illuminate/Foundation/Http/Middleware/VerifyCsrfToken->handle()
#13 D:/DiskFiles/Projects/Web/upwork_Invoice_Ninja/reception-par-type/vendor/laravel/framework/src/Illuminate/View/Middleware/ShareErrorsFromSession.php(49): Illuminate/Pipeline/Pipeline->Illuminate/Pipeline/{closure}()
#14 D:/DiskFiles/Projects/Web/upwork_Invoice_Ninja/reception-par-type/vendor/laravel/framework/src/Illuminate/Pipeline/Pipeline.php(209): Illuminate/View/Middleware/ShareErrorsFromSession->handle()
#15 D:/DiskFiles/Projects/Web/upwork_Invoice_Ninja/reception-par-type/vendor/laravel/framework/src/Illuminate/Session/Middleware/StartSession.php(121): Illuminate/Pipeline/Pipeline->Illuminate/Pipeline/{closure}()
#16 D:/DiskFiles/Projects/Web/upwork_Invoice_Ninja/reception-par-type/vendor/laravel/framework/src/Illuminate/Session/Middleware/StartSession.php(64): Illuminate/Session/Middleware/StartSession->handleStatefulRequest()
#17 D:/DiskFiles/Projects/Web/upwork_Invoice_Ninja/reception-par-type/vendor/laravel/framework/src/Illuminate/Pipeline/Pipeline.php(209): Illuminate/Session/Middleware/StartSession->handle()
#18 D:/DiskFiles/Projects/Web/upwork_Invoice_Ninja/reception-par-type/vendor/laravel/framework/src/Illuminate/Cookie/Middleware/AddQueuedCookiesToResponse.php(37): Illuminate/Pipeline/Pipeline->Illuminate/Pipeline/{closure}()
#19 D:/DiskFiles/Projects/Web/upwork_Invoice_Ninja/reception-par-type/vendor/laravel/framework/src/Illuminate/Pipeline/Pipeline.php(209): Illuminate/Cookie/Middleware/AddQueuedCookiesToResponse->handle()
#20 D:/DiskFiles/Projects/Web/upwork_Invoice_Ninja/reception-par-type/vendor/laravel/framework/src/Illuminate/Cookie/Middleware/EncryptCookies.php(75): Illuminate/Pipeline/Pipeline->Illuminate/Pipeline/{closure}()
#21 D:/DiskFiles/Projects/Web/upwork_Invoice_Ninja/reception-par-type/vendor/laravel/framework/src/Illuminate/Pipeline/Pipeline.php(209): Illuminate/Cookie/Middleware/EncryptCookies->handle()
#22 D:/DiskFiles/Projects/Web/upwork_Invoice_Ninja/reception-par-type/vendor/laravel/framework/src/Illuminate/Pipeline/Pipeline.php(127): Illuminate/Pipeline/Pipeline->Illuminate/Pipeline/{closure}()
#23 D:/DiskFiles/Projects/Web/upwork_Invoice_Ninja/reception-par-type/vendor/laravel/framework/src/Illuminate/Routing/Router.php(807): Illuminate/Pipeline/Pipeline->then()
#24 D:/DiskFiles/Projects/Web/upwork_Invoice_Ninja/reception-par-type/vendor/laravel/framework/src/Illuminate/Routing/Router.php(786): Illuminate/Routing/Router->runRouteWithinStack()
#25 D:/DiskFiles/Projects/Web/upwork_Invoice_Ninja/reception-par-type/vendor/laravel/framework/src/Illuminate/Routing/Router.php(750): Illuminate/Routing/Router->runRoute()
#26 D:/DiskFiles/Projects/Web/upwork_Invoice_Ninja/reception-par-type/vendor/laravel/framework/src/Illuminate/Routing/Router.php(739): Illuminate/Routing/Router->dispatchToRoute()
#27 D:/DiskFiles/Projects/Web/upwork_Invoice_Ninja/reception-par-type/vendor/laravel/framework/src/Illuminate/Foundation/Http/Kernel.php(201): Illuminate/Routing/Router->dispatch()
#28 D:/DiskFiles/Projects/Web/upwork_Invoice_Ninja/reception-par-type/vendor/laravel/framework/src/Illuminate/Pipeline/Pipeline.php(170): Illuminate/Foundation/Http/Kernel->Illuminate/Foundation/Http/{closure}()
#29 D:/DiskFiles/Projects/Web/upwork_Invoice_Ninja/reception-par-type/vendor/laravel/framework/src/Illuminate/Foundation/Http/Middleware/TransformsRequest.php(21): Illuminate/Pipeline/Pipeline->Illuminate/Pipeline/{closure}()
#30 D:/DiskFiles/Projects/Web/upwork_Invoice_Ninja/reception-par-type/vendor/laravel/framework/src/Illuminate/Foundation/Http/Middleware/ConvertEmptyStringsToNull.php(31): Illuminate/Foundation/Http/Middleware/TransformsRequest->handle()
#31 D:/DiskFiles/Projects/Web/upwork_Invoice_Ninja/reception-par-type/vendor/laravel/framework/src/Illuminate/Pipeline/Pipeline.php(209): Illuminate/Foundation/Http/Middleware/ConvertEmptyStringsToNull->handle()
#32 D:/DiskFiles/Projects/Web/upwork_Invoice_Ninja/reception-par-type/vendor/laravel/framework/src/Illuminate/Foundation/Http/Middleware/TransformsRequest.php(21): Illuminate/Pipeline/Pipeline->Illuminate/Pipeline/{closure}()
#33 D:/DiskFiles/Projects/Web/upwork_Invoice_Ninja/reception-par-type/vendor/laravel/framework/src/Illuminate/Foundation/Http/Middleware/TrimStrings.php(51): Illuminate/Foundation/Http/Middleware/TransformsRequest->handle()
#34 D:/DiskFiles/Projects/Web/upwork_Invoice_Ninja/reception-par-type/vendor/laravel/framework/src/Illuminate/Pipeline/Pipeline.php(209): Illuminate/Foundation/Http/Middleware/TrimStrings->handle()
#35 D:/DiskFiles/Projects/Web/upwork_Invoice_Ninja/reception-par-type/vendor/laravel/framework/src/Illuminate/Http/Middleware/ValidatePostSize.php(27): Illuminate/Pipeline/Pipeline->Illuminate/Pipeline/{closure}()
#36 D:/DiskFiles/Projects/Web/upwork_Invoice_Ninja/reception-par-type/vendor/laravel/framework/src/Illuminate/Pipeline/Pipeline.php(209): Illuminate/Http/Middleware/ValidatePostSize->handle()
#37 D:/DiskFiles/Projects/Web/upwork_Invoice_Ninja/reception-par-type/vendor/laravel/framework/src/Illuminate/Foundation/Http/Middleware/PreventRequestsDuringMaintenance.php(110): Illuminate/Pipeline/Pipeline->Illuminate/Pipeline/{closure}()
#38 D:/DiskFiles/Projects/Web/upwork_Invoice_Ninja/reception-par-type/vendor/laravel/framework/src/Illuminate/Pipeline/Pipeline.php(209): Illuminate/Foundation/Http/Middleware/PreventRequestsDuringMaintenance->handle()
#39 D:/DiskFiles/Projects/Web/upwork_Invoice_Ninja/reception-par-type/vendor/laravel/framework/src/Illuminate/Http/Middleware/HandleCors.php(49): Illuminate/Pipeline/Pipeline->Illuminate/Pipeline/{closure}()
#40 D:/DiskFiles/Projects/Web/upwork_Invoice_Ninja/reception-par-type/vendor/laravel/framework/src/Illuminate/Pipeline/Pipeline.php(209): Illuminate/Http/Middleware/HandleCors->handle()
#41 D:/DiskFiles/Projects/Web/upwork_Invoice_Ninja/reception-par-type/vendor/laravel/framework/src/Illuminate/Http/Middleware/TrustProxies.php(58): Illuminate/Pipeline/Pipeline->Illuminate/Pipeline/{closure}()
#42 D:/DiskFiles/Projects/Web/upwork_Invoice_Ninja/reception-par-type/vendor/laravel/framework/src/Illuminate/Pipeline/Pipeline.php(209): Illuminate/Http/Middleware/TrustProxies->handle()
#43 D:/DiskFiles/Projects/Web/upwork_Invoice_Ninja/reception-par-type/vendor/laravel/framework/src/Illuminate/Foundation/Http/Middleware/InvokeDeferredCallbacks.php(22): Illuminate/Pipeline/Pipeline->Illuminate/Pipeline/{closure}()
#44 D:/DiskFiles/Projects/Web/upwork_Invoice_Ninja/reception-par-type/vendor/laravel/framework/src/Illuminate/Pipeline/Pipeline.php(209): Illuminate/Foundation/Http/Middleware/InvokeDeferredCallbacks->handle()
#45 D:/DiskFiles/Projects/Web/upwork_Invoice_Ninja/reception-par-type/vendor/laravel/framework/src/Illuminate/Pipeline/Pipeline.php(127): Illuminate/Pipeline/Pipeline->Illuminate/Pipeline/{closure}()
#46 D:/DiskFiles/Projects/Web/upwork_Invoice_Ninja/reception-par-type/vendor/laravel/framework/src/Illuminate/Foundation/Http/Kernel.php(176): Illuminate/Pipeline/Pipeline->then()
#47 D:/DiskFiles/Projects/Web/upwork_Invoice_Ninja/reception-par-type/vendor/laravel/framework/src/Illuminate/Foundation/Http/Kernel.php(145): Illuminate/Foundation/Http/Kernel->sendRequestThroughRouter()
#48 D:/DiskFiles/Projects/Web/upwork_Invoice_Ninja/reception-par-type/vendor/laravel/framework/src/Illuminate/Foundation/Application.php(1220): Illuminate/Foundation/Http/Kernel->handle()
#49 D:/DiskFiles/Projects/Web/upwork_Invoice_Ninja/reception-par-type/public/index.php(18): Illuminate/Foundation/Application->handleRequest()
#50 D:/DiskFiles/Projects/Web/upwork_Invoice_Ninja/reception-par-type/vendor/laravel/framework/src/Illuminate/Foundation/resources/server.php(23): require_once('...')
#51 {main}
"} 
[2026-06-24 14:04:10] production.ERROR: Missing required parameter for [Route: login] [URI: {locale}/login] [Missing parameter: locale]. {"exception":"[object] (Illuminate\\Routing\\Exceptions\\UrlGenerationException(code: 0): Missing required parameter for [Route: login] [URI: {locale}/login] [Missing parameter: locale]. at D:/DiskFiles/Projects/Web/upwork_Invoice_Ninja/reception-par-type/vendor/laravel/framework/src/Illuminate/Routing/Exceptions/UrlGenerationException.php:35)
[stacktrace]
#0 D:/DiskFiles/Projects/Web/upwork_Invoice_Ninja/reception-par-type/vendor/laravel/framework/src/Illuminate/Routing/RouteUrlGenerator.php(90): Illuminate/Routing/Exceptions/UrlGenerationException::forMissingParameters()
#1 D:/DiskFiles/Projects/Web/upwork_Invoice_Ninja/reception-par-type/vendor/laravel/framework/src/Illuminate/Routing/UrlGenerator.php(544): Illuminate/Routing/RouteUrlGenerator->to()
#2 D:/DiskFiles/Projects/Web/upwork_Invoice_Ninja/reception-par-type/vendor/laravel/framework/src/Illuminate/Routing/UrlGenerator.php(509): Illuminate/Routing/UrlGenerator->toRoute()
#3 D:/DiskFiles/Projects/Web/upwork_Invoice_Ninja/reception-par-type/vendor/laravel/framework/src/Illuminate/Foundation/helpers.php(853): Illuminate/Routing/UrlGenerator->route()
#4 D:/DiskFiles/Projects/Web/upwork_Invoice_Ninja/reception-par-type/vendor/laravel/framework/src/Illuminate/Foundation/Configuration/ApplicationBuilder.php(278): route()
#5 [internal function]: Illuminate/Foundation/Configuration/ApplicationBuilder->Illuminate/Foundation/Configuration/{closure}()
#6 D:/DiskFiles/Projects/Web/upwork_Invoice_Ninja/reception-par-type/vendor/laravel/framework/src/Illuminate/Auth/Middleware/Authenticate.php(118): call_user_func()
#7 D:/DiskFiles/Projects/Web/upwork_Invoice_Ninja/reception-par-type/vendor/laravel/framework/src/Illuminate/Auth/Middleware/Authenticate.php(105): Illuminate/Auth/Middleware/Authenticate->redirectTo()
#8 D:/DiskFiles/Projects/Web/upwork_Invoice_Ninja/reception-par-type/vendor/laravel/framework/src/Illuminate/Auth/Middleware/Authenticate.php(88): Illuminate/Auth/Middleware/Authenticate->unauthenticated()
#9 D:/DiskFiles/Projects/Web/upwork_Invoice_Ninja/reception-par-type/vendor/laravel/framework/src/Illuminate/Auth/Middleware/Authenticate.php(62): Illuminate/Auth/Middleware/Authenticate->authenticate()
#10 D:/DiskFiles/Projects/Web/upwork_Invoice_Ninja/reception-par-type/vendor/laravel/framework/src/Illuminate/Pipeline/Pipeline.php(209): Illuminate/Auth/Middleware/Authenticate->handle()
#11 D:/DiskFiles/Projects/Web/upwork_Invoice_Ninja/reception-par-type/vendor/laravel/framework/src/Illuminate/Foundation/Http/Middleware/VerifyCsrfToken.php(88): Illuminate/Pipeline/Pipeline->Illuminate/Pipeline/{closure}()
#12 D:/DiskFiles/Projects/Web/upwork_Invoice_Ninja/reception-par-type/vendor/laravel/framework/src/Illuminate/Pipeline/Pipeline.php(209): Illuminate/Foundation/Http/Middleware/VerifyCsrfToken->handle()
#13 D:/DiskFiles/Projects/Web/upwork_Invoice_Ninja/reception-par-type/vendor/laravel/framework/src/Illuminate/View/Middleware/ShareErrorsFromSession.php(49): Illuminate/Pipeline/Pipeline->Illuminate/Pipeline/{closure}()
#14 D:/DiskFiles/Projects/Web/upwork_Invoice_Ninja/reception-par-type/vendor/laravel/framework/src/Illuminate/Pipeline/Pipeline.php(209): Illuminate/View/Middleware/ShareErrorsFromSession->handle()
#15 D:/DiskFiles/Projects/Web/upwork_Invoice_Ninja/reception-par-type/vendor/laravel/framework/src/Illuminate/Session/Middleware/StartSession.php(121): Illuminate/Pipeline/Pipeline->Illuminate/Pipeline/{closure}()
#16 D:/DiskFiles/Projects/Web/upwork_Invoice_Ninja/reception-par-type/vendor/laravel/framework/src/Illuminate/Session/Middleware/StartSession.php(64): Illuminate/Session/Middleware/StartSession->handleStatefulRequest()
#17 D:/DiskFiles/Projects/Web/upwork_Invoice_Ninja/reception-par-type/vendor/laravel/framework/src/Illuminate/Pipeline/Pipeline.php(209): Illuminate/Session/Middleware/StartSession->handle()
#18 D:/DiskFiles/Projects/Web/upwork_Invoice_Ninja/reception-par-type/vendor/laravel/framework/src/Illuminate/Cookie/Middleware/AddQueuedCookiesToResponse.php(37): Illuminate/Pipeline/Pipeline->Illuminate/Pipeline/{closure}()
#19 D:/DiskFiles/Projects/Web/upwork_Invoice_Ninja/reception-par-type/vendor/laravel/framework/src/Illuminate/Pipeline/Pipeline.php(209): Illuminate/Cookie/Middleware/AddQueuedCookiesToResponse->handle()
#20 D:/DiskFiles/Projects/Web/upwork_Invoice_Ninja/reception-par-type/vendor/laravel/framework/src/Illuminate/Cookie/Middleware/EncryptCookies.php(75): Illuminate/Pipeline/Pipeline->Illuminate/Pipeline/{closure}()
#21 D:/DiskFiles/Projects/Web/upwork_Invoice_Ninja/reception-par-type/vendor/laravel/framework/src/Illuminate/Pipeline/Pipeline.php(209): Illuminate/Cookie/Middleware/EncryptCookies->handle()
#22 D:/DiskFiles/Projects/Web/upwork_Invoice_Ninja/reception-par-type/vendor/laravel/framework/src/Illuminate/Pipeline/Pipeline.php(127): Illuminate/Pipeline/Pipeline->Illuminate/Pipeline/{closure}()
#23 D:/DiskFiles/Projects/Web/upwork_Invoice_Ninja/reception-par-type/vendor/laravel/framework/src/Illuminate/Routing/Router.php(807): Illuminate/Pipeline/Pipeline->then()
#24 D:/DiskFiles/Projects/Web/upwork_Invoice_Ninja/reception-par-type/vendor/laravel/framework/src/Illuminate/Routing/Router.php(786): Illuminate/Routing/Router->runRouteWithinStack()
#25 D:/DiskFiles/Projects/Web/upwork_Invoice_Ninja/reception-par-type/vendor/laravel/framework/src/Illuminate/Routing/Router.php(750): Illuminate/Routing/Router->runRoute()
#26 D:/DiskFiles/Projects/Web/upwork_Invoice_Ninja/reception-par-type/vendor/laravel/framework/src/Illuminate/Routing/Router.php(739): Illuminate/Routing/Router->dispatchToRoute()
#27 D:/DiskFiles/Projects/Web/upwork_Invoice_Ninja/reception-par-type/vendor/laravel/framework/src/Illuminate/Foundation/Http/Kernel.php(201): Illuminate/Routing/Router->dispatch()
#28 D:/DiskFiles/Projects/Web/upwork_Invoice_Ninja/reception-par-type/vendor/laravel/framework/src/Illuminate/Pipeline/Pipeline.php(170): Illuminate/Foundation/Http/Kernel->Illuminate/Foundation/Http/{closure}()
#29 D:/DiskFiles/Projects/Web/upwork_Invoice_Ninja/reception-par-type/vendor/laravel/framework/src/Illuminate/Foundation/Http/Middleware/TransformsRequest.php(21): Illuminate/Pipeline/Pipeline->Illuminate/Pipeline/{closure}()
#30 D:/DiskFiles/Projects/Web/upwork_Invoice_Ninja/reception-par-type/vendor/laravel/framework/src/Illuminate/Foundation/Http/Middleware/ConvertEmptyStringsToNull.php(31): Illuminate/Foundation/Http/Middleware/TransformsRequest->handle()
#31 D:/DiskFiles/Projects/Web/upwork_Invoice_Ninja/reception-par-type/vendor/laravel/framework/src/Illuminate/Pipeline/Pipeline.php(209): Illuminate/Foundation/Http/Middleware/ConvertEmptyStringsToNull->handle()
#32 D:/DiskFiles/Projects/Web/upwork_Invoice_Ninja/reception-par-type/vendor/laravel/framework/src/Illuminate/Foundation/Http/Middleware/TransformsRequest.php(21): Illuminate/Pipeline/Pipeline->Illuminate/Pipeline/{closure}()
#33 D:/DiskFiles/Projects/Web/upwork_Invoice_Ninja/reception-par-type/vendor/laravel/framework/src/Illuminate/Foundation/Http/Middleware/TrimStrings.php(51): Illuminate/Foundation/Http/Middleware/TransformsRequest->handle()
#34 D:/DiskFiles/Projects/Web/upwork_Invoice_Ninja/reception-par-type/vendor/laravel/framework/src/Illuminate/Pipeline/Pipeline.php(209): Illuminate/Foundation/Http/Middleware/TrimStrings->handle()
#35 D:/DiskFiles/Projects/Web/upwork_Invoice_Ninja/reception-par-type/vendor/laravel/framework/src/Illuminate/Http/Middleware/ValidatePostSize.php(27): Illuminate/Pipeline/Pipeline->Illuminate/Pipeline/{closure}()
#36 D:/DiskFiles/Projects/Web/upwork_Invoice_Ninja/reception-par-type/vendor/laravel/framework/src/Illuminate/Pipeline/Pipeline.php(209): Illuminate/Http/Middleware/ValidatePostSize->handle()
#37 D:/DiskFiles/Projects/Web/upwork_Invoice_Ninja/reception-par-type/vendor/laravel/framework/src/Illuminate/Foundation/Http/Middleware/PreventRequestsDuringMaintenance.php(110): Illuminate/Pipeline/Pipeline->Illuminate/Pipeline/{closure}()
#38 D:/DiskFiles/Projects/Web/upwork_Invoice_Ninja/reception-par-type/vendor/laravel/framework/src/Illuminate/Pipeline/Pipeline.php(209): Illuminate/Foundation/Http/Middleware/PreventRequestsDuringMaintenance->handle()
#39 D:/DiskFiles/Projects/Web/upwork_Invoice_Ninja/reception-par-type/vendor/laravel/framework/src/Illuminate/Http/Middleware/HandleCors.php(49): Illuminate/Pipeline/Pipeline->Illuminate/Pipeline/{closure}()
#40 D:/DiskFiles/Projects/Web/upwork_Invoice_Ninja/reception-par-type/vendor/laravel/framework/src/Illuminate/Pipeline/Pipeline.php(209): Illuminate/Http/Middleware/HandleCors->handle()
#41 D:/DiskFiles/Projects/Web/upwork_Invoice_Ninja/reception-par-type/vendor/laravel/framework/src/Illuminate/Http/Middleware/TrustProxies.php(58): Illuminate/Pipeline/Pipeline->Illuminate/Pipeline/{closure}()
#42 D:/DiskFiles/Projects/Web/upwork_Invoice_Ninja/reception-par-type/vendor/laravel/framework/src/Illuminate/Pipeline/Pipeline.php(209): Illuminate/Http/Middleware/TrustProxies->handle()
#43 D:/DiskFiles/Projects/Web/upwork_Invoice_Ninja/reception-par-type/vendor/laravel/framework/src/Illuminate/Foundation/Http/Middleware/InvokeDeferredCallbacks.php(22): Illuminate/Pipeline/Pipeline->Illuminate/Pipeline/{closure}()
#44 D:/DiskFiles/Projects/Web/upwork_Invoice_Ninja/reception-par-type/vendor/laravel/framework/src/Illuminate/Pipeline/Pipeline.php(209): Illuminate/Foundation/Http/Middleware/InvokeDeferredCallbacks->handle()
#45 D:/DiskFiles/Projects/Web/upwork_Invoice_Ninja/reception-par-type/vendor/laravel/framework/src/Illuminate/Pipeline/Pipeline.php(127): Illuminate/Pipeline/Pipeline->Illuminate/Pipeline/{closure}()
#46 D:/DiskFiles/Projects/Web/upwork_Invoice_Ninja/reception-par-type/vendor/laravel/framework/src/Illuminate/Foundation/Http/Kernel.php(176): Illuminate/Pipeline/Pipeline->then()
#47 D:/DiskFiles/Projects/Web/upwork_Invoice_Ninja/reception-par-type/vendor/laravel/framework/src/Illuminate/Foundation/Http/Kernel.php(145): Illuminate/Foundation/Http/Kernel->sendRequestThroughRouter()
#48 D:/DiskFiles/Projects/Web/upwork_Invoice_Ninja/reception-par-type/vendor/laravel/framework/src/Illuminate/Foundation/Application.php(1220): Illuminate/Foundation/Http/Kernel->handle()
#49 D:/DiskFiles/Projects/Web/upwork_Invoice_Ninja/reception-par-type/public/index.php(18): Illuminate/Foundation/Application->handleRequest()
#50 D:/DiskFiles/Projects/Web/upwork_Invoice_Ninja/reception-par-type/vendor/laravel/framework/src/Illuminate/Foundation/resources/server.php(23): require_once('...')
#51 {main}
"} 
[2026-06-24 14:05:14] production.ERROR: Missing required parameter for [Route: login] [URI: {locale}/login] [Missing parameter: locale]. {"exception":"[object] (Illuminate\\Routing\\Exceptions\\UrlGenerationException(code: 0): Missing required parameter for [Route: login] [URI: {locale}/login] [Missing parameter: locale]. at D:/DiskFiles/Projects/Web/upwork_Invoice_Ninja/reception-par-type/vendor/laravel/framework/src/Illuminate/Routing/Exceptions/UrlGenerationException.php:35)
[stacktrace]
#0 D:/DiskFiles/Projects/Web/upwork_Invoice_Ninja/reception-par-type/vendor/laravel/framework/src/Illuminate/Routing/RouteUrlGenerator.php(90): Illuminate/Routing/Exceptions/UrlGenerationException::forMissingParameters()
#1 D:/DiskFiles/Projects/Web/upwork_Invoice_Ninja/reception-par-type/vendor/laravel/framework/src/Illuminate/Routing/UrlGenerator.php(544): Illuminate/Routing/RouteUrlGenerator->to()
#2 D:/DiskFiles/Projects/Web/upwork_Invoice_Ninja/reception-par-type/vendor/laravel/framework/src/Illuminate/Routing/UrlGenerator.php(509): Illuminate/Routing/UrlGenerator->toRoute()
#3 D:/DiskFiles/Projects/Web/upwork_Invoice_Ninja/reception-par-type/vendor/laravel/framework/src/Illuminate/Foundation/helpers.php(853): Illuminate/Routing/UrlGenerator->route()
#4 D:/DiskFiles/Projects/Web/upwork_Invoice_Ninja/reception-par-type/vendor/laravel/framework/src/Illuminate/Foundation/Configuration/ApplicationBuilder.php(278): route()
#5 [internal function]: Illuminate/Foundation/Configuration/ApplicationBuilder->Illuminate/Foundation/Configuration/{closure}()
#6 D:/DiskFiles/Projects/Web/upwork_Invoice_Ninja/reception-par-type/vendor/laravel/framework/src/Illuminate/Auth/Middleware/Authenticate.php(118): call_user_func()
#7 D:/DiskFiles/Projects/Web/upwork_Invoice_Ninja/reception-par-type/vendor/laravel/framework/src/Illuminate/Auth/Middleware/Authenticate.php(105): Illuminate/Auth/Middleware/Authenticate->redirectTo()
#8 D:/DiskFiles/Projects/Web/upwork_Invoice_Ninja/reception-par-type/vendor/laravel/framework/src/Illuminate/Auth/Middleware/Authenticate.php(88): Illuminate/Auth/Middleware/Authenticate->unauthenticated()
#9 D:/DiskFiles/Projects/Web/upwork_Invoice_Ninja/reception-par-type/vendor/laravel/framework/src/Illuminate/Auth/Middleware/Authenticate.php(62): Illuminate/Auth/Middleware/Authenticate->authenticate()
#10 D:/DiskFiles/Projects/Web/upwork_Invoice_Ninja/reception-par-type/vendor/laravel/framework/src/Illuminate/Pipeline/Pipeline.php(209): Illuminate/Auth/Middleware/Authenticate->handle()
#11 D:/DiskFiles/Projects/Web/upwork_Invoice_Ninja/reception-par-type/vendor/laravel/framework/src/Illuminate/Foundation/Http/Middleware/VerifyCsrfToken.php(88): Illuminate/Pipeline/Pipeline->Illuminate/Pipeline/{closure}()
#12 D:/DiskFiles/Projects/Web/upwork_Invoice_Ninja/reception-par-type/vendor/laravel/framework/src/Illuminate/Pipeline/Pipeline.php(209): Illuminate/Foundation/Http/Middleware/VerifyCsrfToken->handle()
#13 D:/DiskFiles/Projects/Web/upwork_Invoice_Ninja/reception-par-type/vendor/laravel/framework/src/Illuminate/View/Middleware/ShareErrorsFromSession.php(49): Illuminate/Pipeline/Pipeline->Illuminate/Pipeline/{closure}()
#14 D:/DiskFiles/Projects/Web/upwork_Invoice_Ninja/reception-par-type/vendor/laravel/framework/src/Illuminate/Pipeline/Pipeline.php(209): Illuminate/View/Middleware/ShareErrorsFromSession->handle()
#15 D:/DiskFiles/Projects/Web/upwork_Invoice_Ninja/reception-par-type/vendor/laravel/framework/src/Illuminate/Session/Middleware/StartSession.php(121): Illuminate/Pipeline/Pipeline->Illuminate/Pipeline/{closure}()
#16 D:/DiskFiles/Projects/Web/upwork_Invoice_Ninja/reception-par-type/vendor/laravel/framework/src/Illuminate/Session/Middleware/StartSession.php(64): Illuminate/Session/Middleware/StartSession->handleStatefulRequest()
#17 D:/DiskFiles/Projects/Web/upwork_Invoice_Ninja/reception-par-type/vendor/laravel/framework/src/Illuminate/Pipeline/Pipeline.php(209): Illuminate/Session/Middleware/StartSession->handle()
#18 D:/DiskFiles/Projects/Web/upwork_Invoice_Ninja/reception-par-type/vendor/laravel/framework/src/Illuminate/Cookie/Middleware/AddQueuedCookiesToResponse.php(37): Illuminate/Pipeline/Pipeline->Illuminate/Pipeline/{closure}()
#19 D:/DiskFiles/Projects/Web/upwork_Invoice_Ninja/reception-par-type/vendor/laravel/framework/src/Illuminate/Pipeline/Pipeline.php(209): Illuminate/Cookie/Middleware/AddQueuedCookiesToResponse->handle()
#20 D:/DiskFiles/Projects/Web/upwork_Invoice_Ninja/reception-par-type/vendor/laravel/framework/src/Illuminate/Cookie/Middleware/EncryptCookies.php(75): Illuminate/Pipeline/Pipeline->Illuminate/Pipeline/{closure}()
#21 D:/DiskFiles/Projects/Web/upwork_Invoice_Ninja/reception-par-type/vendor/laravel/framework/src/Illuminate/Pipeline/Pipeline.php(209): Illuminate/Cookie/Middleware/EncryptCookies->handle()
#22 D:/DiskFiles/Projects/Web/upwork_Invoice_Ninja/reception-par-type/vendor/laravel/framework/src/Illuminate/Pipeline/Pipeline.php(127): Illuminate/Pipeline/Pipeline->Illuminate/Pipeline/{closure}()
#23 D:/DiskFiles/Projects/Web/upwork_Invoice_Ninja/reception-par-type/vendor/laravel/framework/src/Illuminate/Routing/Router.php(807): Illuminate/Pipeline/Pipeline->then()
#24 D:/DiskFiles/Projects/Web/upwork_Invoice_Ninja/reception-par-type/vendor/laravel/framework/src/Illuminate/Routing/Router.php(786): Illuminate/Routing/Router->runRouteWithinStack()
#25 D:/DiskFiles/Projects/Web/upwork_Invoice_Ninja/reception-par-type/vendor/laravel/framework/src/Illuminate/Routing/Router.php(750): Illuminate/Routing/Router->runRoute()
#26 D:/DiskFiles/Projects/Web/upwork_Invoice_Ninja/reception-par-type/vendor/laravel/framework/src/Illuminate/Routing/Router.php(739): Illuminate/Routing/Router->dispatchToRoute()
#27 D:/DiskFiles/Projects/Web/upwork_Invoice_Ninja/reception-par-type/vendor/laravel/framework/src/Illuminate/Foundation/Http/Kernel.php(201): Illuminate/Routing/Router->dispatch()
#28 D:/DiskFiles/Projects/Web/upwork_Invoice_Ninja/reception-par-type/vendor/laravel/framework/src/Illuminate/Pipeline/Pipeline.php(170): Illuminate/Foundation/Http/Kernel->Illuminate/Foundation/Http/{closure}()
#29 D:/DiskFiles/Projects/Web/upwork_Invoice_Ninja/reception-par-type/vendor/laravel/framework/src/Illuminate/Foundation/Http/Middleware/TransformsRequest.php(21): Illuminate/Pipeline/Pipeline->Illuminate/Pipeline/{closure}()
#30 D:/DiskFiles/Projects/Web/upwork_Invoice_Ninja/reception-par-type/vendor/laravel/framework/src/Illuminate/Foundation/Http/Middleware/ConvertEmptyStringsToNull.php(31): Illuminate/Foundation/Http/Middleware/TransformsRequest->handle()
#31 D:/DiskFiles/Projects/Web/upwork_Invoice_Ninja/reception-par-type/vendor/laravel/framework/src/Illuminate/Pipeline/Pipeline.php(209): Illuminate/Foundation/Http/Middleware/ConvertEmptyStringsToNull->handle()
#32 D:/DiskFiles/Projects/Web/upwork_Invoice_Ninja/reception-par-type/vendor/laravel/framework/src/Illuminate/Foundation/Http/Middleware/TransformsRequest.php(21): Illuminate/Pipeline/Pipeline->Illuminate/Pipeline/{closure}()
#33 D:/DiskFiles/Projects/Web/upwork_Invoice_Ninja/reception-par-type/vendor/laravel/framework/src/Illuminate/Foundation/Http/Middleware/TrimStrings.php(51): Illuminate/Foundation/Http/Middleware/TransformsRequest->handle()
#34 D:/DiskFiles/Projects/Web/upwork_Invoice_Ninja/reception-par-type/vendor/laravel/framework/src/Illuminate/Pipeline/Pipeline.php(209): Illuminate/Foundation/Http/Middleware/TrimStrings->handle()
#35 D:/DiskFiles/Projects/Web/upwork_Invoice_Ninja/reception-par-type/vendor/laravel/framework/src/Illuminate/Http/Middleware/ValidatePostSize.php(27): Illuminate/Pipeline/Pipeline->Illuminate/Pipeline/{closure}()
#36 D:/DiskFiles/Projects/Web/upwork_Invoice_Ninja/reception-par-type/vendor/laravel/framework/src/Illuminate/Pipeline/Pipeline.php(209): Illuminate/Http/Middleware/ValidatePostSize->handle()
#37 D:/DiskFiles/Projects/Web/upwork_Invoice_Ninja/reception-par-type/vendor/laravel/framework/src/Illuminate/Foundation/Http/Middleware/PreventRequestsDuringMaintenance.php(110): Illuminate/Pipeline/Pipeline->Illuminate/Pipeline/{closure}()
#38 D:/DiskFiles/Projects/Web/upwork_Invoice_Ninja/reception-par-type/vendor/laravel/framework/src/Illuminate/Pipeline/Pipeline.php(209): Illuminate/Foundation/Http/Middleware/PreventRequestsDuringMaintenance->handle()
#39 D:/DiskFiles/Projects/Web/upwork_Invoice_Ninja/reception-par-type/vendor/laravel/framework/src/Illuminate/Http/Middleware/HandleCors.php(49): Illuminate/Pipeline/Pipeline->Illuminate/Pipeline/{closure}()
#40 D:/DiskFiles/Projects/Web/upwork_Invoice_Ninja/reception-par-type/vendor/laravel/framework/src/Illuminate/Pipeline/Pipeline.php(209): Illuminate/Http/Middleware/HandleCors->handle()
#41 D:/DiskFiles/Projects/Web/upwork_Invoice_Ninja/reception-par-type/vendor/laravel/framework/src/Illuminate/Http/Middleware/TrustProxies.php(58): Illuminate/Pipeline/Pipeline->Illuminate/Pipeline/{closure}()
#42 D:/DiskFiles/Projects/Web/upwork_Invoice_Ninja/reception-par-type/vendor/laravel/framework/src/Illuminate/Pipeline/Pipeline.php(209): Illuminate/Http/Middleware/TrustProxies->handle()
#43 D:/DiskFiles/Projects/Web/upwork_Invoice_Ninja/reception-par-type/vendor/laravel/framework/src/Illuminate/Foundation/Http/Middleware/InvokeDeferredCallbacks.php(22): Illuminate/Pipeline/Pipeline->Illuminate/Pipeline/{closure}()
#44 D:/DiskFiles/Projects/Web/upwork_Invoice_Ninja/reception-par-type/vendor/laravel/framework/src/Illuminate/Pipeline/Pipeline.php(209): Illuminate/Foundation/Http/Middleware/InvokeDeferredCallbacks->handle()
#45 D:/DiskFiles/Projects/Web/upwork_Invoice_Ninja/reception-par-type/vendor/laravel/framework/src/Illuminate/Pipeline/Pipeline.php(127): Illuminate/Pipeline/Pipeline->Illuminate/Pipeline/{closure}()
#46 D:/DiskFiles/Projects/Web/upwork_Invoice_Ninja/reception-par-type/vendor/laravel/framework/src/Illuminate/Foundation/Http/Kernel.php(176): Illuminate/Pipeline/Pipeline->then()
#47 D:/DiskFiles/Projects/Web/upwork_Invoice_Ninja/reception-par-type/vendor/laravel/framework/src/Illuminate/Foundation/Http/Kernel.php(145): Illuminate/Foundation/Http/Kernel->sendRequestThroughRouter()
#48 D:/DiskFiles/Projects/Web/upwork_Invoice_Ninja/reception-par-type/vendor/laravel/framework/src/Illuminate/Foundation/Application.php(1220): Illuminate/Foundation/Http/Kernel->handle()
#49 D:/DiskFiles/Projects/Web/upwork_Invoice_Ninja/reception-par-type/public/index.php(18): Illuminate/Foundation/Application->handleRequest()
#50 D:/DiskFiles/Projects/Web/upwork_Invoice_Ninja/reception-par-type/vendor/laravel/framework/src/Illuminate/Foundation/resources/server.php(23): require_once('...')
#51 {main}
"} 
[2026-06-24 14:09:38] production.ERROR: SQLSTATE[HY000] [2002] A connection attempt failed because the connected party did not properly respond after a period of time, or established connection failed because connected host has failed to respond (Connection: mysql, SQL: select * from `users` where `email` = nobody@example.com and `users`.`deleted_at` is null limit 1) {"exception":"[object] (Illuminate\\Database\\QueryException(code: 2002): SQLSTATE[HY000] [2002] A connection attempt failed because the connected party did not properly respond after a period of time, or established connection failed because connected host has failed to respond (Connection: mysql, SQL: select * from `users` where `email` = nobody@example.com and `users`.`deleted_at` is null limit 1) at D:/DiskFiles/Projects/Web/upwork_Invoice_Ninja/reception-par-type/vendor/laravel/framework/src/Illuminate/Database/Connection.php:825)
[stacktrace]
#0 D:/DiskFiles/Projects/Web/upwork_Invoice_Ninja/reception-par-type/vendor/laravel/framework/src/Illuminate/Database/Connection.php(979): Illuminate/Database/Connection->runQueryCallback()
#1 D:/DiskFiles/Projects/Web/upwork_Invoice_Ninja/reception-par-type/vendor/laravel/framework/src/Illuminate/Database/Connection.php(958): Illuminate/Database/Connection->tryAgainIfCausedByLostConnection()
#2 D:/DiskFiles/Projects/Web/upwork_Invoice_Ninja/reception-par-type/vendor/laravel/framework/src/Illuminate/Database/Connection.php(781): Illuminate/Database/Connection->handleQueryException()
#3 D:/DiskFiles/Projects/Web/upwork_Invoice_Ninja/reception-par-type/vendor/laravel/framework/src/Illuminate/Database/Connection.php(398): Illuminate/Database/Connection->run()
#4 D:/DiskFiles/Projects/Web/upwork_Invoice_Ninja/reception-par-type/vendor/laravel/framework/src/Illuminate/Database/Query/Builder.php(3106): Illuminate/Database/Connection->select()
#5 D:/DiskFiles/Projects/Web/upwork_Invoice_Ninja/reception-par-type/vendor/laravel/framework/src/Illuminate/Database/Query/Builder.php(3091): Illuminate/Database/Query/Builder->runSelect()
#6 D:/DiskFiles/Projects/Web/upwork_Invoice_Ninja/reception-par-type/vendor/laravel/framework/src/Illuminate/Database/Query/Builder.php(3676): Illuminate/Database/Query/Builder->Illuminate/Database/Query/{closure}()
#7 D:/DiskFiles/Projects/Web/upwork_Invoice_Ninja/reception-par-type/vendor/laravel/framework/src/Illuminate/Database/Query/Builder.php(3090): Illuminate/Database/Query/Builder->onceWithColumns()
#8 D:/DiskFiles/Projects/Web/upwork_Invoice_Ninja/reception-par-type/vendor/laravel/framework/src/Illuminate/Database/Eloquent/Builder.php(811): Illuminate/Database/Query/Builder->get()
#9 D:/DiskFiles/Projects/Web/upwork_Invoice_Ninja/reception-par-type/vendor/laravel/framework/src/Illuminate/Database/Eloquent/Builder.php(793): Illuminate/Database/Eloquent/Builder->getModels()
#10 D:/DiskFiles/Projects/Web/upwork_Invoice_Ninja/reception-par-type/vendor/laravel/framework/src/Illuminate/Database/Concerns/BuildsQueries.php(343): Illuminate/Database/Eloquent/Builder->get()
#11 D:/DiskFiles/Projects/Web/upwork_Invoice_Ninja/reception-par-type/vendor/laravel/framework/src/Illuminate/Auth/EloquentUserProvider.php(139): Illuminate/Database/Eloquent/Builder->first()
#12 D:/DiskFiles/Projects/Web/upwork_Invoice_Ninja/reception-par-type/vendor/laravel/framework/src/Illuminate/Auth/SessionGuard.php(415): Illuminate/Auth/EloquentUserProvider->retrieveByCredentials()
#13 D:/DiskFiles/Projects/Web/upwork_Invoice_Ninja/reception-par-type/vendor/laravel/framework/src/Illuminate/Support/Timebox.php(34): Illuminate/Auth/SessionGuard->Illuminate/Auth/{closure}()
#14 D:/DiskFiles/Projects/Web/upwork_Invoice_Ninja/reception-par-type/vendor/laravel/framework/src/Illuminate/Auth/SessionGuard.php(412): Illuminate/Support/Timebox->call()
#15 D:/DiskFiles/Projects/Web/upwork_Invoice_Ninja/reception-par-type/vendor/laravel/framework/src/Illuminate/Auth/AuthManager.php(340): Illuminate/Auth/SessionGuard->attempt()
#16 D:/DiskFiles/Projects/Web/upwork_Invoice_Ninja/reception-par-type/vendor/laravel/framework/src/Illuminate/Support/Facades/Facade.php(361): Illuminate/Auth/AuthManager->__call()
#17 D:/DiskFiles/Projects/Web/upwork_Invoice_Ninja/reception-par-type/app/Http/Controllers/Auth/LoginController.php(31): Illuminate/Support/Facades/Facade::__callStatic()
#18 D:/DiskFiles/Projects/Web/upwork_Invoice_Ninja/reception-par-type/vendor/laravel/framework/src/Illuminate/Routing/Controller.php(54): App/Http/Controllers/Auth/LoginController->login()
#19 D:/DiskFiles/Projects/Web/upwork_Invoice_Ninja/reception-par-type/vendor/laravel/framework/src/Illuminate/Routing/ControllerDispatcher.php(44): Illuminate/Routing/Controller->callAction()
#20 D:/DiskFiles/Projects/Web/upwork_Invoice_Ninja/reception-par-type/vendor/laravel/framework/src/Illuminate/Routing/Route.php(266): Illuminate/Routing/ControllerDispatcher->dispatch()
#21 D:/DiskFiles/Projects/Web/upwork_Invoice_Ninja/reception-par-type/vendor/laravel/framework/src/Illuminate/Routing/Route.php(212): Illuminate/Routing/Route->runController()
#22 D:/DiskFiles/Projects/Web/upwork_Invoice_Ninja/reception-par-type/vendor/laravel/framework/src/Illuminate/Routing/Router.php(808): Illuminate/Routing/Route->run()
#23 D:/DiskFiles/Projects/Web/upwork_Invoice_Ninja/reception-par-type/vendor/laravel/framework/src/Illuminate/Pipeline/Pipeline.php(170): Illuminate/Routing/Router->Illuminate/Routing/{closure}()
#24 D:/DiskFiles/Projects/Web/upwork_Invoice_Ninja/reception-par-type/app/Http/Middleware/SetLocale.php(87): Illuminate/Pipeline/Pipeline->Illuminate/Pipeline/{closure}()
#25 D:/DiskFiles/Projects/Web/upwork_Invoice_Ninja/reception-par-type/vendor/laravel/framework/src/Illuminate/Pipeline/Pipeline.php(209): App/Http/Middleware/SetLocale->handle()
#26 D:/DiskFiles/Projects/Web/upwork_Invoice_Ninja/reception-par-type/app/Http/Middleware/TrackAffiliate.php(45): Illuminate/Pipeline/Pipeline->Illuminate/Pipeline/{closure}()
#27 D:/DiskFiles/Projects/Web/upwork_Invoice_Ninja/reception-par-type/vendor/laravel/framework/src/Illuminate/Pipeline/Pipeline.php(209): App/Http/Middleware/TrackAffiliate->handle()
#28 D:/DiskFiles/Projects/Web/upwork_Invoice_Ninja/reception-par-type/vendor/laravel/framework/src/Illuminate/Routing/Middleware/SubstituteBindings.php(51): Illuminate/Pipeline/Pipeline->Illuminate/Pipeline/{closure}()
#29 D:/DiskFiles/Projects/Web/upwork_Invoice_Ninja/reception-par-type/vendor/laravel/framework/src/Illuminate/Pipeline/Pipeline.php(209): Illuminate/Routing/Middleware/SubstituteBindings->handle()
#30 D:/DiskFiles/Projects/Web/upwork_Invoice_Ninja/reception-par-type/vendor/laravel/framework/src/Illuminate/Foundation/Http/Middleware/VerifyCsrfToken.php(88): Illuminate/Pipeline/Pipeline->Illuminate/Pipeline/{closure}()
#31 D:/DiskFiles/Projects/Web/upwork_Invoice_Ninja/reception-par-type/vendor/laravel/framework/src/Illuminate/Pipeline/Pipeline.php(209): Illuminate/Foundation/Http/Middleware/VerifyCsrfToken->handle()
#32 D:/DiskFiles/Projects/Web/upwork_Invoice_Ninja/reception-par-type/vendor/laravel/framework/src/Illuminate/View/Middleware/ShareErrorsFromSession.php(49): Illuminate/Pipeline/Pipeline->Illuminate/Pipeline/{closure}()
#33 D:/DiskFiles/Projects/Web/upwork_Invoice_Ninja/reception-par-type/vendor/laravel/framework/src/Illuminate/Pipeline/Pipeline.php(209): Illuminate/View/Middleware/ShareErrorsFromSession->handle()
#34 D:/DiskFiles/Projects/Web/upwork_Invoice_Ninja/reception-par-type/vendor/laravel/framework/src/Illuminate/Session/Middleware/StartSession.php(121): Illuminate/Pipeline/Pipeline->Illuminate/Pipeline/{closure}()
#35 D:/DiskFiles/Projects/Web/upwork_Invoice_Ninja/reception-par-type/vendor/laravel/framework/src/Illuminate/Session/Middleware/StartSession.php(64): Illuminate/Session/Middleware/StartSession->handleStatefulRequest()
#36 D:/DiskFiles/Projects/Web/upwork_Invoice_Ninja/reception-par-type/vendor/laravel/framework/src/Illuminate/Pipeline/Pipeline.php(209): Illuminate/Session/Middleware/StartSession->handle()
#37 D:/DiskFiles/Projects/Web/upwork_Invoice_Ninja/reception-par-type/vendor/laravel/framework/src/Illuminate/Cookie/Middleware/AddQueuedCookiesToResponse.php(37): Illuminate/Pipeline/Pipeline->Illuminate/Pipeline/{closure}()
#38 D:/DiskFiles/Projects/Web/upwork_Invoice_Ninja/reception-par-type/vendor/laravel/framework/src/Illuminate/Pipeline/Pipeline.php(209): Illuminate/Cookie/Middleware/AddQueuedCookiesToResponse->handle()
#39 D:/DiskFiles/Projects/Web/upwork_Invoice_Ninja/reception-par-type/vendor/laravel/framework/src/Illuminate/Cookie/Middleware/EncryptCookies.php(75): Illuminate/Pipeline/Pipeline->Illuminate/Pipeline/{closure}()
#40 D:/DiskFiles/Projects/Web/upwork_Invoice_Ninja/reception-par-type/vendor/laravel/framework/src/Illuminate/Pipeline/Pipeline.php(209): Illuminate/Cookie/Middleware/EncryptCookies->handle()
#41 D:/DiskFiles/Projects/Web/upwork_Invoice_Ninja/reception-par-type/vendor/laravel/framework/src/Illuminate/Pipeline/Pipeline.php(127): Illuminate/Pipeline/Pipeline->Illuminate/Pipeline/{closure}()
#42 D:/DiskFiles/Projects/Web/upwork_Invoice_Ninja/reception-par-type/vendor/laravel/framework/src/Illuminate/Routing/Router.php(807): Illuminate/Pipeline/Pipeline->then()
#43 D:/DiskFiles/Projects/Web/upwork_Invoice_Ninja/reception-par-type/vendor/laravel/framework/src/Illuminate/Routing/Router.php(786): Illuminate/Routing/Router->runRouteWithinStack()
#44 D:/DiskFiles/Projects/Web/upwork_Invoice_Ninja/reception-par-type/vendor/laravel/framework/src/Illuminate/Routing/Router.php(750): Illuminate/Routing/Router->runRoute()
#45 D:/DiskFiles/Projects/Web/upwork_Invoice_Ninja/reception-par-type/vendor/laravel/framework/src/Illuminate/Routing/Router.php(739): Illuminate/Routing/Router->dispatchToRoute()
#46 D:/DiskFiles/Projects/Web/upwork_Invoice_Ninja/reception-par-type/vendor/laravel/framework/src/Illuminate/Foundation/Http/Kernel.php(201): Illuminate/Routing/Router->dispatch()
#47 D:/DiskFiles/Projects/Web/upwork_Invoice_Ninja/reception-par-type/vendor/laravel/framework/src/Illuminate/Pipeline/Pipeline.php(170): Illuminate/Foundation/Http/Kernel->Illuminate/Foundation/Http/{closure}()
#48 D:/DiskFiles/Projects/Web/upwork_Invoice_Ninja/reception-par-type/vendor/laravel/framework/src/Illuminate/Foundation/Http/Middleware/TransformsRequest.php(21): Illuminate/Pipeline/Pipeline->Illuminate/Pipeline/{closure}()
#49 D:/DiskFiles/Projects/Web/upwork_Invoice_Ninja/reception-par-type/vendor/laravel/framework/src/Illuminate/Foundation/Http/Middleware/ConvertEmptyStringsToNull.php(31): Illuminate/Foundation/Http/Middleware/TransformsRequest->handle()
#50 D:/DiskFiles/Projects/Web/upwork_Invoice_Ninja/reception-par-type/vendor/laravel/framework/src/Illuminate/Pipeline/Pipeline.php(209): Illuminate/Foundation/Http/Middleware/ConvertEmptyStringsToNull->handle()
#51 D:/DiskFiles/Projects/Web/upwork_Invoice_Ninja/reception-par-type/vendor/laravel/framework/src/Illuminate/Foundation/Http/Middleware/TransformsRequest.php(21): Illuminate/Pipeline/Pipeline->Illuminate/Pipeline/{closure}()
#52 D:/DiskFiles/Projects/Web/upwork_Invoice_Ninja/reception-par-type/vendor/laravel/framework/src/Illuminate/Foundation/Http/Middleware/TrimStrings.php(51): Illuminate/Foundation/Http/Middleware/TransformsRequest->handle()
#53 D:/DiskFiles/Projects/Web/upwork_Invoice_Ninja/reception-par-type/vendor/laravel/framework/src/Illuminate/Pipeline/Pipeline.php(209): Illuminate/Foundation/Http/Middleware/TrimStrings->handle()
#54 D:/DiskFiles/Projects/Web/upwork_Invoice_Ninja/reception-par-type/vendor/laravel/framework/src/Illuminate/Http/Middleware/ValidatePostSize.php(27): Illuminate/Pipeline/Pipeline->Illuminate/Pipeline/{closure}()
#55 D:/DiskFiles/Projects/Web/upwork_Invoice_Ninja/reception-par-type/vendor/laravel/framework/src/Illuminate/Pipeline/Pipeline.php(209): Illuminate/Http/Middleware/ValidatePostSize->handle()
#56 D:/DiskFiles/Projects/Web/upwork_Invoice_Ninja/reception-par-type/vendor/laravel/framework/src/Illuminate/Foundation/Http/Middleware/PreventRequestsDuringMaintenance.php(110): Illuminate/Pipeline/Pipeline->Illuminate/Pipeline/{closure}()
#57 D:/DiskFiles/Projects/Web/upwork_Invoice_Ninja/reception-par-type/vendor/laravel/framework/src/Illuminate/Pipeline/Pipeline.php(209): Illuminate/Foundation/Http/Middleware/PreventRequestsDuringMaintenance->handle()
#58 D:/DiskFiles/Projects/Web/upwork_Invoice_Ninja/reception-par-type/vendor/laravel/framework/src/Illuminate/Http/Middleware/HandleCors.php(49): Illuminate/Pipeline/Pipeline->Illuminate/Pipeline/{closure}()
#59 D:/DiskFiles/Projects/Web/upwork_Invoice_Ninja/reception-par-type/vendor/laravel/framework/src/Illuminate/Pipeline/Pipeline.php(209): Illuminate/Http/Middleware/HandleCors->handle()
#60 D:/DiskFiles/Projects/Web/upwork_Invoice_Ninja/reception-par-type/vendor/laravel/framework/src/Illuminate/Http/Middleware/TrustProxies.php(58): Illuminate/Pipeline/Pipeline->Illuminate/Pipeline/{closure}()
#61 D:/DiskFiles/Projects/Web/upwork_Invoice_Ninja/reception-par-type/vendor/laravel/framework/src/Illuminate/Pipeline/Pipeline.php(209): Illuminate/Http/Middleware/TrustProxies->handle()
#62 D:/DiskFiles/Projects/Web/upwork_Invoice_Ninja/reception-par-type/vendor/laravel/framework/src/Illuminate/Foundation/Http/Middleware/InvokeDeferredCallbacks.php(22): Illuminate/Pipeline/Pipeline->Illuminate/Pipeline/{closure}()
#63 D:/DiskFiles/Projects/Web/upwork_Invoice_Ninja/reception-par-type/vendor/laravel/framework/src/Illuminate/Pipeline/Pipeline.php(209): Illuminate/Foundation/Http/Middleware/InvokeDeferredCallbacks->handle()
#64 D:/DiskFiles/Projects/Web/upwork_Invoice_Ninja/reception-par-type/vendor/laravel/framework/src/Illuminate/Pipeline/Pipeline.php(127): Illuminate/Pipeline/Pipeline->Illuminate/Pipeline/{closure}()
#65 D:/DiskFiles/Projects/Web/upwork_Invoice_Ninja/reception-par-type/vendor/laravel/framework/src/Illuminate/Foundation/Http/Kernel.php(176): Illuminate/Pipeline/Pipeline->then()
#66 D:/DiskFiles/Projects/Web/upwork_Invoice_Ninja/reception-par-type/vendor/laravel/framework/src/Illuminate/Foundation/Http/Kernel.php(145): Illuminate/Foundation/Http/Kernel->sendRequestThroughRouter()
#67 D:/DiskFiles/Projects/Web/upwork_Invoice_Ninja/reception-par-type/vendor/laravel/framework/src/Illuminate/Foundation/Application.php(1220): Illuminate/Foundation/Http/Kernel->handle()
#68 D:/DiskFiles/Projects/Web/upwork_Invoice_Ninja/reception-par-type/public/index.php(18): Illuminate/Foundation/Application->handleRequest()
#69 D:/DiskFiles/Projects/Web/upwork_Invoice_Ninja/reception-par-type/vendor/laravel/framework/src/Illuminate/Foundation/resources/server.php(23): require_once('...')
#70 {main}

[previous exception] [object] (PDOException(code: 2002): SQLSTATE[HY000] [2002] A connection attempt failed because the connected party did not properly respond after a period of time, or established connection failed because connected host has failed to respond at D:/DiskFiles/Projects/Web/upwork_Invoice_Ninja/reception-par-type/vendor/laravel/framework/src/Illuminate/Database/Connectors/Connector.php:66)
[stacktrace]
#0 D:/DiskFiles/Projects/Web/upwork_Invoice_Ninja/reception-par-type/vendor/laravel/framework/src/Illuminate/Database/Connectors/Connector.php(66): PDO->__construct()
#1 D:/DiskFiles/Projects/Web/upwork_Invoice_Ninja/reception-par-type/vendor/laravel/framework/src/Illuminate/Database/Connectors/Connector.php(85): Illuminate/Database/Connectors/Connector->createPdoConnection()
#2 D:/DiskFiles/Projects/Web/upwork_Invoice_Ninja/reception-par-type/vendor/laravel/framework/src/Illuminate/Database/Connectors/Connector.php(48): Illuminate/Database/Connectors/Connector->tryAgainIfCausedByLostConnection()
#3 D:/DiskFiles/Projects/Web/upwork_Invoice_Ninja/reception-par-type/vendor/laravel/framework/src/Illuminate/Database/Connectors/MySqlConnector.php(24): Illuminate/Database/Connectors/Connector->createConnection()
#4 D:/DiskFiles/Projects/Web/upwork_Invoice_Ninja/reception-par-type/vendor/laravel/framework/src/Illuminate/Database/Connectors/ConnectionFactory.php(185): Illuminate/Database/Connectors/MySqlConnector->connect()
#5 [internal function]: Illuminate/Database/Connectors/ConnectionFactory->Illuminate/Database/Connectors/{closure}()
#6 D:/DiskFiles/Projects/Web/upwork_Invoice_Ninja/reception-par-type/vendor/laravel/framework/src/Illuminate/Database/Connection.php(1231): call_user_func()
#7 D:/DiskFiles/Projects/Web/upwork_Invoice_Ninja/reception-par-type/vendor/laravel/framework/src/Illuminate/Database/Connection.php(1267): Illuminate/Database/Connection->getPdo()
#8 D:/DiskFiles/Projects/Web/upwork_Invoice_Ninja/reception-par-type/vendor/laravel/framework/src/Illuminate/Database/Connection.php(512): Illuminate/Database/Connection->getReadPdo()
#9 D:/DiskFiles/Projects/Web/upwork_Invoice_Ninja/reception-par-type/vendor/laravel/framework/src/Illuminate/Database/Connection.php(407): Illuminate/Database/Connection->getPdoForSelect()
#10 D:/DiskFiles/Projects/Web/upwork_Invoice_Ninja/reception-par-type/vendor/laravel/framework/src/Illuminate/Database/Connection.php(812): Illuminate/Database/Connection->Illuminate/Database/{closure}()
#11 D:/DiskFiles/Projects/Web/upwork_Invoice_Ninja/reception-par-type/vendor/laravel/framework/src/Illuminate/Database/Connection.php(979): Illuminate/Database/Connection->runQueryCallback()
#12 D:/DiskFiles/Projects/Web/upwork_Invoice_Ninja/reception-par-type/vendor/laravel/framework/src/Illuminate/Database/Connection.php(958): Illuminate/Database/Connection->tryAgainIfCausedByLostConnection()
#13 D:/DiskFiles/Projects/Web/upwork_Invoice_Ninja/reception-par-type/vendor/laravel/framework/src/Illuminate/Database/Connection.php(781): Illuminate/Database/Connection->handleQueryException()
#14 D:/DiskFiles/Projects/Web/upwork_Invoice_Ninja/reception-par-type/vendor/laravel/framework/src/Illuminate/Database/Connection.php(398): Illuminate/Database/Connection->run()
#15 D:/DiskFiles/Projects/Web/upwork_Invoice_Ninja/reception-par-type/vendor/laravel/framework/src/Illuminate/Database/Query/Builder.php(3106): Illuminate/Database/Connection->select()
#16 D:/DiskFiles/Projects/Web/upwork_Invoice_Ninja/reception-par-type/vendor/laravel/framework/src/Illuminate/Database/Query/Builder.php(3091): Illuminate/Database/Query/Builder->runSelect()
#17 D:/DiskFiles/Projects/Web/upwork_Invoice_Ninja/reception-par-type/vendor/laravel/framework/src/Illuminate/Database/Query/Builder.php(3676): Illuminate/Database/Query/Builder->Illuminate/Database/Query/{closure}()
#18 D:/DiskFiles/Projects/Web/upwork_Invoice_Ninja/reception-par-type/vendor/laravel/framework/src/Illuminate/Database/Query/Builder.php(3090): Illuminate/Database/Query/Builder->onceWithColumns()
#19 D:/DiskFiles/Projects/Web/upwork_Invoice_Ninja/reception-par-type/vendor/laravel/framework/src/Illuminate/Database/Eloquent/Builder.php(811): Illuminate/Database/Query/Builder->get()
#20 D:/DiskFiles/Projects/Web/upwork_Invoice_Ninja/reception-par-type/vendor/laravel/framework/src/Illuminate/Database/Eloquent/Builder.php(793): Illuminate/Database/Eloquent/Builder->getModels()
#21 D:/DiskFiles/Projects/Web/upwork_Invoice_Ninja/reception-par-type/vendor/laravel/framework/src/Illuminate/Database/Concerns/BuildsQueries.php(343): Illuminate/Database/Eloquent/Builder->get()
#22 D:/DiskFiles/Projects/Web/upwork_Invoice_Ninja/reception-par-type/vendor/laravel/framework/src/Illuminate/Auth/EloquentUserProvider.php(139): Illuminate/Database/Eloquent/Builder->first()
#23 D:/DiskFiles/Projects/Web/upwork_Invoice_Ninja/reception-par-type/vendor/laravel/framework/src/Illuminate/Auth/SessionGuard.php(415): Illuminate/Auth/EloquentUserProvider->retrieveByCredentials()
#24 D:/DiskFiles/Projects/Web/upwork_Invoice_Ninja/reception-par-type/vendor/laravel/framework/src/Illuminate/Support/Timebox.php(34): Illuminate/Auth/SessionGuard->Illuminate/Auth/{closure}()
#25 D:/DiskFiles/Projects/Web/upwork_Invoice_Ninja/reception-par-type/vendor/laravel/framework/src/Illuminate/Auth/SessionGuard.php(412): Illuminate/Support/Timebox->call()
#26 D:/DiskFiles/Projects/Web/upwork_Invoice_Ninja/reception-par-type/vendor/laravel/framework/src/Illuminate/Auth/AuthManager.php(340): Illuminate/Auth/SessionGuard->attempt()
#27 D:/DiskFiles/Projects/Web/upwork_Invoice_Ninja/reception-par-type/vendor/laravel/framework/src/Illuminate/Support/Facades/Facade.php(361): Illuminate/Auth/AuthManager->__call()
#28 D:/DiskFiles/Projects/Web/upwork_Invoice_Ninja/reception-par-type/app/Http/Controllers/Auth/LoginController.php(31): Illuminate/Support/Facades/Facade::__callStatic()
#29 D:/DiskFiles/Projects/Web/upwork_Invoice_Ninja/reception-par-type/vendor/laravel/framework/src/Illuminate/Routing/Controller.php(54): App/Http/Controllers/Auth/LoginController->login()
#30 D:/DiskFiles/Projects/Web/upwork_Invoice_Ninja/reception-par-type/vendor/laravel/framework/src/Illuminate/Routing/ControllerDispatcher.php(44): Illuminate/Routing/Controller->callAction()
#31 D:/DiskFiles/Projects/Web/upwork_Invoice_Ninja/reception-par-type/vendor/laravel/framework/src/Illuminate/Routing/Route.php(266): Illuminate/Routing/ControllerDispatcher->dispatch()
#32 D:/DiskFiles/Projects/Web/upwork_Invoice_Ninja/reception-par-type/vendor/laravel/framework/src/Illuminate/Routing/Route.php(212): Illuminate/Routing/Route->runController()
#33 D:/DiskFiles/Projects/Web/upwork_Invoice_Ninja/reception-par-type/vendor/laravel/framework/src/Illuminate/Routing/Router.php(808): Illuminate/Routing/Route->run()
#34 D:/DiskFiles/Projects/Web/upwork_Invoice_Ninja/reception-par-type/vendor/laravel/framework/src/Illuminate/Pipeline/Pipeline.php(170): Illuminate/Routing/Router->Illuminate/Routing/{closure}()
#35 D:/DiskFiles/Projects/Web/upwork_Invoice_Ninja/reception-par-type/app/Http/Middleware/SetLocale.php(87): Illuminate/Pipeline/Pipeline->Illuminate/Pipeline/{closure}()
#36 D:/DiskFiles/Projects/Web/upwork_Invoice_Ninja/reception-par-type/vendor/laravel/framework/src/Illuminate/Pipeline/Pipeline.php(209): App/Http/Middleware/SetLocale->handle()
#37 D:/DiskFiles/Projects/Web/upwork_Invoice_Ninja/reception-par-type/app/Http/Middleware/TrackAffiliate.php(45): Illuminate/Pipeline/Pipeline->Illuminate/Pipeline/{closure}()
#38 D:/DiskFiles/Projects/Web/upwork_Invoice_Ninja/reception-par-type/vendor/laravel/framework/src/Illuminate/Pipeline/Pipeline.php(209): App/Http/Middleware/TrackAffiliate->handle()
#39 D:/DiskFiles/Projects/Web/upwork_Invoice_Ninja/reception-par-type/vendor/laravel/framework/src/Illuminate/Routing/Middleware/SubstituteBindings.php(51): Illuminate/Pipeline/Pipeline->Illuminate/Pipeline/{closure}()
#40 D:/DiskFiles/Projects/Web/upwork_Invoice_Ninja/reception-par-type/vendor/laravel/framework/src/Illuminate/Pipeline/Pipeline.php(209): Illuminate/Routing/Middleware/SubstituteBindings->handle()
#41 D:/DiskFiles/Projects/Web/upwork_Invoice_Ninja/reception-par-type/vendor/laravel/framework/src/Illuminate/Foundation/Http/Middleware/VerifyCsrfToken.php(88): Illuminate/Pipeline/Pipeline->Illuminate/Pipeline/{closure}()
#42 D:/DiskFiles/Projects/Web/upwork_Invoice_Ninja/reception-par-type/vendor/laravel/framework/src/Illuminate/Pipeline/Pipeline.php(209): Illuminate/Foundation/Http/Middleware/VerifyCsrfToken->handle()
#43 D:/DiskFiles/Projects/Web/upwork_Invoice_Ninja/reception-par-type/vendor/laravel/framework/src/Illuminate/View/Middleware/ShareErrorsFromSession.php(49): Illuminate/Pipeline/Pipeline->Illuminate/Pipeline/{closure}()
#44 D:/DiskFiles/Projects/Web/upwork_Invoice_Ninja/reception-par-type/vendor/laravel/framework/src/Illuminate/Pipeline/Pipeline.php(209): Illuminate/View/Middleware/ShareErrorsFromSession->handle()
#45 D:/DiskFiles/Projects/Web/upwork_Invoice_Ninja/reception-par-type/vendor/laravel/framework/src/Illuminate/Session/Middleware/StartSession.php(121): Illuminate/Pipeline/Pipeline->Illuminate/Pipeline/{closure}()
#46 D:/DiskFiles/Projects/Web/upwork_Invoice_Ninja/reception-par-type/vendor/laravel/framework/src/Illuminate/Session/Middleware/StartSession.php(64): Illuminate/Session/Middleware/StartSession->handleStatefulRequest()
#47 D:/DiskFiles/Projects/Web/upwork_Invoice_Ninja/reception-par-type/vendor/laravel/framework/src/Illuminate/Pipeline/Pipeline.php(209): Illuminate/Session/Middleware/StartSession->handle()
#48 D:/DiskFiles/Projects/Web/upwork_Invoice_Ninja/reception-par-type/vendor/laravel/framework/src/Illuminate/Cookie/Middleware/AddQueuedCookiesToResponse.php(37): Illuminate/Pipeline/Pipeline->Illuminate/Pipeline/{closure}()
#49 D:/DiskFiles/Projects/Web/upwork_Invoice_Ninja/reception-par-type/vendor/laravel/framework/src/Illuminate/Pipeline/Pipeline.php(209): Illuminate/Cookie/Middleware/AddQueuedCookiesToResponse->handle()
#50 D:/DiskFiles/Projects/Web/upwork_Invoice_Ninja/reception-par-type/vendor/laravel/framework/src/Illuminate/Cookie/Middleware/EncryptCookies.php(75): Illuminate/Pipeline/Pipeline->Illuminate/Pipeline/{closure}()
#51 D:/DiskFiles/Projects/Web/upwork_Invoice_Ninja/reception-par-type/vendor/laravel/framework/src/Illuminate/Pipeline/Pipeline.php(209): Illuminate/Cookie/Middleware/EncryptCookies->handle()
#52 D:/DiskFiles/Projects/Web/upwork_Invoice_Ninja/reception-par-type/vendor/laravel/framework/src/Illuminate/Pipeline/Pipeline.php(127): Illuminate/Pipeline/Pipeline->Illuminate/Pipeline/{closure}()
#53 D:/DiskFiles/Projects/Web/upwork_Invoice_Ninja/reception-par-type/vendor/laravel/framework/src/Illuminate/Routing/Router.php(807): Illuminate/Pipeline/Pipeline->then()
#54 D:/DiskFiles/Projects/Web/upwork_Invoice_Ninja/reception-par-type/vendor/laravel/framework/src/Illuminate/Routing/Router.php(786): Illuminate/Routing/Router->runRouteWithinStack()
#55 D:/DiskFiles/Projects/Web/upwork_Invoice_Ninja/reception-par-type/vendor/laravel/framework/src/Illuminate/Routing/Router.php(750): Illuminate/Routing/Router->runRoute()
#56 D:/DiskFiles/Projects/Web/upwork_Invoice_Ninja/reception-par-type/vendor/laravel/framework/src/Illuminate/Routing/Router.php(739): Illuminate/Routing/Router->dispatchToRoute()
#57 D:/DiskFiles/Projects/Web/upwork_Invoice_Ninja/reception-par-type/vendor/laravel/framework/src/Illuminate/Foundation/Http/Kernel.php(201): Illuminate/Routing/Router->dispatch()
#58 D:/DiskFiles/Projects/Web/upwork_Invoice_Ninja/reception-par-type/vendor/laravel/framework/src/Illuminate/Pipeline/Pipeline.php(170): Illuminate/Foundation/Http/Kernel->Illuminate/Foundation/Http/{closure}()
#59 D:/DiskFiles/Projects/Web/upwork_Invoice_Ninja/reception-par-type/vendor/laravel/framework/src/Illuminate/Foundation/Http/Middleware/TransformsRequest.php(21): Illuminate/Pipeline/Pipeline->Illuminate/Pipeline/{closure}()
#60 D:/DiskFiles/Projects/Web/upwork_Invoice_Ninja/reception-par-type/vendor/laravel/framework/src/Illuminate/Foundation/Http/Middleware/ConvertEmptyStringsToNull.php(31): Illuminate/Foundation/Http/Middleware/TransformsRequest->handle()
#61 D:/DiskFiles/Projects/Web/upwork_Invoice_Ninja/reception-par-type/vendor/laravel/framework/src/Illuminate/Pipeline/Pipeline.php(209): Illuminate/Foundation/Http/Middleware/ConvertEmptyStringsToNull->handle()
#62 D:/DiskFiles/Projects/Web/upwork_Invoice_Ninja/reception-par-type/vendor/laravel/framework/src/Illuminate/Foundation/Http/Middleware/TransformsRequest.php(21): Illuminate/Pipeline/Pipeline->Illuminate/Pipeline/{closure}()
#63 D:/DiskFiles/Projects/Web/upwork_Invoice_Ninja/reception-par-type/vendor/laravel/framework/src/Illuminate/Foundation/Http/Middleware/TrimStrings.php(51): Illuminate/Foundation/Http/Middleware/TransformsRequest->handle()
#64 D:/DiskFiles/Projects/Web/upwork_Invoice_Ninja/reception-par-type/vendor/laravel/framework/src/Illuminate/Pipeline/Pipeline.php(209): Illuminate/Foundation/Http/Middleware/TrimStrings->handle()
#65 D:/DiskFiles/Projects/Web/upwork_Invoice_Ninja/reception-par-type/vendor/laravel/framework/src/Illuminate/Http/Middleware/ValidatePostSize.php(27): Illuminate/Pipeline/Pipeline->Illuminate/Pipeline/{closure}()
#66 D:/DiskFiles/Projects/Web/upwork_Invoice_Ninja/reception-par-type/vendor/laravel/framework/src/Illuminate/Pipeline/Pipeline.php(209): Illuminate/Http/Middleware/ValidatePostSize->handle()
#67 D:/DiskFiles/Projects/Web/upwork_Invoice_Ninja/reception-par-type/vendor/laravel/framework/src/Illuminate/Foundation/Http/Middleware/PreventRequestsDuringMaintenance.php(110): Illuminate/Pipeline/Pipeline->Illuminate/Pipeline/{closure}()
#68 D:/DiskFiles/Projects/Web/upwork_Invoice_Ninja/reception-par-type/vendor/laravel/framework/src/Illuminate/Pipeline/Pipeline.php(209): Illuminate/Foundation/Http/Middleware/PreventRequestsDuringMaintenance->handle()
#69 D:/DiskFiles/Projects/Web/upwork_Invoice_Ninja/reception-par-type/vendor/laravel/framework/src/Illuminate/Http/Middleware/HandleCors.php(49): Illuminate/Pipeline/Pipeline->Illuminate/Pipeline/{closure}()
#70 D:/DiskFiles/Projects/Web/upwork_Invoice_Ninja/reception-par-type/vendor/laravel/framework/src/Illuminate/Pipeline/Pipeline.php(209): Illuminate/Http/Middleware/HandleCors->handle()
#71 D:/DiskFiles/Projects/Web/upwork_Invoice_Ninja/reception-par-type/vendor/laravel/framework/src/Illuminate/Http/Middleware/TrustProxies.php(58): Illuminate/Pipeline/Pipeline->Illuminate/Pipeline/{closure}()
#72 D:/DiskFiles/Projects/Web/upwork_Invoice_Ninja/reception-par-type/vendor/laravel/framework/src/Illuminate/Pipeline/Pipeline.php(209): Illuminate/Http/Middleware/TrustProxies->handle()
#73 D:/DiskFiles/Projects/Web/upwork_Invoice_Ninja/reception-par-type/vendor/laravel/framework/src/Illuminate/Foundation/Http/Middleware/InvokeDeferredCallbacks.php(22): Illuminate/Pipeline/Pipeline->Illuminate/Pipeline/{closure}()
#74 D:/DiskFiles/Projects/Web/upwork_Invoice_Ninja/reception-par-type/vendor/laravel/framework/src/Illuminate/Pipeline/Pipeline.php(209): Illuminate/Foundation/Http/Middleware/InvokeDeferredCallbacks->handle()
#75 D:/DiskFiles/Projects/Web/upwork_Invoice_Ninja/reception-par-type/vendor/laravel/framework/src/Illuminate/Pipeline/Pipeline.php(127): Illuminate/Pipeline/Pipeline->Illuminate/Pipeline/{closure}()
#76 D:/DiskFiles/Projects/Web/upwork_Invoice_Ninja/reception-par-type/vendor/laravel/framework/src/Illuminate/Foundation/Http/Kernel.php(176): Illuminate/Pipeline/Pipeline->then()
#77 D:/DiskFiles/Projects/Web/upwork_Invoice_Ninja/reception-par-type/vendor/laravel/framework/src/Illuminate/Foundation/Http/Kernel.php(145): Illuminate/Foundation/Http/Kernel->sendRequestThroughRouter()
#78 D:/DiskFiles/Projects/Web/upwork_Invoice_Ninja/reception-par-type/vendor/laravel/framework/src/Illuminate/Foundation/Application.php(1220): Illuminate/Foundation/Http/Kernel->handle()
#79 D:/DiskFiles/Projects/Web/upwork_Invoice_Ninja/reception-par-type/public/index.php(18): Illuminate/Foundation/Application->handleRequest()
#80 D:/DiskFiles/Projects/Web/upwork_Invoice_Ninja/reception-par-type/vendor/laravel/framework/src/Illuminate/Foundation/resources/server.php(23): require_once('...')
#81 {main}
"} 
[2026-06-24 14:10:04] production.ERROR: SQLSTATE[HY000] [2002] A connection attempt failed because the connected party did not properly respond after a period of time, or established connection failed because connected host has failed to respond (Connection: mysql, SQL: select * from `users` where `email` = admin@reception-par-type.ch and `users`.`deleted_at` is null limit 1) {"exception":"[object] (Illuminate\\Database\\QueryException(code: 2002): SQLSTATE[HY000] [2002] A connection attempt failed because the connected party did not properly respond after a period of time, or established connection failed because connected host has failed to respond (Connection: mysql, SQL: select * from `users` where `email` = admin@reception-par-type.ch and `users`.`deleted_at` is null limit 1) at D:/DiskFiles/Projects/Web/upwork_Invoice_Ninja/reception-par-type/vendor/laravel/framework/src/Illuminate/Database/Connection.php:825)
[stacktrace]
#0 D:/DiskFiles/Projects/Web/upwork_Invoice_Ninja/reception-par-type/vendor/laravel/framework/src/Illuminate/Database/Connection.php(979): Illuminate/Database/Connection->runQueryCallback()
#1 D:/DiskFiles/Projects/Web/upwork_Invoice_Ninja/reception-par-type/vendor/laravel/framework/src/Illuminate/Database/Connection.php(958): Illuminate/Database/Connection->tryAgainIfCausedByLostConnection()
#2 D:/DiskFiles/Projects/Web/upwork_Invoice_Ninja/reception-par-type/vendor/laravel/framework/src/Illuminate/Database/Connection.php(781): Illuminate/Database/Connection->handleQueryException()
#3 D:/DiskFiles/Projects/Web/upwork_Invoice_Ninja/reception-par-type/vendor/laravel/framework/src/Illuminate/Database/Connection.php(398): Illuminate/Database/Connection->run()
#4 D:/DiskFiles/Projects/Web/upwork_Invoice_Ninja/reception-par-type/vendor/laravel/framework/src/Illuminate/Database/Query/Builder.php(3106): Illuminate/Database/Connection->select()
#5 D:/DiskFiles/Projects/Web/upwork_Invoice_Ninja/reception-par-type/vendor/laravel/framework/src/Illuminate/Database/Query/Builder.php(3091): Illuminate/Database/Query/Builder->runSelect()
#6 D:/DiskFiles/Projects/Web/upwork_Invoice_Ninja/reception-par-type/vendor/laravel/framework/src/Illuminate/Database/Query/Builder.php(3676): Illuminate/Database/Query/Builder->Illuminate/Database/Query/{closure}()
#7 D:/DiskFiles/Projects/Web/upwork_Invoice_Ninja/reception-par-type/vendor/laravel/framework/src/Illuminate/Database/Query/Builder.php(3090): Illuminate/Database/Query/Builder->onceWithColumns()
#8 D:/DiskFiles/Projects/Web/upwork_Invoice_Ninja/reception-par-type/vendor/laravel/framework/src/Illuminate/Database/Eloquent/Builder.php(811): Illuminate/Database/Query/Builder->get()
#9 D:/DiskFiles/Projects/Web/upwork_Invoice_Ninja/reception-par-type/vendor/laravel/framework/src/Illuminate/Database/Eloquent/Builder.php(793): Illuminate/Database/Eloquent/Builder->getModels()
#10 D:/DiskFiles/Projects/Web/upwork_Invoice_Ninja/reception-par-type/vendor/laravel/framework/src/Illuminate/Database/Concerns/BuildsQueries.php(343): Illuminate/Database/Eloquent/Builder->get()
#11 D:/DiskFiles/Projects/Web/upwork_Invoice_Ninja/reception-par-type/vendor/laravel/framework/src/Illuminate/Auth/EloquentUserProvider.php(139): Illuminate/Database/Eloquent/Builder->first()
#12 D:/DiskFiles/Projects/Web/upwork_Invoice_Ninja/reception-par-type/vendor/laravel/framework/src/Illuminate/Auth/SessionGuard.php(415): Illuminate/Auth/EloquentUserProvider->retrieveByCredentials()
#13 D:/DiskFiles/Projects/Web/upwork_Invoice_Ninja/reception-par-type/vendor/laravel/framework/src/Illuminate/Support/Timebox.php(34): Illuminate/Auth/SessionGuard->Illuminate/Auth/{closure}()
#14 D:/DiskFiles/Projects/Web/upwork_Invoice_Ninja/reception-par-type/vendor/laravel/framework/src/Illuminate/Auth/SessionGuard.php(412): Illuminate/Support/Timebox->call()
#15 D:/DiskFiles/Projects/Web/upwork_Invoice_Ninja/reception-par-type/vendor/laravel/framework/src/Illuminate/Auth/AuthManager.php(340): Illuminate/Auth/SessionGuard->attempt()
#16 D:/DiskFiles/Projects/Web/upwork_Invoice_Ninja/reception-par-type/vendor/laravel/framework/src/Illuminate/Support/Facades/Facade.php(361): Illuminate/Auth/AuthManager->__call()
#17 D:/DiskFiles/Projects/Web/upwork_Invoice_Ninja/reception-par-type/app/Http/Controllers/Auth/LoginController.php(31): Illuminate/Support/Facades/Facade::__callStatic()
#18 D:/DiskFiles/Projects/Web/upwork_Invoice_Ninja/reception-par-type/vendor/laravel/framework/src/Illuminate/Routing/Controller.php(54): App/Http/Controllers/Auth/LoginController->login()
#19 D:/DiskFiles/Projects/Web/upwork_Invoice_Ninja/reception-par-type/vendor/laravel/framework/src/Illuminate/Routing/ControllerDispatcher.php(44): Illuminate/Routing/Controller->callAction()
#20 D:/DiskFiles/Projects/Web/upwork_Invoice_Ninja/reception-par-type/vendor/laravel/framework/src/Illuminate/Routing/Route.php(266): Illuminate/Routing/ControllerDispatcher->dispatch()
#21 D:/DiskFiles/Projects/Web/upwork_Invoice_Ninja/reception-par-type/vendor/laravel/framework/src/Illuminate/Routing/Route.php(212): Illuminate/Routing/Route->runController()
#22 D:/DiskFiles/Projects/Web/upwork_Invoice_Ninja/reception-par-type/vendor/laravel/framework/src/Illuminate/Routing/Router.php(808): Illuminate/Routing/Route->run()
#23 D:/DiskFiles/Projects/Web/upwork_Invoice_Ninja/reception-par-type/vendor/laravel/framework/src/Illuminate/Pipeline/Pipeline.php(170): Illuminate/Routing/Router->Illuminate/Routing/{closure}()
#24 D:/DiskFiles/Projects/Web/upwork_Invoice_Ninja/reception-par-type/app/Http/Middleware/SetLocale.php(87): Illuminate/Pipeline/Pipeline->Illuminate/Pipeline/{closure}()
#25 D:/DiskFiles/Projects/Web/upwork_Invoice_Ninja/reception-par-type/vendor/laravel/framework/src/Illuminate/Pipeline/Pipeline.php(209): App/Http/Middleware/SetLocale->handle()
#26 D:/DiskFiles/Projects/Web/upwork_Invoice_Ninja/reception-par-type/app/Http/Middleware/TrackAffiliate.php(45): Illuminate/Pipeline/Pipeline->Illuminate/Pipeline/{closure}()
#27 D:/DiskFiles/Projects/Web/upwork_Invoice_Ninja/reception-par-type/vendor/laravel/framework/src/Illuminate/Pipeline/Pipeline.php(209): App/Http/Middleware/TrackAffiliate->handle()
#28 D:/DiskFiles/Projects/Web/upwork_Invoice_Ninja/reception-par-type/vendor/laravel/framework/src/Illuminate/Routing/Middleware/SubstituteBindings.php(51): Illuminate/Pipeline/Pipeline->Illuminate/Pipeline/{closure}()
#29 D:/DiskFiles/Projects/Web/upwork_Invoice_Ninja/reception-par-type/vendor/laravel/framework/src/Illuminate/Pipeline/Pipeline.php(209): Illuminate/Routing/Middleware/SubstituteBindings->handle()
#30 D:/DiskFiles/Projects/Web/upwork_Invoice_Ninja/reception-par-type/vendor/laravel/framework/src/Illuminate/Foundation/Http/Middleware/VerifyCsrfToken.php(88): Illuminate/Pipeline/Pipeline->Illuminate/Pipeline/{closure}()
#31 D:/DiskFiles/Projects/Web/upwork_Invoice_Ninja/reception-par-type/vendor/laravel/framework/src/Illuminate/Pipeline/Pipeline.php(209): Illuminate/Foundation/Http/Middleware/VerifyCsrfToken->handle()
#32 D:/DiskFiles/Projects/Web/upwork_Invoice_Ninja/reception-par-type/vendor/laravel/framework/src/Illuminate/View/Middleware/ShareErrorsFromSession.php(49): Illuminate/Pipeline/Pipeline->Illuminate/Pipeline/{closure}()
#33 D:/DiskFiles/Projects/Web/upwork_Invoice_Ninja/reception-par-type/vendor/laravel/framework/src/Illuminate/Pipeline/Pipeline.php(209): Illuminate/View/Middleware/ShareErrorsFromSession->handle()
#34 D:/DiskFiles/Projects/Web/upwork_Invoice_Ninja/reception-par-type/vendor/laravel/framework/src/Illuminate/Session/Middleware/StartSession.php(121): Illuminate/Pipeline/Pipeline->Illuminate/Pipeline/{closure}()
#35 D:/DiskFiles/Projects/Web/upwork_Invoice_Ninja/reception-par-type/vendor/laravel/framework/src/Illuminate/Session/Middleware/StartSession.php(64): Illuminate/Session/Middleware/StartSession->handleStatefulRequest()
#36 D:/DiskFiles/Projects/Web/upwork_Invoice_Ninja/reception-par-type/vendor/laravel/framework/src/Illuminate/Pipeline/Pipeline.php(209): Illuminate/Session/Middleware/StartSession->handle()
#37 D:/DiskFiles/Projects/Web/upwork_Invoice_Ninja/reception-par-type/vendor/laravel/framework/src/Illuminate/Cookie/Middleware/AddQueuedCookiesToResponse.php(37): Illuminate/Pipeline/Pipeline->Illuminate/Pipeline/{closure}()
#38 D:/DiskFiles/Projects/Web/upwork_Invoice_Ninja/reception-par-type/vendor/laravel/framework/src/Illuminate/Pipeline/Pipeline.php(209): Illuminate/Cookie/Middleware/AddQueuedCookiesToResponse->handle()
#39 D:/DiskFiles/Projects/Web/upwork_Invoice_Ninja/reception-par-type/vendor/laravel/framework/src/Illuminate/Cookie/Middleware/EncryptCookies.php(75): Illuminate/Pipeline/Pipeline->Illuminate/Pipeline/{closure}()
#40 D:/DiskFiles/Projects/Web/upwork_Invoice_Ninja/reception-par-type/vendor/laravel/framework/src/Illuminate/Pipeline/Pipeline.php(209): Illuminate/Cookie/Middleware/EncryptCookies->handle()
#41 D:/DiskFiles/Projects/Web/upwork_Invoice_Ninja/reception-par-type/vendor/laravel/framework/src/Illuminate/Pipeline/Pipeline.php(127): Illuminate/Pipeline/Pipeline->Illuminate/Pipeline/{closure}()
#42 D:/DiskFiles/Projects/Web/upwork_Invoice_Ninja/reception-par-type/vendor/laravel/framework/src/Illuminate/Routing/Router.php(807): Illuminate/Pipeline/Pipeline->then()
#43 D:/DiskFiles/Projects/Web/upwork_Invoice_Ninja/reception-par-type/vendor/laravel/framework/src/Illuminate/Routing/Router.php(786): Illuminate/Routing/Router->runRouteWithinStack()
#44 D:/DiskFiles/Projects/Web/upwork_Invoice_Ninja/reception-par-type/vendor/laravel/framework/src/Illuminate/Routing/Router.php(750): Illuminate/Routing/Router->runRoute()
#45 D:/DiskFiles/Projects/Web/upwork_Invoice_Ninja/reception-par-type/vendor/laravel/framework/src/Illuminate/Routing/Router.php(739): Illuminate/Routing/Router->dispatchToRoute()
#46 D:/DiskFiles/Projects/Web/upwork_Invoice_Ninja/reception-par-type/vendor/laravel/framework/src/Illuminate/Foundation/Http/Kernel.php(201): Illuminate/Routing/Router->dispatch()
#47 D:/DiskFiles/Projects/Web/upwork_Invoice_Ninja/reception-par-type/vendor/laravel/framework/src/Illuminate/Pipeline/Pipeline.php(170): Illuminate/Foundation/Http/Kernel->Illuminate/Foundation/Http/{closure}()
#48 D:/DiskFiles/Projects/Web/upwork_Invoice_Ninja/reception-par-type/vendor/laravel/framework/src/Illuminate/Foundation/Http/Middleware/TransformsRequest.php(21): Illuminate/Pipeline/Pipeline->Illuminate/Pipeline/{closure}()
#49 D:/DiskFiles/Projects/Web/upwork_Invoice_Ninja/reception-par-type/vendor/laravel/framework/src/Illuminate/Foundation/Http/Middleware/ConvertEmptyStringsToNull.php(31): Illuminate/Foundation/Http/Middleware/TransformsRequest->handle()
#50 D:/DiskFiles/Projects/Web/upwork_Invoice_Ninja/reception-par-type/vendor/laravel/framework/src/Illuminate/Pipeline/Pipeline.php(209): Illuminate/Foundation/Http/Middleware/ConvertEmptyStringsToNull->handle()
#51 D:/DiskFiles/Projects/Web/upwork_Invoice_Ninja/reception-par-type/vendor/laravel/framework/src/Illuminate/Foundation/Http/Middleware/TransformsRequest.php(21): Illuminate/Pipeline/Pipeline->Illuminate/Pipeline/{closure}()
#52 D:/DiskFiles/Projects/Web/upwork_Invoice_Ninja/reception-par-type/vendor/laravel/framework/src/Illuminate/Foundation/Http/Middleware/TrimStrings.php(51): Illuminate/Foundation/Http/Middleware/TransformsRequest->handle()
#53 D:/DiskFiles/Projects/Web/upwork_Invoice_Ninja/reception-par-type/vendor/laravel/framework/src/Illuminate/Pipeline/Pipeline.php(209): Illuminate/Foundation/Http/Middleware/TrimStrings->handle()
#54 D:/DiskFiles/Projects/Web/upwork_Invoice_Ninja/reception-par-type/vendor/laravel/framework/src/Illuminate/Http/Middleware/ValidatePostSize.php(27): Illuminate/Pipeline/Pipeline->Illuminate/Pipeline/{closure}()
#55 D:/DiskFiles/Projects/Web/upwork_Invoice_Ninja/reception-par-type/vendor/laravel/framework/src/Illuminate/Pipeline/Pipeline.php(209): Illuminate/Http/Middleware/ValidatePostSize->handle()
#56 D:/DiskFiles/Projects/Web/upwork_Invoice_Ninja/reception-par-type/vendor/laravel/framework/src/Illuminate/Foundation/Http/Middleware/PreventRequestsDuringMaintenance.php(110): Illuminate/Pipeline/Pipeline->Illuminate/Pipeline/{closure}()
#57 D:/DiskFiles/Projects/Web/upwork_Invoice_Ninja/reception-par-type/vendor/laravel/framework/src/Illuminate/Pipeline/Pipeline.php(209): Illuminate/Foundation/Http/Middleware/PreventRequestsDuringMaintenance->handle()
#58 D:/DiskFiles/Projects/Web/upwork_Invoice_Ninja/reception-par-type/vendor/laravel/framework/src/Illuminate/Http/Middleware/HandleCors.php(49): Illuminate/Pipeline/Pipeline->Illuminate/Pipeline/{closure}()
#59 D:/DiskFiles/Projects/Web/upwork_Invoice_Ninja/reception-par-type/vendor/laravel/framework/src/Illuminate/Pipeline/Pipeline.php(209): Illuminate/Http/Middleware/HandleCors->handle()
#60 D:/DiskFiles/Projects/Web/upwork_Invoice_Ninja/reception-par-type/vendor/laravel/framework/src/Illuminate/Http/Middleware/TrustProxies.php(58): Illuminate/Pipeline/Pipeline->Illuminate/Pipeline/{closure}()
#61 D:/DiskFiles/Projects/Web/upwork_Invoice_Ninja/reception-par-type/vendor/laravel/framework/src/Illuminate/Pipeline/Pipeline.php(209): Illuminate/Http/Middleware/TrustProxies->handle()
#62 D:/DiskFiles/Projects/Web/upwork_Invoice_Ninja/reception-par-type/vendor/laravel/framework/src/Illuminate/Foundation/Http/Middleware/InvokeDeferredCallbacks.php(22): Illuminate/Pipeline/Pipeline->Illuminate/Pipeline/{closure}()
#63 D:/DiskFiles/Projects/Web/upwork_Invoice_Ninja/reception-par-type/vendor/laravel/framework/src/Illuminate/Pipeline/Pipeline.php(209): Illuminate/Foundation/Http/Middleware/InvokeDeferredCallbacks->handle()
#64 D:/DiskFiles/Projects/Web/upwork_Invoice_Ninja/reception-par-type/vendor/laravel/framework/src/Illuminate/Pipeline/Pipeline.php(127): Illuminate/Pipeline/Pipeline->Illuminate/Pipeline/{closure}()
#65 D:/DiskFiles/Projects/Web/upwork_Invoice_Ninja/reception-par-type/vendor/laravel/framework/src/Illuminate/Foundation/Http/Kernel.php(176): Illuminate/Pipeline/Pipeline->then()
#66 D:/DiskFiles/Projects/Web/upwork_Invoice_Ninja/reception-par-type/vendor/laravel/framework/src/Illuminate/Foundation/Http/Kernel.php(145): Illuminate/Foundation/Http/Kernel->sendRequestThroughRouter()
#67 D:/DiskFiles/Projects/Web/upwork_Invoice_Ninja/reception-par-type/vendor/laravel/framework/src/Illuminate/Foundation/Application.php(1220): Illuminate/Foundation/Http/Kernel->handle()
#68 D:/DiskFiles/Projects/Web/upwork_Invoice_Ninja/reception-par-type/public/index.php(18): Illuminate/Foundation/Application->handleRequest()
#69 D:/DiskFiles/Projects/Web/upwork_Invoice_Ninja/reception-par-type/vendor/laravel/framework/src/Illuminate/Foundation/resources/server.php(23): require_once('...')
#70 {main}

[previous exception] [object] (PDOException(code: 2002): SQLSTATE[HY000] [2002] A connection attempt failed because the connected party did not properly respond after a period of time, or established connection failed because connected host has failed to respond at D:/DiskFiles/Projects/Web/upwork_Invoice_Ninja/reception-par-type/vendor/laravel/framework/src/Illuminate/Database/Connectors/Connector.php:66)
[stacktrace]
#0 D:/DiskFiles/Projects/Web/upwork_Invoice_Ninja/reception-par-type/vendor/laravel/framework/src/Illuminate/Database/Connectors/Connector.php(66): PDO->__construct()
#1 D:/DiskFiles/Projects/Web/upwork_Invoice_Ninja/reception-par-type/vendor/laravel/framework/src/Illuminate/Database/Connectors/Connector.php(85): Illuminate/Database/Connectors/Connector->createPdoConnection()
#2 D:/DiskFiles/Projects/Web/upwork_Invoice_Ninja/reception-par-type/vendor/laravel/framework/src/Illuminate/Database/Connectors/Connector.php(48): Illuminate/Database/Connectors/Connector->tryAgainIfCausedByLostConnection()
#3 D:/DiskFiles/Projects/Web/upwork_Invoice_Ninja/reception-par-type/vendor/laravel/framework/src/Illuminate/Database/Connectors/MySqlConnector.php(24): Illuminate/Database/Connectors/Connector->createConnection()
#4 D:/DiskFiles/Projects/Web/upwork_Invoice_Ninja/reception-par-type/vendor/laravel/framework/src/Illuminate/Database/Connectors/ConnectionFactory.php(185): Illuminate/Database/Connectors/MySqlConnector->connect()
#5 [internal function]: Illuminate/Database/Connectors/ConnectionFactory->Illuminate/Database/Connectors/{closure}()
#6 D:/DiskFiles/Projects/Web/upwork_Invoice_Ninja/reception-par-type/vendor/laravel/framework/src/Illuminate/Database/Connection.php(1231): call_user_func()
#7 D:/DiskFiles/Projects/Web/upwork_Invoice_Ninja/reception-par-type/vendor/laravel/framework/src/Illuminate/Database/Connection.php(1267): Illuminate/Database/Connection->getPdo()
#8 D:/DiskFiles/Projects/Web/upwork_Invoice_Ninja/reception-par-type/vendor/laravel/framework/src/Illuminate/Database/Connection.php(512): Illuminate/Database/Connection->getReadPdo()
#9 D:/DiskFiles/Projects/Web/upwork_Invoice_Ninja/reception-par-type/vendor/laravel/framework/src/Illuminate/Database/Connection.php(407): Illuminate/Database/Connection->getPdoForSelect()
#10 D:/DiskFiles/Projects/Web/upwork_Invoice_Ninja/reception-par-type/vendor/laravel/framework/src/Illuminate/Database/Connection.php(812): Illuminate/Database/Connection->Illuminate/Database/{closure}()
#11 D:/DiskFiles/Projects/Web/upwork_Invoice_Ninja/reception-par-type/vendor/laravel/framework/src/Illuminate/Database/Connection.php(979): Illuminate/Database/Connection->runQueryCallback()
#12 D:/DiskFiles/Projects/Web/upwork_Invoice_Ninja/reception-par-type/vendor/laravel/framework/src/Illuminate/Database/Connection.php(958): Illuminate/Database/Connection->tryAgainIfCausedByLostConnection()
#13 D:/DiskFiles/Projects/Web/upwork_Invoice_Ninja/reception-par-type/vendor/laravel/framework/src/Illuminate/Database/Connection.php(781): Illuminate/Database/Connection->handleQueryException()
#14 D:/DiskFiles/Projects/Web/upwork_Invoice_Ninja/reception-par-type/vendor/laravel/framework/src/Illuminate/Database/Connection.php(398): Illuminate/Database/Connection->run()
#15 D:/DiskFiles/Projects/Web/upwork_Invoice_Ninja/reception-par-type/vendor/laravel/framework/src/Illuminate/Database/Query/Builder.php(3106): Illuminate/Database/Connection->select()
#16 D:/DiskFiles/Projects/Web/upwork_Invoice_Ninja/reception-par-type/vendor/laravel/framework/src/Illuminate/Database/Query/Builder.php(3091): Illuminate/Database/Query/Builder->runSelect()
#17 D:/DiskFiles/Projects/Web/upwork_Invoice_Ninja/reception-par-type/vendor/laravel/framework/src/Illuminate/Database/Query/Builder.php(3676): Illuminate/Database/Query/Builder->Illuminate/Database/Query/{closure}()
#18 D:/DiskFiles/Projects/Web/upwork_Invoice_Ninja/reception-par-type/vendor/laravel/framework/src/Illuminate/Database/Query/Builder.php(3090): Illuminate/Database/Query/Builder->onceWithColumns()
#19 D:/DiskFiles/Projects/Web/upwork_Invoice_Ninja/reception-par-type/vendor/laravel/framework/src/Illuminate/Database/Eloquent/Builder.php(811): Illuminate/Database/Query/Builder->get()
#20 D:/DiskFiles/Projects/Web/upwork_Invoice_Ninja/reception-par-type/vendor/laravel/framework/src/Illuminate/Database/Eloquent/Builder.php(793): Illuminate/Database/Eloquent/Builder->getModels()
#21 D:/DiskFiles/Projects/Web/upwork_Invoice_Ninja/reception-par-type/vendor/laravel/framework/src/Illuminate/Database/Concerns/BuildsQueries.php(343): Illuminate/Database/Eloquent/Builder->get()
#22 D:/DiskFiles/Projects/Web/upwork_Invoice_Ninja/reception-par-type/vendor/laravel/framework/src/Illuminate/Auth/EloquentUserProvider.php(139): Illuminate/Database/Eloquent/Builder->first()
#23 D:/DiskFiles/Projects/Web/upwork_Invoice_Ninja/reception-par-type/vendor/laravel/framework/src/Illuminate/Auth/SessionGuard.php(415): Illuminate/Auth/EloquentUserProvider->retrieveByCredentials()
#24 D:/DiskFiles/Projects/Web/upwork_Invoice_Ninja/reception-par-type/vendor/laravel/framework/src/Illuminate/Support/Timebox.php(34): Illuminate/Auth/SessionGuard->Illuminate/Auth/{closure}()
#25 D:/DiskFiles/Projects/Web/upwork_Invoice_Ninja/reception-par-type/vendor/laravel/framework/src/Illuminate/Auth/SessionGuard.php(412): Illuminate/Support/Timebox->call()
#26 D:/DiskFiles/Projects/Web/upwork_Invoice_Ninja/reception-par-type/vendor/laravel/framework/src/Illuminate/Auth/AuthManager.php(340): Illuminate/Auth/SessionGuard->attempt()
#27 D:/DiskFiles/Projects/Web/upwork_Invoice_Ninja/reception-par-type/vendor/laravel/framework/src/Illuminate/Support/Facades/Facade.php(361): Illuminate/Auth/AuthManager->__call()
#28 D:/DiskFiles/Projects/Web/upwork_Invoice_Ninja/reception-par-type/app/Http/Controllers/Auth/LoginController.php(31): Illuminate/Support/Facades/Facade::__callStatic()
#29 D:/DiskFiles/Projects/Web/upwork_Invoice_Ninja/reception-par-type/vendor/laravel/framework/src/Illuminate/Routing/Controller.php(54): App/Http/Controllers/Auth/LoginController->login()
#30 D:/DiskFiles/Projects/Web/upwork_Invoice_Ninja/reception-par-type/vendor/laravel/framework/src/Illuminate/Routing/ControllerDispatcher.php(44): Illuminate/Routing/Controller->callAction()
#31 D:/DiskFiles/Projects/Web/upwork_Invoice_Ninja/reception-par-type/vendor/laravel/framework/src/Illuminate/Routing/Route.php(266): Illuminate/Routing/ControllerDispatcher->dispatch()
#32 D:/DiskFiles/Projects/Web/upwork_Invoice_Ninja/reception-par-type/vendor/laravel/framework/src/Illuminate/Routing/Route.php(212): Illuminate/Routing/Route->runController()
#33 D:/DiskFiles/Projects/Web/upwork_Invoice_Ninja/reception-par-type/vendor/laravel/framework/src/Illuminate/Routing/Router.php(808): Illuminate/Routing/Route->run()
#34 D:/DiskFiles/Projects/Web/upwork_Invoice_Ninja/reception-par-type/vendor/laravel/framework/src/Illuminate/Pipeline/Pipeline.php(170): Illuminate/Routing/Router->Illuminate/Routing/{closure}()
#35 D:/DiskFiles/Projects/Web/upwork_Invoice_Ninja/reception-par-type/app/Http/Middleware/SetLocale.php(87): Illuminate/Pipeline/Pipeline->Illuminate/Pipeline/{closure}()
#36 D:/DiskFiles/Projects/Web/upwork_Invoice_Ninja/reception-par-type/vendor/laravel/framework/src/Illuminate/Pipeline/Pipeline.php(209): App/Http/Middleware/SetLocale->handle()
#37 D:/DiskFiles/Projects/Web/upwork_Invoice_Ninja/reception-par-type/app/Http/Middleware/TrackAffiliate.php(45): Illuminate/Pipeline/Pipeline->Illuminate/Pipeline/{closure}()
#38 D:/DiskFiles/Projects/Web/upwork_Invoice_Ninja/reception-par-type/vendor/laravel/framework/src/Illuminate/Pipeline/Pipeline.php(209): App/Http/Middleware/TrackAffiliate->handle()
#39 D:/DiskFiles/Projects/Web/upwork_Invoice_Ninja/reception-par-type/vendor/laravel/framework/src/Illuminate/Routing/Middleware/SubstituteBindings.php(51): Illuminate/Pipeline/Pipeline->Illuminate/Pipeline/{closure}()
#40 D:/DiskFiles/Projects/Web/upwork_Invoice_Ninja/reception-par-type/vendor/laravel/framework/src/Illuminate/Pipeline/Pipeline.php(209): Illuminate/Routing/Middleware/SubstituteBindings->handle()
#41 D:/DiskFiles/Projects/Web/upwork_Invoice_Ninja/reception-par-type/vendor/laravel/framework/src/Illuminate/Foundation/Http/Middleware/VerifyCsrfToken.php(88): Illuminate/Pipeline/Pipeline->Illuminate/Pipeline/{closure}()
#42 D:/DiskFiles/Projects/Web/upwork_Invoice_Ninja/reception-par-type/vendor/laravel/framework/src/Illuminate/Pipeline/Pipeline.php(209): Illuminate/Foundation/Http/Middleware/VerifyCsrfToken->handle()
#43 D:/DiskFiles/Projects/Web/upwork_Invoice_Ninja/reception-par-type/vendor/laravel/framework/src/Illuminate/View/Middleware/ShareErrorsFromSession.php(49): Illuminate/Pipeline/Pipeline->Illuminate/Pipeline/{closure}()
#44 D:/DiskFiles/Projects/Web/upwork_Invoice_Ninja/reception-par-type/vendor/laravel/framework/src/Illuminate/Pipeline/Pipeline.php(209): Illuminate/View/Middleware/ShareErrorsFromSession->handle()
#45 D:/DiskFiles/Projects/Web/upwork_Invoice_Ninja/reception-par-type/vendor/laravel/framework/src/Illuminate/Session/Middleware/StartSession.php(121): Illuminate/Pipeline/Pipeline->Illuminate/Pipeline/{closure}()
#46 D:/DiskFiles/Projects/Web/upwork_Invoice_Ninja/reception-par-type/vendor/laravel/framework/src/Illuminate/Session/Middleware/StartSession.php(64): Illuminate/Session/Middleware/StartSession->handleStatefulRequest()
#47 D:/DiskFiles/Projects/Web/upwork_Invoice_Ninja/reception-par-type/vendor/laravel/framework/src/Illuminate/Pipeline/Pipeline.php(209): Illuminate/Session/Middleware/StartSession->handle()
#48 D:/DiskFiles/Projects/Web/upwork_Invoice_Ninja/reception-par-type/vendor/laravel/framework/src/Illuminate/Cookie/Middleware/AddQueuedCookiesToResponse.php(37): Illuminate/Pipeline/Pipeline->Illuminate/Pipeline/{closure}()
#49 D:/DiskFiles/Projects/Web/upwork_Invoice_Ninja/reception-par-type/vendor/laravel/framework/src/Illuminate/Pipeline/Pipeline.php(209): Illuminate/Cookie/Middleware/AddQueuedCookiesToResponse->handle()
#50 D:/DiskFiles/Projects/Web/upwork_Invoice_Ninja/reception-par-type/vendor/laravel/framework/src/Illuminate/Cookie/Middleware/EncryptCookies.php(75): Illuminate/Pipeline/Pipeline->Illuminate/Pipeline/{closure}()
#51 D:/DiskFiles/Projects/Web/upwork_Invoice_Ninja/reception-par-type/vendor/laravel/framework/src/Illuminate/Pipeline/Pipeline.php(209): Illuminate/Cookie/Middleware/EncryptCookies->handle()
#52 D:/DiskFiles/Projects/Web/upwork_Invoice_Ninja/reception-par-type/vendor/laravel/framework/src/Illuminate/Pipeline/Pipeline.php(127): Illuminate/Pipeline/Pipeline->Illuminate/Pipeline/{closure}()
#53 D:/DiskFiles/Projects/Web/upwork_Invoice_Ninja/reception-par-type/vendor/laravel/framework/src/Illuminate/Routing/Router.php(807): Illuminate/Pipeline/Pipeline->then()
#54 D:/DiskFiles/Projects/Web/upwork_Invoice_Ninja/reception-par-type/vendor/laravel/framework/src/Illuminate/Routing/Router.php(786): Illuminate/Routing/Router->runRouteWithinStack()
#55 D:/DiskFiles/Projects/Web/upwork_Invoice_Ninja/reception-par-type/vendor/laravel/framework/src/Illuminate/Routing/Router.php(750): Illuminate/Routing/Router->runRoute()
#56 D:/DiskFiles/Projects/Web/upwork_Invoice_Ninja/reception-par-type/vendor/laravel/framework/src/Illuminate/Routing/Router.php(739): Illuminate/Routing/Router->dispatchToRoute()
#57 D:/DiskFiles/Projects/Web/upwork_Invoice_Ninja/reception-par-type/vendor/laravel/framework/src/Illuminate/Foundation/Http/Kernel.php(201): Illuminate/Routing/Router->dispatch()
#58 D:/DiskFiles/Projects/Web/upwork_Invoice_Ninja/reception-par-type/vendor/laravel/framework/src/Illuminate/Pipeline/Pipeline.php(170): Illuminate/Foundation/Http/Kernel->Illuminate/Foundation/Http/{closure}()
#59 D:/DiskFiles/Projects/Web/upwork_Invoice_Ninja/reception-par-type/vendor/laravel/framework/src/Illuminate/Foundation/Http/Middleware/TransformsRequest.php(21): Illuminate/Pipeline/Pipeline->Illuminate/Pipeline/{closure}()
#60 D:/DiskFiles/Projects/Web/upwork_Invoice_Ninja/reception-par-type/vendor/laravel/framework/src/Illuminate/Foundation/Http/Middleware/ConvertEmptyStringsToNull.php(31): Illuminate/Foundation/Http/Middleware/TransformsRequest->handle()
#61 D:/DiskFiles/Projects/Web/upwork_Invoice_Ninja/reception-par-type/vendor/laravel/framework/src/Illuminate/Pipeline/Pipeline.php(209): Illuminate/Foundation/Http/Middleware/ConvertEmptyStringsToNull->handle()
#62 D:/DiskFiles/Projects/Web/upwork_Invoice_Ninja/reception-par-type/vendor/laravel/framework/src/Illuminate/Foundation/Http/Middleware/TransformsRequest.php(21): Illuminate/Pipeline/Pipeline->Illuminate/Pipeline/{closure}()
#63 D:/DiskFiles/Projects/Web/upwork_Invoice_Ninja/reception-par-type/vendor/laravel/framework/src/Illuminate/Foundation/Http/Middleware/TrimStrings.php(51): Illuminate/Foundation/Http/Middleware/TransformsRequest->handle()
#64 D:/DiskFiles/Projects/Web/upwork_Invoice_Ninja/reception-par-type/vendor/laravel/framework/src/Illuminate/Pipeline/Pipeline.php(209): Illuminate/Foundation/Http/Middleware/TrimStrings->handle()
#65 D:/DiskFiles/Projects/Web/upwork_Invoice_Ninja/reception-par-type/vendor/laravel/framework/src/Illuminate/Http/Middleware/ValidatePostSize.php(27): Illuminate/Pipeline/Pipeline->Illuminate/Pipeline/{closure}()
#66 D:/DiskFiles/Projects/Web/upwork_Invoice_Ninja/reception-par-type/vendor/laravel/framework/src/Illuminate/Pipeline/Pipeline.php(209): Illuminate/Http/Middleware/ValidatePostSize->handle()
#67 D:/DiskFiles/Projects/Web/upwork_Invoice_Ninja/reception-par-type/vendor/laravel/framework/src/Illuminate/Foundation/Http/Middleware/PreventRequestsDuringMaintenance.php(110): Illuminate/Pipeline/Pipeline->Illuminate/Pipeline/{closure}()
#68 D:/DiskFiles/Projects/Web/upwork_Invoice_Ninja/reception-par-type/vendor/laravel/framework/src/Illuminate/Pipeline/Pipeline.php(209): Illuminate/Foundation/Http/Middleware/PreventRequestsDuringMaintenance->handle()
#69 D:/DiskFiles/Projects/Web/upwork_Invoice_Ninja/reception-par-type/vendor/laravel/framework/src/Illuminate/Http/Middleware/HandleCors.php(49): Illuminate/Pipeline/Pipeline->Illuminate/Pipeline/{closure}()
#70 D:/DiskFiles/Projects/Web/upwork_Invoice_Ninja/reception-par-type/vendor/laravel/framework/src/Illuminate/Pipeline/Pipeline.php(209): Illuminate/Http/Middleware/HandleCors->handle()
#71 D:/DiskFiles/Projects/Web/upwork_Invoice_Ninja/reception-par-type/vendor/laravel/framework/src/Illuminate/Http/Middleware/TrustProxies.php(58): Illuminate/Pipeline/Pipeline->Illuminate/Pipeline/{closure}()
#72 D:/DiskFiles/Projects/Web/upwork_Invoice_Ninja/reception-par-type/vendor/laravel/framework/src/Illuminate/Pipeline/Pipeline.php(209): Illuminate/Http/Middleware/TrustProxies->handle()
#73 D:/DiskFiles/Projects/Web/upwork_Invoice_Ninja/reception-par-type/vendor/laravel/framework/src/Illuminate/Foundation/Http/Middleware/InvokeDeferredCallbacks.php(22): Illuminate/Pipeline/Pipeline->Illuminate/Pipeline/{closure}()
#74 D:/DiskFiles/Projects/Web/upwork_Invoice_Ninja/reception-par-type/vendor/laravel/framework/src/Illuminate/Pipeline/Pipeline.php(209): Illuminate/Foundation/Http/Middleware/InvokeDeferredCallbacks->handle()
#75 D:/DiskFiles/Projects/Web/upwork_Invoice_Ninja/reception-par-type/vendor/laravel/framework/src/Illuminate/Pipeline/Pipeline.php(127): Illuminate/Pipeline/Pipeline->Illuminate/Pipeline/{closure}()
#76 D:/DiskFiles/Projects/Web/upwork_Invoice_Ninja/reception-par-type/vendor/laravel/framework/src/Illuminate/Foundation/Http/Kernel.php(176): Illuminate/Pipeline/Pipeline->then()
#77 D:/DiskFiles/Projects/Web/upwork_Invoice_Ninja/reception-par-type/vendor/laravel/framework/src/Illuminate/Foundation/Http/Kernel.php(145): Illuminate/Foundation/Http/Kernel->sendRequestThroughRouter()
#78 D:/DiskFiles/Projects/Web/upwork_Invoice_Ninja/reception-par-type/vendor/laravel/framework/src/Illuminate/Foundation/Application.php(1220): Illuminate/Foundation/Http/Kernel->handle()
#79 D:/DiskFiles/Projects/Web/upwork_Invoice_Ninja/reception-par-type/public/index.php(18): Illuminate/Foundation/Application->handleRequest()
#80 D:/DiskFiles/Projects/Web/upwork_Invoice_Ninja/reception-par-type/vendor/laravel/framework/src/Illuminate/Foundation/resources/server.php(23): require_once('...')
#81 {main}
"} 
[2026-06-24 14:10:37] production.ERROR: SQLSTATE[HY000] [2002] A connection attempt failed because the connected party did not properly respond after a period of time, or established connection failed because connected host has failed to respond (Connection: mysql, SQL: select * from `users` where `email` = admin@reception-par-type.ch and `users`.`deleted_at` is null limit 1) {"exception":"[object] (Illuminate\\Database\\QueryException(code: 2002): SQLSTATE[HY000] [2002] A connection attempt failed because the connected party did not properly respond after a period of time, or established connection failed because connected host has failed to respond (Connection: mysql, SQL: select * from `users` where `email` = admin@reception-par-type.ch and `users`.`deleted_at` is null limit 1) at D:/DiskFiles/Projects/Web/upwork_Invoice_Ninja/reception-par-type/vendor/laravel/framework/src/Illuminate/Database/Connection.php:825)
[stacktrace]
#0 D:/DiskFiles/Projects/Web/upwork_Invoice_Ninja/reception-par-type/vendor/laravel/framework/src/Illuminate/Database/Connection.php(979): Illuminate/Database/Connection->runQueryCallback()
#1 D:/DiskFiles/Projects/Web/upwork_Invoice_Ninja/reception-par-type/vendor/laravel/framework/src/Illuminate/Database/Connection.php(958): Illuminate/Database/Connection->tryAgainIfCausedByLostConnection()
#2 D:/DiskFiles/Projects/Web/upwork_Invoice_Ninja/reception-par-type/vendor/laravel/framework/src/Illuminate/Database/Connection.php(781): Illuminate/Database/Connection->handleQueryException()
#3 D:/DiskFiles/Projects/Web/upwork_Invoice_Ninja/reception-par-type/vendor/laravel/framework/src/Illuminate/Database/Connection.php(398): Illuminate/Database/Connection->run()
#4 D:/DiskFiles/Projects/Web/upwork_Invoice_Ninja/reception-par-type/vendor/laravel/framework/src/Illuminate/Database/Query/Builder.php(3106): Illuminate/Database/Connection->select()
#5 D:/DiskFiles/Projects/Web/upwork_Invoice_Ninja/reception-par-type/vendor/laravel/framework/src/Illuminate/Database/Query/Builder.php(3091): Illuminate/Database/Query/Builder->runSelect()
#6 D:/DiskFiles/Projects/Web/upwork_Invoice_Ninja/reception-par-type/vendor/laravel/framework/src/Illuminate/Database/Query/Builder.php(3676): Illuminate/Database/Query/Builder->Illuminate/Database/Query/{closure}()
#7 D:/DiskFiles/Projects/Web/upwork_Invoice_Ninja/reception-par-type/vendor/laravel/framework/src/Illuminate/Database/Query/Builder.php(3090): Illuminate/Database/Query/Builder->onceWithColumns()
#8 D:/DiskFiles/Projects/Web/upwork_Invoice_Ninja/reception-par-type/vendor/laravel/framework/src/Illuminate/Database/Eloquent/Builder.php(811): Illuminate/Database/Query/Builder->get()
#9 D:/DiskFiles/Projects/Web/upwork_Invoice_Ninja/reception-par-type/vendor/laravel/framework/src/Illuminate/Database/Eloquent/Builder.php(793): Illuminate/Database/Eloquent/Builder->getModels()
#10 D:/DiskFiles/Projects/Web/upwork_Invoice_Ninja/reception-par-type/vendor/laravel/framework/src/Illuminate/Database/Concerns/BuildsQueries.php(343): Illuminate/Database/Eloquent/Builder->get()
#11 D:/DiskFiles/Projects/Web/upwork_Invoice_Ninja/reception-par-type/vendor/laravel/framework/src/Illuminate/Auth/EloquentUserProvider.php(139): Illuminate/Database/Eloquent/Builder->first()
#12 D:/DiskFiles/Projects/Web/upwork_Invoice_Ninja/reception-par-type/vendor/laravel/framework/src/Illuminate/Auth/SessionGuard.php(415): Illuminate/Auth/EloquentUserProvider->retrieveByCredentials()
#13 D:/DiskFiles/Projects/Web/upwork_Invoice_Ninja/reception-par-type/vendor/laravel/framework/src/Illuminate/Support/Timebox.php(34): Illuminate/Auth/SessionGuard->Illuminate/Auth/{closure}()
#14 D:/DiskFiles/Projects/Web/upwork_Invoice_Ninja/reception-par-type/vendor/laravel/framework/src/Illuminate/Auth/SessionGuard.php(412): Illuminate/Support/Timebox->call()
#15 D:/DiskFiles/Projects/Web/upwork_Invoice_Ninja/reception-par-type/vendor/laravel/framework/src/Illuminate/Auth/AuthManager.php(340): Illuminate/Auth/SessionGuard->attempt()
#16 D:/DiskFiles/Projects/Web/upwork_Invoice_Ninja/reception-par-type/vendor/laravel/framework/src/Illuminate/Support/Facades/Facade.php(361): Illuminate/Auth/AuthManager->__call()
#17 D:/DiskFiles/Projects/Web/upwork_Invoice_Ninja/reception-par-type/app/Http/Controllers/Auth/LoginController.php(31): Illuminate/Support/Facades/Facade::__callStatic()
#18 D:/DiskFiles/Projects/Web/upwork_Invoice_Ninja/reception-par-type/vendor/laravel/framework/src/Illuminate/Routing/Controller.php(54): App/Http/Controllers/Auth/LoginController->login()
#19 D:/DiskFiles/Projects/Web/upwork_Invoice_Ninja/reception-par-type/vendor/laravel/framework/src/Illuminate/Routing/ControllerDispatcher.php(44): Illuminate/Routing/Controller->callAction()
#20 D:/DiskFiles/Projects/Web/upwork_Invoice_Ninja/reception-par-type/vendor/laravel/framework/src/Illuminate/Routing/Route.php(266): Illuminate/Routing/ControllerDispatcher->dispatch()
#21 D:/DiskFiles/Projects/Web/upwork_Invoice_Ninja/reception-par-type/vendor/laravel/framework/src/Illuminate/Routing/Route.php(212): Illuminate/Routing/Route->runController()
#22 D:/DiskFiles/Projects/Web/upwork_Invoice_Ninja/reception-par-type/vendor/laravel/framework/src/Illuminate/Routing/Router.php(808): Illuminate/Routing/Route->run()
#23 D:/DiskFiles/Projects/Web/upwork_Invoice_Ninja/reception-par-type/vendor/laravel/framework/src/Illuminate/Pipeline/Pipeline.php(170): Illuminate/Routing/Router->Illuminate/Routing/{closure}()
#24 D:/DiskFiles/Projects/Web/upwork_Invoice_Ninja/reception-par-type/app/Http/Middleware/SetLocale.php(87): Illuminate/Pipeline/Pipeline->Illuminate/Pipeline/{closure}()
#25 D:/DiskFiles/Projects/Web/upwork_Invoice_Ninja/reception-par-type/vendor/laravel/framework/src/Illuminate/Pipeline/Pipeline.php(209): App/Http/Middleware/SetLocale->handle()
#26 D:/DiskFiles/Projects/Web/upwork_Invoice_Ninja/reception-par-type/app/Http/Middleware/TrackAffiliate.php(45): Illuminate/Pipeline/Pipeline->Illuminate/Pipeline/{closure}()
#27 D:/DiskFiles/Projects/Web/upwork_Invoice_Ninja/reception-par-type/vendor/laravel/framework/src/Illuminate/Pipeline/Pipeline.php(209): App/Http/Middleware/TrackAffiliate->handle()
#28 D:/DiskFiles/Projects/Web/upwork_Invoice_Ninja/reception-par-type/vendor/laravel/framework/src/Illuminate/Routing/Middleware/SubstituteBindings.php(51): Illuminate/Pipeline/Pipeline->Illuminate/Pipeline/{closure}()
#29 D:/DiskFiles/Projects/Web/upwork_Invoice_Ninja/reception-par-type/vendor/laravel/framework/src/Illuminate/Pipeline/Pipeline.php(209): Illuminate/Routing/Middleware/SubstituteBindings->handle()
#30 D:/DiskFiles/Projects/Web/upwork_Invoice_Ninja/reception-par-type/vendor/laravel/framework/src/Illuminate/Foundation/Http/Middleware/VerifyCsrfToken.php(88): Illuminate/Pipeline/Pipeline->Illuminate/Pipeline/{closure}()
#31 D:/DiskFiles/Projects/Web/upwork_Invoice_Ninja/reception-par-type/vendor/laravel/framework/src/Illuminate/Pipeline/Pipeline.php(209): Illuminate/Foundation/Http/Middleware/VerifyCsrfToken->handle()
#32 D:/DiskFiles/Projects/Web/upwork_Invoice_Ninja/reception-par-type/vendor/laravel/framework/src/Illuminate/View/Middleware/ShareErrorsFromSession.php(49): Illuminate/Pipeline/Pipeline->Illuminate/Pipeline/{closure}()
#33 D:/DiskFiles/Projects/Web/upwork_Invoice_Ninja/reception-par-type/vendor/laravel/framework/src/Illuminate/Pipeline/Pipeline.php(209): Illuminate/View/Middleware/ShareErrorsFromSession->handle()
#34 D:/DiskFiles/Projects/Web/upwork_Invoice_Ninja/reception-par-type/vendor/laravel/framework/src/Illuminate/Session/Middleware/StartSession.php(121): Illuminate/Pipeline/Pipeline->Illuminate/Pipeline/{closure}()
#35 D:/DiskFiles/Projects/Web/upwork_Invoice_Ninja/reception-par-type/vendor/laravel/framework/src/Illuminate/Session/Middleware/StartSession.php(64): Illuminate/Session/Middleware/StartSession->handleStatefulRequest()
#36 D:/DiskFiles/Projects/Web/upwork_Invoice_Ninja/reception-par-type/vendor/laravel/framework/src/Illuminate/Pipeline/Pipeline.php(209): Illuminate/Session/Middleware/StartSession->handle()
#37 D:/DiskFiles/Projects/Web/upwork_Invoice_Ninja/reception-par-type/vendor/laravel/framework/src/Illuminate/Cookie/Middleware/AddQueuedCookiesToResponse.php(37): Illuminate/Pipeline/Pipeline->Illuminate/Pipeline/{closure}()
#38 D:/DiskFiles/Projects/Web/upwork_Invoice_Ninja/reception-par-type/vendor/laravel/framework/src/Illuminate/Pipeline/Pipeline.php(209): Illuminate/Cookie/Middleware/AddQueuedCookiesToResponse->handle()
#39 D:/DiskFiles/Projects/Web/upwork_Invoice_Ninja/reception-par-type/vendor/laravel/framework/src/Illuminate/Cookie/Middleware/EncryptCookies.php(75): Illuminate/Pipeline/Pipeline->Illuminate/Pipeline/{closure}()
#40 D:/DiskFiles/Projects/Web/upwork_Invoice_Ninja/reception-par-type/vendor/laravel/framework/src/Illuminate/Pipeline/Pipeline.php(209): Illuminate/Cookie/Middleware/EncryptCookies->handle()
#41 D:/DiskFiles/Projects/Web/upwork_Invoice_Ninja/reception-par-type/vendor/laravel/framework/src/Illuminate/Pipeline/Pipeline.php(127): Illuminate/Pipeline/Pipeline->Illuminate/Pipeline/{closure}()
#42 D:/DiskFiles/Projects/Web/upwork_Invoice_Ninja/reception-par-type/vendor/laravel/framework/src/Illuminate/Routing/Router.php(807): Illuminate/Pipeline/Pipeline->then()
#43 D:/DiskFiles/Projects/Web/upwork_Invoice_Ninja/reception-par-type/vendor/laravel/framework/src/Illuminate/Routing/Router.php(786): Illuminate/Routing/Router->runRouteWithinStack()
#44 D:/DiskFiles/Projects/Web/upwork_Invoice_Ninja/reception-par-type/vendor/laravel/framework/src/Illuminate/Routing/Router.php(750): Illuminate/Routing/Router->runRoute()
#45 D:/DiskFiles/Projects/Web/upwork_Invoice_Ninja/reception-par-type/vendor/laravel/framework/src/Illuminate/Routing/Router.php(739): Illuminate/Routing/Router->dispatchToRoute()
#46 D:/DiskFiles/Projects/Web/upwork_Invoice_Ninja/reception-par-type/vendor/laravel/framework/src/Illuminate/Foundation/Http/Kernel.php(201): Illuminate/Routing/Router->dispatch()
#47 D:/DiskFiles/Projects/Web/upwork_Invoice_Ninja/reception-par-type/vendor/laravel/framework/src/Illuminate/Pipeline/Pipeline.php(170): Illuminate/Foundation/Http/Kernel->Illuminate/Foundation/Http/{closure}()
#48 D:/DiskFiles/Projects/Web/upwork_Invoice_Ninja/reception-par-type/vendor/laravel/framework/src/Illuminate/Foundation/Http/Middleware/TransformsRequest.php(21): Illuminate/Pipeline/Pipeline->Illuminate/Pipeline/{closure}()
#49 D:/DiskFiles/Projects/Web/upwork_Invoice_Ninja/reception-par-type/vendor/laravel/framework/src/Illuminate/Foundation/Http/Middleware/ConvertEmptyStringsToNull.php(31): Illuminate/Foundation/Http/Middleware/TransformsRequest->handle()
#50 D:/DiskFiles/Projects/Web/upwork_Invoice_Ninja/reception-par-type/vendor/laravel/framework/src/Illuminate/Pipeline/Pipeline.php(209): Illuminate/Foundation/Http/Middleware/ConvertEmptyStringsToNull->handle()
#51 D:/DiskFiles/Projects/Web/upwork_Invoice_Ninja/reception-par-type/vendor/laravel/framework/src/Illuminate/Foundation/Http/Middleware/TransformsRequest.php(21): Illuminate/Pipeline/Pipeline->Illuminate/Pipeline/{closure}()
#52 D:/DiskFiles/Projects/Web/upwork_Invoice_Ninja/reception-par-type/vendor/laravel/framework/src/Illuminate/Foundation/Http/Middleware/TrimStrings.php(51): Illuminate/Foundation/Http/Middleware/TransformsRequest->handle()
#53 D:/DiskFiles/Projects/Web/upwork_Invoice_Ninja/reception-par-type/vendor/laravel/framework/src/Illuminate/Pipeline/Pipeline.php(209): Illuminate/Foundation/Http/Middleware/TrimStrings->handle()
#54 D:/DiskFiles/Projects/Web/upwork_Invoice_Ninja/reception-par-type/vendor/laravel/framework/src/Illuminate/Http/Middleware/ValidatePostSize.php(27): Illuminate/Pipeline/Pipeline->Illuminate/Pipeline/{closure}()
#55 D:/DiskFiles/Projects/Web/upwork_Invoice_Ninja/reception-par-type/vendor/laravel/framework/src/Illuminate/Pipeline/Pipeline.php(209): Illuminate/Http/Middleware/ValidatePostSize->handle()
#56 D:/DiskFiles/Projects/Web/upwork_Invoice_Ninja/reception-par-type/vendor/laravel/framework/src/Illuminate/Foundation/Http/Middleware/PreventRequestsDuringMaintenance.php(110): Illuminate/Pipeline/Pipeline->Illuminate/Pipeline/{closure}()
#57 D:/DiskFiles/Projects/Web/upwork_Invoice_Ninja/reception-par-type/vendor/laravel/framework/src/Illuminate/Pipeline/Pipeline.php(209): Illuminate/Foundation/Http/Middleware/PreventRequestsDuringMaintenance->handle()
#58 D:/DiskFiles/Projects/Web/upwork_Invoice_Ninja/reception-par-type/vendor/laravel/framework/src/Illuminate/Http/Middleware/HandleCors.php(49): Illuminate/Pipeline/Pipeline->Illuminate/Pipeline/{closure}()
#59 D:/DiskFiles/Projects/Web/upwork_Invoice_Ninja/reception-par-type/vendor/laravel/framework/src/Illuminate/Pipeline/Pipeline.php(209): Illuminate/Http/Middleware/HandleCors->handle()
#60 D:/DiskFiles/Projects/Web/upwork_Invoice_Ninja/reception-par-type/vendor/laravel/framework/src/Illuminate/Http/Middleware/TrustProxies.php(58): Illuminate/Pipeline/Pipeline->Illuminate/Pipeline/{closure}()
#61 D:/DiskFiles/Projects/Web/upwork_Invoice_Ninja/reception-par-type/vendor/laravel/framework/src/Illuminate/Pipeline/Pipeline.php(209): Illuminate/Http/Middleware/TrustProxies->handle()
#62 D:/DiskFiles/Projects/Web/upwork_Invoice_Ninja/reception-par-type/vendor/laravel/framework/src/Illuminate/Foundation/Http/Middleware/InvokeDeferredCallbacks.php(22): Illuminate/Pipeline/Pipeline->Illuminate/Pipeline/{closure}()
#63 D:/DiskFiles/Projects/Web/upwork_Invoice_Ninja/reception-par-type/vendor/laravel/framework/src/Illuminate/Pipeline/Pipeline.php(209): Illuminate/Foundation/Http/Middleware/InvokeDeferredCallbacks->handle()
#64 D:/DiskFiles/Projects/Web/upwork_Invoice_Ninja/reception-par-type/vendor/laravel/framework/src/Illuminate/Pipeline/Pipeline.php(127): Illuminate/Pipeline/Pipeline->Illuminate/Pipeline/{closure}()
#65 D:/DiskFiles/Projects/Web/upwork_Invoice_Ninja/reception-par-type/vendor/laravel/framework/src/Illuminate/Foundation/Http/Kernel.php(176): Illuminate/Pipeline/Pipeline->then()
#66 D:/DiskFiles/Projects/Web/upwork_Invoice_Ninja/reception-par-type/vendor/laravel/framework/src/Illuminate/Foundation/Http/Kernel.php(145): Illuminate/Foundation/Http/Kernel->sendRequestThroughRouter()
#67 D:/DiskFiles/Projects/Web/upwork_Invoice_Ninja/reception-par-type/vendor/laravel/framework/src/Illuminate/Foundation/Application.php(1220): Illuminate/Foundation/Http/Kernel->handle()
#68 D:/DiskFiles/Projects/Web/upwork_Invoice_Ninja/reception-par-type/public/index.php(18): Illuminate/Foundation/Application->handleRequest()
#69 D:/DiskFiles/Projects/Web/upwork_Invoice_Ninja/reception-par-type/vendor/laravel/framework/src/Illuminate/Foundation/resources/server.php(23): require_once('...')
#70 {main}

[previous exception] [object] (PDOException(code: 2002): SQLSTATE[HY000] [2002] A connection attempt failed because the connected party did not properly respond after a period of time, or established connection failed because connected host has failed to respond at D:/DiskFiles/Projects/Web/upwork_Invoice_Ninja/reception-par-type/vendor/laravel/framework/src/Illuminate/Database/Connectors/Connector.php:66)
[stacktrace]
#0 D:/DiskFiles/Projects/Web/upwork_Invoice_Ninja/reception-par-type/vendor/laravel/framework/src/Illuminate/Database/Connectors/Connector.php(66): PDO->__construct()
#1 D:/DiskFiles/Projects/Web/upwork_Invoice_Ninja/reception-par-type/vendor/laravel/framework/src/Illuminate/Database/Connectors/Connector.php(85): Illuminate/Database/Connectors/Connector->createPdoConnection()
#2 D:/DiskFiles/Projects/Web/upwork_Invoice_Ninja/reception-par-type/vendor/laravel/framework/src/Illuminate/Database/Connectors/Connector.php(48): Illuminate/Database/Connectors/Connector->tryAgainIfCausedByLostConnection()
#3 D:/DiskFiles/Projects/Web/upwork_Invoice_Ninja/reception-par-type/vendor/laravel/framework/src/Illuminate/Database/Connectors/MySqlConnector.php(24): Illuminate/Database/Connectors/Connector->createConnection()
#4 D:/DiskFiles/Projects/Web/upwork_Invoice_Ninja/reception-par-type/vendor/laravel/framework/src/Illuminate/Database/Connectors/ConnectionFactory.php(185): Illuminate/Database/Connectors/MySqlConnector->connect()
#5 [internal function]: Illuminate/Database/Connectors/ConnectionFactory->Illuminate/Database/Connectors/{closure}()
#6 D:/DiskFiles/Projects/Web/upwork_Invoice_Ninja/reception-par-type/vendor/laravel/framework/src/Illuminate/Database/Connection.php(1231): call_user_func()
#7 D:/DiskFiles/Projects/Web/upwork_Invoice_Ninja/reception-par-type/vendor/laravel/framework/src/Illuminate/Database/Connection.php(1267): Illuminate/Database/Connection->getPdo()
#8 D:/DiskFiles/Projects/Web/upwork_Invoice_Ninja/reception-par-type/vendor/laravel/framework/src/Illuminate/Database/Connection.php(512): Illuminate/Database/Connection->getReadPdo()
#9 D:/DiskFiles/Projects/Web/upwork_Invoice_Ninja/reception-par-type/vendor/laravel/framework/src/Illuminate/Database/Connection.php(407): Illuminate/Database/Connection->getPdoForSelect()
#10 D:/DiskFiles/Projects/Web/upwork_Invoice_Ninja/reception-par-type/vendor/laravel/framework/src/Illuminate/Database/Connection.php(812): Illuminate/Database/Connection->Illuminate/Database/{closure}()
#11 D:/DiskFiles/Projects/Web/upwork_Invoice_Ninja/reception-par-type/vendor/laravel/framework/src/Illuminate/Database/Connection.php(979): Illuminate/Database/Connection->runQueryCallback()
#12 D:/DiskFiles/Projects/Web/upwork_Invoice_Ninja/reception-par-type/vendor/laravel/framework/src/Illuminate/Database/Connection.php(958): Illuminate/Database/Connection->tryAgainIfCausedByLostConnection()
#13 D:/DiskFiles/Projects/Web/upwork_Invoice_Ninja/reception-par-type/vendor/laravel/framework/src/Illuminate/Database/Connection.php(781): Illuminate/Database/Connection->handleQueryException()
#14 D:/DiskFiles/Projects/Web/upwork_Invoice_Ninja/reception-par-type/vendor/laravel/framework/src/Illuminate/Database/Connection.php(398): Illuminate/Database/Connection->run()
#15 D:/DiskFiles/Projects/Web/upwork_Invoice_Ninja/reception-par-type/vendor/laravel/framework/src/Illuminate/Database/Query/Builder.php(3106): Illuminate/Database/Connection->select()
#16 D:/DiskFiles/Projects/Web/upwork_Invoice_Ninja/reception-par-type/vendor/laravel/framework/src/Illuminate/Database/Query/Builder.php(3091): Illuminate/Database/Query/Builder->runSelect()
#17 D:/DiskFiles/Projects/Web/upwork_Invoice_Ninja/reception-par-type/vendor/laravel/framework/src/Illuminate/Database/Query/Builder.php(3676): Illuminate/Database/Query/Builder->Illuminate/Database/Query/{closure}()
#18 D:/DiskFiles/Projects/Web/upwork_Invoice_Ninja/reception-par-type/vendor/laravel/framework/src/Illuminate/Database/Query/Builder.php(3090): Illuminate/Database/Query/Builder->onceWithColumns()
#19 D:/DiskFiles/Projects/Web/upwork_Invoice_Ninja/reception-par-type/vendor/laravel/framework/src/Illuminate/Database/Eloquent/Builder.php(811): Illuminate/Database/Query/Builder->get()
#20 D:/DiskFiles/Projects/Web/upwork_Invoice_Ninja/reception-par-type/vendor/laravel/framework/src/Illuminate/Database/Eloquent/Builder.php(793): Illuminate/Database/Eloquent/Builder->getModels()
#21 D:/DiskFiles/Projects/Web/upwork_Invoice_Ninja/reception-par-type/vendor/laravel/framework/src/Illuminate/Database/Concerns/BuildsQueries.php(343): Illuminate/Database/Eloquent/Builder->get()
#22 D:/DiskFiles/Projects/Web/upwork_Invoice_Ninja/reception-par-type/vendor/laravel/framework/src/Illuminate/Auth/EloquentUserProvider.php(139): Illuminate/Database/Eloquent/Builder->first()
#23 D:/DiskFiles/Projects/Web/upwork_Invoice_Ninja/reception-par-type/vendor/laravel/framework/src/Illuminate/Auth/SessionGuard.php(415): Illuminate/Auth/EloquentUserProvider->retrieveByCredentials()
#24 D:/DiskFiles/Projects/Web/upwork_Invoice_Ninja/reception-par-type/vendor/laravel/framework/src/Illuminate/Support/Timebox.php(34): Illuminate/Auth/SessionGuard->Illuminate/Auth/{closure}()
#25 D:/DiskFiles/Projects/Web/upwork_Invoice_Ninja/reception-par-type/vendor/laravel/framework/src/Illuminate/Auth/SessionGuard.php(412): Illuminate/Support/Timebox->call()
#26 D:/DiskFiles/Projects/Web/upwork_Invoice_Ninja/reception-par-type/vendor/laravel/framework/src/Illuminate/Auth/AuthManager.php(340): Illuminate/Auth/SessionGuard->attempt()
#27 D:/DiskFiles/Projects/Web/upwork_Invoice_Ninja/reception-par-type/vendor/laravel/framework/src/Illuminate/Support/Facades/Facade.php(361): Illuminate/Auth/AuthManager->__call()
#28 D:/DiskFiles/Projects/Web/upwork_Invoice_Ninja/reception-par-type/app/Http/Controllers/Auth/LoginController.php(31): Illuminate/Support/Facades/Facade::__callStatic()
#29 D:/DiskFiles/Projects/Web/upwork_Invoice_Ninja/reception-par-type/vendor/laravel/framework/src/Illuminate/Routing/Controller.php(54): App/Http/Controllers/Auth/LoginController->login()
#30 D:/DiskFiles/Projects/Web/upwork_Invoice_Ninja/reception-par-type/vendor/laravel/framework/src/Illuminate/Routing/ControllerDispatcher.php(44): Illuminate/Routing/Controller->callAction()
#31 D:/DiskFiles/Projects/Web/upwork_Invoice_Ninja/reception-par-type/vendor/laravel/framework/src/Illuminate/Routing/Route.php(266): Illuminate/Routing/ControllerDispatcher->dispatch()
#32 D:/DiskFiles/Projects/Web/upwork_Invoice_Ninja/reception-par-type/vendor/laravel/framework/src/Illuminate/Routing/Route.php(212): Illuminate/Routing/Route->runController()
#33 D:/DiskFiles/Projects/Web/upwork_Invoice_Ninja/reception-par-type/vendor/laravel/framework/src/Illuminate/Routing/Router.php(808): Illuminate/Routing/Route->run()
#34 D:/DiskFiles/Projects/Web/upwork_Invoice_Ninja/reception-par-type/vendor/laravel/framework/src/Illuminate/Pipeline/Pipeline.php(170): Illuminate/Routing/Router->Illuminate/Routing/{closure}()
#35 D:/DiskFiles/Projects/Web/upwork_Invoice_Ninja/reception-par-type/app/Http/Middleware/SetLocale.php(87): Illuminate/Pipeline/Pipeline->Illuminate/Pipeline/{closure}()
#36 D:/DiskFiles/Projects/Web/upwork_Invoice_Ninja/reception-par-type/vendor/laravel/framework/src/Illuminate/Pipeline/Pipeline.php(209): App/Http/Middleware/SetLocale->handle()
#37 D:/DiskFiles/Projects/Web/upwork_Invoice_Ninja/reception-par-type/app/Http/Middleware/TrackAffiliate.php(45): Illuminate/Pipeline/Pipeline->Illuminate/Pipeline/{closure}()
#38 D:/DiskFiles/Projects/Web/upwork_Invoice_Ninja/reception-par-type/vendor/laravel/framework/src/Illuminate/Pipeline/Pipeline.php(209): App/Http/Middleware/TrackAffiliate->handle()
#39 D:/DiskFiles/Projects/Web/upwork_Invoice_Ninja/reception-par-type/vendor/laravel/framework/src/Illuminate/Routing/Middleware/SubstituteBindings.php(51): Illuminate/Pipeline/Pipeline->Illuminate/Pipeline/{closure}()
#40 D:/DiskFiles/Projects/Web/upwork_Invoice_Ninja/reception-par-type/vendor/laravel/framework/src/Illuminate/Pipeline/Pipeline.php(209): Illuminate/Routing/Middleware/SubstituteBindings->handle()
#41 D:/DiskFiles/Projects/Web/upwork_Invoice_Ninja/reception-par-type/vendor/laravel/framework/src/Illuminate/Foundation/Http/Middleware/VerifyCsrfToken.php(88): Illuminate/Pipeline/Pipeline->Illuminate/Pipeline/{closure}()
#42 D:/DiskFiles/Projects/Web/upwork_Invoice_Ninja/reception-par-type/vendor/laravel/framework/src/Illuminate/Pipeline/Pipeline.php(209): Illuminate/Foundation/Http/Middleware/VerifyCsrfToken->handle()
#43 D:/DiskFiles/Projects/Web/upwork_Invoice_Ninja/reception-par-type/vendor/laravel/framework/src/Illuminate/View/Middleware/ShareErrorsFromSession.php(49): Illuminate/Pipeline/Pipeline->Illuminate/Pipeline/{closure}()
#44 D:/DiskFiles/Projects/Web/upwork_Invoice_Ninja/reception-par-type/vendor/laravel/framework/src/Illuminate/Pipeline/Pipeline.php(209): Illuminate/View/Middleware/ShareErrorsFromSession->handle()
#45 D:/DiskFiles/Projects/Web/upwork_Invoice_Ninja/reception-par-type/vendor/laravel/framework/src/Illuminate/Session/Middleware/StartSession.php(121): Illuminate/Pipeline/Pipeline->Illuminate/Pipeline/{closure}()
#46 D:/DiskFiles/Projects/Web/upwork_Invoice_Ninja/reception-par-type/vendor/laravel/framework/src/Illuminate/Session/Middleware/StartSession.php(64): Illuminate/Session/Middleware/StartSession->handleStatefulRequest()
#47 D:/DiskFiles/Projects/Web/upwork_Invoice_Ninja/reception-par-type/vendor/laravel/framework/src/Illuminate/Pipeline/Pipeline.php(209): Illuminate/Session/Middleware/StartSession->handle()
#48 D:/DiskFiles/Projects/Web/upwork_Invoice_Ninja/reception-par-type/vendor/laravel/framework/src/Illuminate/Cookie/Middleware/AddQueuedCookiesToResponse.php(37): Illuminate/Pipeline/Pipeline->Illuminate/Pipeline/{closure}()
#49 D:/DiskFiles/Projects/Web/upwork_Invoice_Ninja/reception-par-type/vendor/laravel/framework/src/Illuminate/Pipeline/Pipeline.php(209): Illuminate/Cookie/Middleware/AddQueuedCookiesToResponse->handle()
#50 D:/DiskFiles/Projects/Web/upwork_Invoice_Ninja/reception-par-type/vendor/laravel/framework/src/Illuminate/Cookie/Middleware/EncryptCookies.php(75): Illuminate/Pipeline/Pipeline->Illuminate/Pipeline/{closure}()
#51 D:/DiskFiles/Projects/Web/upwork_Invoice_Ninja/reception-par-type/vendor/laravel/framework/src/Illuminate/Pipeline/Pipeline.php(209): Illuminate/Cookie/Middleware/EncryptCookies->handle()
#52 D:/DiskFiles/Projects/Web/upwork_Invoice_Ninja/reception-par-type/vendor/laravel/framework/src/Illuminate/Pipeline/Pipeline.php(127): Illuminate/Pipeline/Pipeline->Illuminate/Pipeline/{closure}()
#53 D:/DiskFiles/Projects/Web/upwork_Invoice_Ninja/reception-par-type/vendor/laravel/framework/src/Illuminate/Routing/Router.php(807): Illuminate/Pipeline/Pipeline->then()
#54 D:/DiskFiles/Projects/Web/upwork_Invoice_Ninja/reception-par-type/vendor/laravel/framework/src/Illuminate/Routing/Router.php(786): Illuminate/Routing/Router->runRouteWithinStack()
#55 D:/DiskFiles/Projects/Web/upwork_Invoice_Ninja/reception-par-type/vendor/laravel/framework/src/Illuminate/Routing/Router.php(750): Illuminate/Routing/Router->runRoute()
#56 D:/DiskFiles/Projects/Web/upwork_Invoice_Ninja/reception-par-type/vendor/laravel/framework/src/Illuminate/Routing/Router.php(739): Illuminate/Routing/Router->dispatchToRoute()
#57 D:/DiskFiles/Projects/Web/upwork_Invoice_Ninja/reception-par-type/vendor/laravel/framework/src/Illuminate/Foundation/Http/Kernel.php(201): Illuminate/Routing/Router->dispatch()
#58 D:/DiskFiles/Projects/Web/upwork_Invoice_Ninja/reception-par-type/vendor/laravel/framework/src/Illuminate/Pipeline/Pipeline.php(170): Illuminate/Foundation/Http/Kernel->Illuminate/Foundation/Http/{closure}()
#59 D:/DiskFiles/Projects/Web/upwork_Invoice_Ninja/reception-par-type/vendor/laravel/framework/src/Illuminate/Foundation/Http/Middleware/TransformsRequest.php(21): Illuminate/Pipeline/Pipeline->Illuminate/Pipeline/{closure}()
#60 D:/DiskFiles/Projects/Web/upwork_Invoice_Ninja/reception-par-type/vendor/laravel/framework/src/Illuminate/Foundation/Http/Middleware/ConvertEmptyStringsToNull.php(31): Illuminate/Foundation/Http/Middleware/TransformsRequest->handle()
#61 D:/DiskFiles/Projects/Web/upwork_Invoice_Ninja/reception-par-type/vendor/laravel/framework/src/Illuminate/Pipeline/Pipeline.php(209): Illuminate/Foundation/Http/Middleware/ConvertEmptyStringsToNull->handle()
#62 D:/DiskFiles/Projects/Web/upwork_Invoice_Ninja/reception-par-type/vendor/laravel/framework/src/Illuminate/Foundation/Http/Middleware/TransformsRequest.php(21): Illuminate/Pipeline/Pipeline->Illuminate/Pipeline/{closure}()
#63 D:/DiskFiles/Projects/Web/upwork_Invoice_Ninja/reception-par-type/vendor/laravel/framework/src/Illuminate/Foundation/Http/Middleware/TrimStrings.php(51): Illuminate/Foundation/Http/Middleware/TransformsRequest->handle()
#64 D:/DiskFiles/Projects/Web/upwork_Invoice_Ninja/reception-par-type/vendor/laravel/framework/src/Illuminate/Pipeline/Pipeline.php(209): Illuminate/Foundation/Http/Middleware/TrimStrings->handle()
#65 D:/DiskFiles/Projects/Web/upwork_Invoice_Ninja/reception-par-type/vendor/laravel/framework/src/Illuminate/Http/Middleware/ValidatePostSize.php(27): Illuminate/Pipeline/Pipeline->Illuminate/Pipeline/{closure}()
#66 D:/DiskFiles/Projects/Web/upwork_Invoice_Ninja/reception-par-type/vendor/laravel/framework/src/Illuminate/Pipeline/Pipeline.php(209): Illuminate/Http/Middleware/ValidatePostSize->handle()
#67 D:/DiskFiles/Projects/Web/upwork_Invoice_Ninja/reception-par-type/vendor/laravel/framework/src/Illuminate/Foundation/Http/Middleware/PreventRequestsDuringMaintenance.php(110): Illuminate/Pipeline/Pipeline->Illuminate/Pipeline/{closure}()
#68 D:/DiskFiles/Projects/Web/upwork_Invoice_Ninja/reception-par-type/vendor/laravel/framework/src/Illuminate/Pipeline/Pipeline.php(209): Illuminate/Foundation/Http/Middleware/PreventRequestsDuringMaintenance->handle()
#69 D:/DiskFiles/Projects/Web/upwork_Invoice_Ninja/reception-par-type/vendor/laravel/framework/src/Illuminate/Http/Middleware/HandleCors.php(49): Illuminate/Pipeline/Pipeline->Illuminate/Pipeline/{closure}()
#70 D:/DiskFiles/Projects/Web/upwork_Invoice_Ninja/reception-par-type/vendor/laravel/framework/src/Illuminate/Pipeline/Pipeline.php(209): Illuminate/Http/Middleware/HandleCors->handle()
#71 D:/DiskFiles/Projects/Web/upwork_Invoice_Ninja/reception-par-type/vendor/laravel/framework/src/Illuminate/Http/Middleware/TrustProxies.php(58): Illuminate/Pipeline/Pipeline->Illuminate/Pipeline/{closure}()
#72 D:/DiskFiles/Projects/Web/upwork_Invoice_Ninja/reception-par-type/vendor/laravel/framework/src/Illuminate/Pipeline/Pipeline.php(209): Illuminate/Http/Middleware/TrustProxies->handle()
#73 D:/DiskFiles/Projects/Web/upwork_Invoice_Ninja/reception-par-type/vendor/laravel/framework/src/Illuminate/Foundation/Http/Middleware/InvokeDeferredCallbacks.php(22): Illuminate/Pipeline/Pipeline->Illuminate/Pipeline/{closure}()
#74 D:/DiskFiles/Projects/Web/upwork_Invoice_Ninja/reception-par-type/vendor/laravel/framework/src/Illuminate/Pipeline/Pipeline.php(209): Illuminate/Foundation/Http/Middleware/InvokeDeferredCallbacks->handle()
#75 D:/DiskFiles/Projects/Web/upwork_Invoice_Ninja/reception-par-type/vendor/laravel/framework/src/Illuminate/Pipeline/Pipeline.php(127): Illuminate/Pipeline/Pipeline->Illuminate/Pipeline/{closure}()
#76 D:/DiskFiles/Projects/Web/upwork_Invoice_Ninja/reception-par-type/vendor/laravel/framework/src/Illuminate/Foundation/Http/Kernel.php(176): Illuminate/Pipeline/Pipeline->then()
#77 D:/DiskFiles/Projects/Web/upwork_Invoice_Ninja/reception-par-type/vendor/laravel/framework/src/Illuminate/Foundation/Http/Kernel.php(145): Illuminate/Foundation/Http/Kernel->sendRequestThroughRouter()
#78 D:/DiskFiles/Projects/Web/upwork_Invoice_Ninja/reception-par-type/vendor/laravel/framework/src/Illuminate/Foundation/Application.php(1220): Illuminate/Foundation/Http/Kernel->handle()
#79 D:/DiskFiles/Projects/Web/upwork_Invoice_Ninja/reception-par-type/public/index.php(18): Illuminate/Foundation/Application->handleRequest()
#80 D:/DiskFiles/Projects/Web/upwork_Invoice_Ninja/reception-par-type/vendor/laravel/framework/src/Illuminate/Foundation/resources/server.php(23): require_once('...')
#81 {main}
"} 
[2026-06-24 14:20:42] production.ERROR: SQLSTATE[42S02]: Base table or view not found: 1146 Table 'c2815213c_receptiondb.jobs' doesn't exist (Connection: mysql, SQL: insert into `jobs` (`queue`, `attempts`, `reserved_at`, `available_at`, `created_at`, `payload`) values (imports, 0, ?, 1782303642, 1782303642, {"uuid":"15bf8151-90fd-4437-907e-83e203fc475f","displayName":"App\\Jobs\\ImportAstraNewsletterJob","job":"Illuminate\\Queue\\CallQueuedHandler@call","maxTries":3,"maxExceptions":null,"failOnTimeout":false,"backoff":"60","timeout":600,"retryUntil":null,"data":{"commandName":"App\\Jobs\\ImportAstraNewsletterJob","command":"O:33:\"App\\Jobs\\ImportAstraNewsletterJob\":5:{s:44:\"\u0000App\\Jobs\\ImportAstraNewsletterJob\u0000directory\";s:0:\"\";s:46:\"\u0000App\\Jobs\\ImportAstraNewsletterJob\u0000triggeredBy\";s:32:\"admin:01kvarefp6wsnndkj42mr077f2\";s:47:\"\u0000App\\Jobs\\ImportAstraNewsletterJob\u0000specificFile\";N;s:52:\"\u0000App\\Jobs\\ImportAstraNewsletterJob\u0000deleteAfterImport\";b:1;s:5:\"queue\";s:7:\"imports\";}"}})) {"userId":"01kvarefp6wsnndkj42mr077f2","exception":"[object] (Illuminate\\Database\\QueryException(code: 42S02): SQLSTATE[42S02]: Base table or view not found: 1146 Table 'c2815213c_receptiondb.jobs' doesn't exist (Connection: mysql, SQL: insert into `jobs` (`queue`, `attempts`, `reserved_at`, `available_at`, `created_at`, `payload`) values (imports, 0, ?, 1782303642, 1782303642, {\"uuid\":\"15bf8151-90fd-4437-907e-83e203fc475f\",\"displayName\":\"App\\\\Jobs\\\\ImportAstraNewsletterJob\",\"job\":\"Illuminate\\\\Queue\\\\CallQueuedHandler@call\",\"maxTries\":3,\"maxExceptions\":null,\"failOnTimeout\":false,\"backoff\":\"60\",\"timeout\":600,\"retryUntil\":null,\"data\":{\"commandName\":\"App\\\\Jobs\\\\ImportAstraNewsletterJob\",\"command\":\"O:33:\\\"App\\\\Jobs\\\\ImportAstraNewsletterJob\\\":5:{s:44:\\\"\\u0000App\\\\Jobs\\\\ImportAstraNewsletterJob\\u0000directory\\\";s:0:\\\"\\\";s:46:\\\"\\u0000App\\\\Jobs\\\\ImportAstraNewsletterJob\\u0000triggeredBy\\\";s:32:\\\"admin:01kvarefp6wsnndkj42mr077f2\\\";s:47:\\\"\\u0000App\\\\Jobs\\\\ImportAstraNewsletterJob\\u0000specificFile\\\";N;s:52:\\\"\\u0000App\\\\Jobs\\\\ImportAstraNewsletterJob\\u0000deleteAfterImport\\\";b:1;s:5:\\\"queue\\\";s:7:\\\"imports\\\";}\"}})) at D:/DiskFiles/Projects/Web/upwork_Invoice_Ninja/reception-par-type/vendor/laravel/framework/src/Illuminate/Database/Connection.php:825)
[stacktrace]
#0 D:/DiskFiles/Projects/Web/upwork_Invoice_Ninja/reception-par-type/vendor/laravel/framework/src/Illuminate/Database/Connection.php(779): Illuminate/Database/Connection->runQueryCallback()
#1 D:/DiskFiles/Projects/Web/upwork_Invoice_Ninja/reception-par-type/vendor/laravel/framework/src/Illuminate/Database/MySqlConnection.php(42): Illuminate/Database/Connection->run()
#2 D:/DiskFiles/Projects/Web/upwork_Invoice_Ninja/reception-par-type/vendor/laravel/framework/src/Illuminate/Database/Query/Processors/MySqlProcessor.php(35): Illuminate/Database/MySqlConnection->insert()
#3 D:/DiskFiles/Projects/Web/upwork_Invoice_Ninja/reception-par-type/vendor/laravel/framework/src/Illuminate/Database/Query/Builder.php(3766): Illuminate/Database/Query/Processors/MySqlProcessor->processInsertGetId()
#4 D:/DiskFiles/Projects/Web/upwork_Invoice_Ninja/reception-par-type/vendor/laravel/framework/src/Illuminate/Queue/DatabaseQueue.php(188): Illuminate/Database/Query/Builder->insertGetId()
#5 D:/DiskFiles/Projects/Web/upwork_Invoice_Ninja/reception-par-type/vendor/laravel/framework/src/Illuminate/Queue/DatabaseQueue.php(99): Illuminate/Queue/DatabaseQueue->pushToDatabase()
#6 D:/DiskFiles/Projects/Web/upwork_Invoice_Ninja/reception-par-type/vendor/laravel/framework/src/Illuminate/Queue/Queue.php(338): Illuminate/Queue/DatabaseQueue->Illuminate/Queue/{closure}()
#7 D:/DiskFiles/Projects/Web/upwork_Invoice_Ninja/reception-par-type/vendor/laravel/framework/src/Illuminate/Queue/DatabaseQueue.php(93): Illuminate/Queue/Queue->enqueueUsing()
#8 D:/DiskFiles/Projects/Web/upwork_Invoice_Ninja/reception-par-type/vendor/laravel/framework/src/Illuminate/Bus/Dispatcher.php(244): Illuminate/Queue/DatabaseQueue->push()
#9 D:/DiskFiles/Projects/Web/upwork_Invoice_Ninja/reception-par-type/vendor/laravel/framework/src/Illuminate/Bus/Dispatcher.php(228): Illuminate/Bus/Dispatcher->pushCommandToQueue()
#10 D:/DiskFiles/Projects/Web/upwork_Invoice_Ninja/reception-par-type/vendor/laravel/framework/src/Illuminate/Bus/Dispatcher.php(77): Illuminate/Bus/Dispatcher->dispatchToQueue()
#11 D:/DiskFiles/Projects/Web/upwork_Invoice_Ninja/reception-par-type/vendor/laravel/framework/src/Illuminate/Foundation/Bus/PendingDispatch.php(222): Illuminate/Bus/Dispatcher->dispatch()
#12 D:/DiskFiles/Projects/Web/upwork_Invoice_Ninja/reception-par-type/app/Http/Controllers/Admin/AdminImportController.php(134): Illuminate/Foundation/Bus/PendingDispatch->__destruct()
#13 D:/DiskFiles/Projects/Web/upwork_Invoice_Ninja/reception-par-type/vendor/laravel/framework/src/Illuminate/Routing/Controller.php(54): App/Http/Controllers/Admin/AdminImportController->trigger()
#14 D:/DiskFiles/Projects/Web/upwork_Invoice_Ninja/reception-par-type/vendor/laravel/framework/src/Illuminate/Routing/ControllerDispatcher.php(44): Illuminate/Routing/Controller->callAction()
#15 D:/DiskFiles/Projects/Web/upwork_Invoice_Ninja/reception-par-type/vendor/laravel/framework/src/Illuminate/Routing/Route.php(266): Illuminate/Routing/ControllerDispatcher->dispatch()
#16 D:/DiskFiles/Projects/Web/upwork_Invoice_Ninja/reception-par-type/vendor/laravel/framework/src/Illuminate/Routing/Route.php(212): Illuminate/Routing/Route->runController()
#17 D:/DiskFiles/Projects/Web/upwork_Invoice_Ninja/reception-par-type/vendor/laravel/framework/src/Illuminate/Routing/Router.php(808): Illuminate/Routing/Route->run()
#18 D:/DiskFiles/Projects/Web/upwork_Invoice_Ninja/reception-par-type/vendor/laravel/framework/src/Illuminate/Pipeline/Pipeline.php(170): Illuminate/Routing/Router->Illuminate/Routing/{closure}()
#19 D:/DiskFiles/Projects/Web/upwork_Invoice_Ninja/reception-par-type/app/Http/Middleware/AdminAccess.php(40): Illuminate/Pipeline/Pipeline->Illuminate/Pipeline/{closure}()
#20 D:/DiskFiles/Projects/Web/upwork_Invoice_Ninja/reception-par-type/vendor/laravel/framework/src/Illuminate/Pipeline/Pipeline.php(209): App/Http/Middleware/AdminAccess->handle()
#21 D:/DiskFiles/Projects/Web/upwork_Invoice_Ninja/reception-par-type/app/Http/Middleware/TrackAffiliate.php(45): Illuminate/Pipeline/Pipeline->Illuminate/Pipeline/{closure}()
#22 D:/DiskFiles/Projects/Web/upwork_Invoice_Ninja/reception-par-type/vendor/laravel/framework/src/Illuminate/Pipeline/Pipeline.php(209): App/Http/Middleware/TrackAffiliate->handle()
#23 D:/DiskFiles/Projects/Web/upwork_Invoice_Ninja/reception-par-type/vendor/laravel/framework/src/Illuminate/Routing/Middleware/SubstituteBindings.php(51): Illuminate/Pipeline/Pipeline->Illuminate/Pipeline/{closure}()
#24 D:/DiskFiles/Projects/Web/upwork_Invoice_Ninja/reception-par-type/vendor/laravel/framework/src/Illuminate/Pipeline/Pipeline.php(209): Illuminate/Routing/Middleware/SubstituteBindings->handle()
#25 D:/DiskFiles/Projects/Web/upwork_Invoice_Ninja/reception-par-type/vendor/laravel/framework/src/Illuminate/Auth/Middleware/Authenticate.php(64): Illuminate/Pipeline/Pipeline->Illuminate/Pipeline/{closure}()
#26 D:/DiskFiles/Projects/Web/upwork_Invoice_Ninja/reception-par-type/vendor/laravel/framework/src/Illuminate/Pipeline/Pipeline.php(209): Illuminate/Auth/Middleware/Authenticate->handle()
#27 D:/DiskFiles/Projects/Web/upwork_Invoice_Ninja/reception-par-type/vendor/laravel/framework/src/Illuminate/Foundation/Http/Middleware/VerifyCsrfToken.php(88): Illuminate/Pipeline/Pipeline->Illuminate/Pipeline/{closure}()
#28 D:/DiskFiles/Projects/Web/upwork_Invoice_Ninja/reception-par-type/vendor/laravel/framework/src/Illuminate/Pipeline/Pipeline.php(209): Illuminate/Foundation/Http/Middleware/VerifyCsrfToken->handle()
#29 D:/DiskFiles/Projects/Web/upwork_Invoice_Ninja/reception-par-type/vendor/laravel/framework/src/Illuminate/View/Middleware/ShareErrorsFromSession.php(49): Illuminate/Pipeline/Pipeline->Illuminate/Pipeline/{closure}()
#30 D:/DiskFiles/Projects/Web/upwork_Invoice_Ninja/reception-par-type/vendor/laravel/framework/src/Illuminate/Pipeline/Pipeline.php(209): Illuminate/View/Middleware/ShareErrorsFromSession->handle()
#31 D:/DiskFiles/Projects/Web/upwork_Invoice_Ninja/reception-par-type/vendor/laravel/framework/src/Illuminate/Session/Middleware/StartSession.php(121): Illuminate/Pipeline/Pipeline->Illuminate/Pipeline/{closure}()
#32 D:/DiskFiles/Projects/Web/upwork_Invoice_Ninja/reception-par-type/vendor/laravel/framework/src/Illuminate/Session/Middleware/StartSession.php(64): Illuminate/Session/Middleware/StartSession->handleStatefulRequest()
#33 D:/DiskFiles/Projects/Web/upwork_Invoice_Ninja/reception-par-type/vendor/laravel/framework/src/Illuminate/Pipeline/Pipeline.php(209): Illuminate/Session/Middleware/StartSession->handle()
#34 D:/DiskFiles/Projects/Web/upwork_Invoice_Ninja/reception-par-type/vendor/laravel/framework/src/Illuminate/Cookie/Middleware/AddQueuedCookiesToResponse.php(37): Illuminate/Pipeline/Pipeline->Illuminate/Pipeline/{closure}()
#35 D:/DiskFiles/Projects/Web/upwork_Invoice_Ninja/reception-par-type/vendor/laravel/framework/src/Illuminate/Pipeline/Pipeline.php(209): Illuminate/Cookie/Middleware/AddQueuedCookiesToResponse->handle()
#36 D:/DiskFiles/Projects/Web/upwork_Invoice_Ninja/reception-par-type/vendor/laravel/framework/src/Illuminate/Cookie/Middleware/EncryptCookies.php(75): Illuminate/Pipeline/Pipeline->Illuminate/Pipeline/{closure}()
#37 D:/DiskFiles/Projects/Web/upwork_Invoice_Ninja/reception-par-type/vendor/laravel/framework/src/Illuminate/Pipeline/Pipeline.php(209): Illuminate/Cookie/Middleware/EncryptCookies->handle()
#38 D:/DiskFiles/Projects/Web/upwork_Invoice_Ninja/reception-par-type/vendor/laravel/framework/src/Illuminate/Pipeline/Pipeline.php(127): Illuminate/Pipeline/Pipeline->Illuminate/Pipeline/{closure}()
#39 D:/DiskFiles/Projects/Web/upwork_Invoice_Ninja/reception-par-type/vendor/laravel/framework/src/Illuminate/Routing/Router.php(807): Illuminate/Pipeline/Pipeline->then()
#40 D:/DiskFiles/Projects/Web/upwork_Invoice_Ninja/reception-par-type/vendor/laravel/framework/src/Illuminate/Routing/Router.php(786): Illuminate/Routing/Router->runRouteWithinStack()
#41 D:/DiskFiles/Projects/Web/upwork_Invoice_Ninja/reception-par-type/vendor/laravel/framework/src/Illuminate/Routing/Router.php(750): Illuminate/Routing/Router->runRoute()
#42 D:/DiskFiles/Projects/Web/upwork_Invoice_Ninja/reception-par-type/vendor/laravel/framework/src/Illuminate/Routing/Router.php(739): Illuminate/Routing/Router->dispatchToRoute()
#43 D:/DiskFiles/Projects/Web/upwork_Invoice_Ninja/reception-par-type/vendor/laravel/framework/src/Illuminate/Foundation/Http/Kernel.php(201): Illuminate/Routing/Router->dispatch()
#44 D:/DiskFiles/Projects/Web/upwork_Invoice_Ninja/reception-par-type/vendor/laravel/framework/src/Illuminate/Pipeline/Pipeline.php(170): Illuminate/Foundation/Http/Kernel->Illuminate/Foundation/Http/{closure}()
#45 D:/DiskFiles/Projects/Web/upwork_Invoice_Ninja/reception-par-type/vendor/laravel/framework/src/Illuminate/Foundation/Http/Middleware/TransformsRequest.php(21): Illuminate/Pipeline/Pipeline->Illuminate/Pipeline/{closure}()
#46 D:/DiskFiles/Projects/Web/upwork_Invoice_Ninja/reception-par-type/vendor/laravel/framework/src/Illuminate/Foundation/Http/Middleware/ConvertEmptyStringsToNull.php(31): Illuminate/Foundation/Http/Middleware/TransformsRequest->handle()
#47 D:/DiskFiles/Projects/Web/upwork_Invoice_Ninja/reception-par-type/vendor/laravel/framework/src/Illuminate/Pipeline/Pipeline.php(209): Illuminate/Foundation/Http/Middleware/ConvertEmptyStringsToNull->handle()
#48 D:/DiskFiles/Projects/Web/upwork_Invoice_Ninja/reception-par-type/vendor/laravel/framework/src/Illuminate/Foundation/Http/Middleware/TransformsRequest.php(21): Illuminate/Pipeline/Pipeline->Illuminate/Pipeline/{closure}()
#49 D:/DiskFiles/Projects/Web/upwork_Invoice_Ninja/reception-par-type/vendor/laravel/framework/src/Illuminate/Foundation/Http/Middleware/TrimStrings.php(51): Illuminate/Foundation/Http/Middleware/TransformsRequest->handle()
#50 D:/DiskFiles/Projects/Web/upwork_Invoice_Ninja/reception-par-type/vendor/laravel/framework/src/Illuminate/Pipeline/Pipeline.php(209): Illuminate/Foundation/Http/Middleware/TrimStrings->handle()
#51 D:/DiskFiles/Projects/Web/upwork_Invoice_Ninja/reception-par-type/vendor/laravel/framework/src/Illuminate/Http/Middleware/ValidatePostSize.php(27): Illuminate/Pipeline/Pipeline->Illuminate/Pipeline/{closure}()
#52 D:/DiskFiles/Projects/Web/upwork_Invoice_Ninja/reception-par-type/vendor/laravel/framework/src/Illuminate/Pipeline/Pipeline.php(209): Illuminate/Http/Middleware/ValidatePostSize->handle()
#53 D:/DiskFiles/Projects/Web/upwork_Invoice_Ninja/reception-par-type/vendor/laravel/framework/src/Illuminate/Foundation/Http/Middleware/PreventRequestsDuringMaintenance.php(110): Illuminate/Pipeline/Pipeline->Illuminate/Pipeline/{closure}()
#54 D:/DiskFiles/Projects/Web/upwork_Invoice_Ninja/reception-par-type/vendor/laravel/framework/src/Illuminate/Pipeline/Pipeline.php(209): Illuminate/Foundation/Http/Middleware/PreventRequestsDuringMaintenance->handle()
#55 D:/DiskFiles/Projects/Web/upwork_Invoice_Ninja/reception-par-type/vendor/laravel/framework/src/Illuminate/Http/Middleware/HandleCors.php(49): Illuminate/Pipeline/Pipeline->Illuminate/Pipeline/{closure}()
#56 D:/DiskFiles/Projects/Web/upwork_Invoice_Ninja/reception-par-type/vendor/laravel/framework/src/Illuminate/Pipeline/Pipeline.php(209): Illuminate/Http/Middleware/HandleCors->handle()
#57 D:/DiskFiles/Projects/Web/upwork_Invoice_Ninja/reception-par-type/vendor/laravel/framework/src/Illuminate/Http/Middleware/TrustProxies.php(58): Illuminate/Pipeline/Pipeline->Illuminate/Pipeline/{closure}()
#58 D:/DiskFiles/Projects/Web/upwork_Invoice_Ninja/reception-par-type/vendor/laravel/framework/src/Illuminate/Pipeline/Pipeline.php(209): Illuminate/Http/Middleware/TrustProxies->handle()
#59 D:/DiskFiles/Projects/Web/upwork_Invoice_Ninja/reception-par-type/vendor/laravel/framework/src/Illuminate/Foundation/Http/Middleware/InvokeDeferredCallbacks.php(22): Illuminate/Pipeline/Pipeline->Illuminate/Pipeline/{closure}()
#60 D:/DiskFiles/Projects/Web/upwork_Invoice_Ninja/reception-par-type/vendor/laravel/framework/src/Illuminate/Pipeline/Pipeline.php(209): Illuminate/Foundation/Http/Middleware/InvokeDeferredCallbacks->handle()
#61 D:/DiskFiles/Projects/Web/upwork_Invoice_Ninja/reception-par-type/vendor/laravel/framework/src/Illuminate/Pipeline/Pipeline.php(127): Illuminate/Pipeline/Pipeline->Illuminate/Pipeline/{closure}()
#62 D:/DiskFiles/Projects/Web/upwork_Invoice_Ninja/reception-par-type/vendor/laravel/framework/src/Illuminate/Foundation/Http/Kernel.php(176): Illuminate/Pipeline/Pipeline->then()
#63 D:/DiskFiles/Projects/Web/upwork_Invoice_Ninja/reception-par-type/vendor/laravel/framework/src/Illuminate/Foundation/Http/Kernel.php(145): Illuminate/Foundation/Http/Kernel->sendRequestThroughRouter()
#64 D:/DiskFiles/Projects/Web/upwork_Invoice_Ninja/reception-par-type/vendor/laravel/framework/src/Illuminate/Foundation/Application.php(1220): Illuminate/Foundation/Http/Kernel->handle()
#65 D:/DiskFiles/Projects/Web/upwork_Invoice_Ninja/reception-par-type/public/index.php(18): Illuminate/Foundation/Application->handleRequest()
#66 D:/DiskFiles/Projects/Web/upwork_Invoice_Ninja/reception-par-type/vendor/laravel/framework/src/Illuminate/Foundation/resources/server.php(23): require_once('...')
#67 {main}

[previous exception] [object] (PDOException(code: 42S02): SQLSTATE[42S02]: Base table or view not found: 1146 Table 'c2815213c_receptiondb.jobs' doesn't exist at D:/DiskFiles/Projects/Web/upwork_Invoice_Ninja/reception-par-type/vendor/laravel/framework/src/Illuminate/Database/MySqlConnection.php:47)
[stacktrace]
#0 D:/DiskFiles/Projects/Web/upwork_Invoice_Ninja/reception-par-type/vendor/laravel/framework/src/Illuminate/Database/MySqlConnection.php(47): PDO->prepare()
#1 D:/DiskFiles/Projects/Web/upwork_Invoice_Ninja/reception-par-type/vendor/laravel/framework/src/Illuminate/Database/Connection.php(812): Illuminate/Database/MySqlConnection->Illuminate/Database/{closure}()
#2 D:/DiskFiles/Projects/Web/upwork_Invoice_Ninja/reception-par-type/vendor/laravel/framework/src/Illuminate/Database/Connection.php(779): Illuminate/Database/Connection->runQueryCallback()
#3 D:/DiskFiles/Projects/Web/upwork_Invoice_Ninja/reception-par-type/vendor/laravel/framework/src/Illuminate/Database/MySqlConnection.php(42): Illuminate/Database/Connection->run()
#4 D:/DiskFiles/Projects/Web/upwork_Invoice_Ninja/reception-par-type/vendor/laravel/framework/src/Illuminate/Database/Query/Processors/MySqlProcessor.php(35): Illuminate/Database/MySqlConnection->insert()
#5 D:/DiskFiles/Projects/Web/upwork_Invoice_Ninja/reception-par-type/vendor/laravel/framework/src/Illuminate/Database/Query/Builder.php(3766): Illuminate/Database/Query/Processors/MySqlProcessor->processInsertGetId()
#6 D:/DiskFiles/Projects/Web/upwork_Invoice_Ninja/reception-par-type/vendor/laravel/framework/src/Illuminate/Queue/DatabaseQueue.php(188): Illuminate/Database/Query/Builder->insertGetId()
#7 D:/DiskFiles/Projects/Web/upwork_Invoice_Ninja/reception-par-type/vendor/laravel/framework/src/Illuminate/Queue/DatabaseQueue.php(99): Illuminate/Queue/DatabaseQueue->pushToDatabase()
#8 D:/DiskFiles/Projects/Web/upwork_Invoice_Ninja/reception-par-type/vendor/laravel/framework/src/Illuminate/Queue/Queue.php(338): Illuminate/Queue/DatabaseQueue->Illuminate/Queue/{closure}()
#9 D:/DiskFiles/Projects/Web/upwork_Invoice_Ninja/reception-par-type/vendor/laravel/framework/src/Illuminate/Queue/DatabaseQueue.php(93): Illuminate/Queue/Queue->enqueueUsing()
#10 D:/DiskFiles/Projects/Web/upwork_Invoice_Ninja/reception-par-type/vendor/laravel/framework/src/Illuminate/Bus/Dispatcher.php(244): Illuminate/Queue/DatabaseQueue->push()
#11 D:/DiskFiles/Projects/Web/upwork_Invoice_Ninja/reception-par-type/vendor/laravel/framework/src/Illuminate/Bus/Dispatcher.php(228): Illuminate/Bus/Dispatcher->pushCommandToQueue()
#12 D:/DiskFiles/Projects/Web/upwork_Invoice_Ninja/reception-par-type/vendor/laravel/framework/src/Illuminate/Bus/Dispatcher.php(77): Illuminate/Bus/Dispatcher->dispatchToQueue()
#13 D:/DiskFiles/Projects/Web/upwork_Invoice_Ninja/reception-par-type/vendor/laravel/framework/src/Illuminate/Foundation/Bus/PendingDispatch.php(222): Illuminate/Bus/Dispatcher->dispatch()
#14 D:/DiskFiles/Projects/Web/upwork_Invoice_Ninja/reception-par-type/app/Http/Controllers/Admin/AdminImportController.php(134): Illuminate/Foundation/Bus/PendingDispatch->__destruct()
#15 D:/DiskFiles/Projects/Web/upwork_Invoice_Ninja/reception-par-type/vendor/laravel/framework/src/Illuminate/Routing/Controller.php(54): App/Http/Controllers/Admin/AdminImportController->trigger()
#16 D:/DiskFiles/Projects/Web/upwork_Invoice_Ninja/reception-par-type/vendor/laravel/framework/src/Illuminate/Routing/ControllerDispatcher.php(44): Illuminate/Routing/Controller->callAction()
#17 D:/DiskFiles/Projects/Web/upwork_Invoice_Ninja/reception-par-type/vendor/laravel/framework/src/Illuminate/Routing/Route.php(266): Illuminate/Routing/ControllerDispatcher->dispatch()
#18 D:/DiskFiles/Projects/Web/upwork_Invoice_Ninja/reception-par-type/vendor/laravel/framework/src/Illuminate/Routing/Route.php(212): Illuminate/Routing/Route->runController()
#19 D:/DiskFiles/Projects/Web/upwork_Invoice_Ninja/reception-par-type/vendor/laravel/framework/src/Illuminate/Routing/Router.php(808): Illuminate/Routing/Route->run()
#20 D:/DiskFiles/Projects/Web/upwork_Invoice_Ninja/reception-par-type/vendor/laravel/framework/src/Illuminate/Pipeline/Pipeline.php(170): Illuminate/Routing/Router->Illuminate/Routing/{closure}()
#21 D:/DiskFiles/Projects/Web/upwork_Invoice_Ninja/reception-par-type/app/Http/Middleware/AdminAccess.php(40): Illuminate/Pipeline/Pipeline->Illuminate/Pipeline/{closure}()
#22 D:/DiskFiles/Projects/Web/upwork_Invoice_Ninja/reception-par-type/vendor/laravel/framework/src/Illuminate/Pipeline/Pipeline.php(209): App/Http/Middleware/AdminAccess->handle()
#23 D:/DiskFiles/Projects/Web/upwork_Invoice_Ninja/reception-par-type/app/Http/Middleware/TrackAffiliate.php(45): Illuminate/Pipeline/Pipeline->Illuminate/Pipeline/{closure}()
#24 D:/DiskFiles/Projects/Web/upwork_Invoice_Ninja/reception-par-type/vendor/laravel/framework/src/Illuminate/Pipeline/Pipeline.php(209): App/Http/Middleware/TrackAffiliate->handle()
#25 D:/DiskFiles/Projects/Web/upwork_Invoice_Ninja/reception-par-type/vendor/laravel/framework/src/Illuminate/Routing/Middleware/SubstituteBindings.php(51): Illuminate/Pipeline/Pipeline->Illuminate/Pipeline/{closure}()
#26 D:/DiskFiles/Projects/Web/upwork_Invoice_Ninja/reception-par-type/vendor/laravel/framework/src/Illuminate/Pipeline/Pipeline.php(209): Illuminate/Routing/Middleware/SubstituteBindings->handle()
#27 D:/DiskFiles/Projects/Web/upwork_Invoice_Ninja/reception-par-type/vendor/laravel/framework/src/Illuminate/Auth/Middleware/Authenticate.php(64): Illuminate/Pipeline/Pipeline->Illuminate/Pipeline/{closure}()
#28 D:/DiskFiles/Projects/Web/upwork_Invoice_Ninja/reception-par-type/vendor/laravel/framework/src/Illuminate/Pipeline/Pipeline.php(209): Illuminate/Auth/Middleware/Authenticate->handle()
#29 D:/DiskFiles/Projects/Web/upwork_Invoice_Ninja/reception-par-type/vendor/laravel/framework/src/Illuminate/Foundation/Http/Middleware/VerifyCsrfToken.php(88): Illuminate/Pipeline/Pipeline->Illuminate/Pipeline/{closure}()
#30 D:/DiskFiles/Projects/Web/upwork_Invoice_Ninja/reception-par-type/vendor/laravel/framework/src/Illuminate/Pipeline/Pipeline.php(209): Illuminate/Foundation/Http/Middleware/VerifyCsrfToken->handle()
#31 D:/DiskFiles/Projects/Web/upwork_Invoice_Ninja/reception-par-type/vendor/laravel/framework/src/Illuminate/View/Middleware/ShareErrorsFromSession.php(49): Illuminate/Pipeline/Pipeline->Illuminate/Pipeline/{closure}()
#32 D:/DiskFiles/Projects/Web/upwork_Invoice_Ninja/reception-par-type/vendor/laravel/framework/src/Illuminate/Pipeline/Pipeline.php(209): Illuminate/View/Middleware/ShareErrorsFromSession->handle()
#33 D:/DiskFiles/Projects/Web/upwork_Invoice_Ninja/reception-par-type/vendor/laravel/framework/src/Illuminate/Session/Middleware/StartSession.php(121): Illuminate/Pipeline/Pipeline->Illuminate/Pipeline/{closure}()
#34 D:/DiskFiles/Projects/Web/upwork_Invoice_Ninja/reception-par-type/vendor/laravel/framework/src/Illuminate/Session/Middleware/StartSession.php(64): Illuminate/Session/Middleware/StartSession->handleStatefulRequest()
#35 D:/DiskFiles/Projects/Web/upwork_Invoice_Ninja/reception-par-type/vendor/laravel/framework/src/Illuminate/Pipeline/Pipeline.php(209): Illuminate/Session/Middleware/StartSession->handle()
#36 D:/DiskFiles/Projects/Web/upwork_Invoice_Ninja/reception-par-type/vendor/laravel/framework/src/Illuminate/Cookie/Middleware/AddQueuedCookiesToResponse.php(37): Illuminate/Pipeline/Pipeline->Illuminate/Pipeline/{closure}()
#37 D:/DiskFiles/Projects/Web/upwork_Invoice_Ninja/reception-par-type/vendor/laravel/framework/src/Illuminate/Pipeline/Pipeline.php(209): Illuminate/Cookie/Middleware/AddQueuedCookiesToResponse->handle()
#38 D:/DiskFiles/Projects/Web/upwork_Invoice_Ninja/reception-par-type/vendor/laravel/framework/src/Illuminate/Cookie/Middleware/EncryptCookies.php(75): Illuminate/Pipeline/Pipeline->Illuminate/Pipeline/{closure}()
#39 D:/DiskFiles/Projects/Web/upwork_Invoice_Ninja/reception-par-type/vendor/laravel/framework/src/Illuminate/Pipeline/Pipeline.php(209): Illuminate/Cookie/Middleware/EncryptCookies->handle()
#40 D:/DiskFiles/Projects/Web/upwork_Invoice_Ninja/reception-par-type/vendor/laravel/framework/src/Illuminate/Pipeline/Pipeline.php(127): Illuminate/Pipeline/Pipeline->Illuminate/Pipeline/{closure}()
#41 D:/DiskFiles/Projects/Web/upwork_Invoice_Ninja/reception-par-type/vendor/laravel/framework/src/Illuminate/Routing/Router.php(807): Illuminate/Pipeline/Pipeline->then()
#42 D:/DiskFiles/Projects/Web/upwork_Invoice_Ninja/reception-par-type/vendor/laravel/framework/src/Illuminate/Routing/Router.php(786): Illuminate/Routing/Router->runRouteWithinStack()
#43 D:/DiskFiles/Projects/Web/upwork_Invoice_Ninja/reception-par-type/vendor/laravel/framework/src/Illuminate/Routing/Router.php(750): Illuminate/Routing/Router->runRoute()
#44 D:/DiskFiles/Projects/Web/upwork_Invoice_Ninja/reception-par-type/vendor/laravel/framework/src/Illuminate/Routing/Router.php(739): Illuminate/Routing/Router->dispatchToRoute()
#45 D:/DiskFiles/Projects/Web/upwork_Invoice_Ninja/reception-par-type/vendor/laravel/framework/src/Illuminate/Foundation/Http/Kernel.php(201): Illuminate/Routing/Router->dispatch()
#46 D:/DiskFiles/Projects/Web/upwork_Invoice_Ninja/reception-par-type/vendor/laravel/framework/src/Illuminate/Pipeline/Pipeline.php(170): Illuminate/Foundation/Http/Kernel->Illuminate/Foundation/Http/{closure}()
#47 D:/DiskFiles/Projects/Web/upwork_Invoice_Ninja/reception-par-type/vendor/laravel/framework/src/Illuminate/Foundation/Http/Middleware/TransformsRequest.php(21): Illuminate/Pipeline/Pipeline->Illuminate/Pipeline/{closure}()
#48 D:/DiskFiles/Projects/Web/upwork_Invoice_Ninja/reception-par-type/vendor/laravel/framework/src/Illuminate/Foundation/Http/Middleware/ConvertEmptyStringsToNull.php(31): Illuminate/Foundation/Http/Middleware/TransformsRequest->handle()
#49 D:/DiskFiles/Projects/Web/upwork_Invoice_Ninja/reception-par-type/vendor/laravel/framework/src/Illuminate/Pipeline/Pipeline.php(209): Illuminate/Foundation/Http/Middleware/ConvertEmptyStringsToNull->handle()
#50 D:/DiskFiles/Projects/Web/upwork_Invoice_Ninja/reception-par-type/vendor/laravel/framework/src/Illuminate/Foundation/Http/Middleware/TransformsRequest.php(21): Illuminate/Pipeline/Pipeline->Illuminate/Pipeline/{closure}()
#51 D:/DiskFiles/Projects/Web/upwork_Invoice_Ninja/reception-par-type/vendor/laravel/framework/src/Illuminate/Foundation/Http/Middleware/TrimStrings.php(51): Illuminate/Foundation/Http/Middleware/TransformsRequest->handle()
#52 D:/DiskFiles/Projects/Web/upwork_Invoice_Ninja/reception-par-type/vendor/laravel/framework/src/Illuminate/Pipeline/Pipeline.php(209): Illuminate/Foundation/Http/Middleware/TrimStrings->handle()
#53 D:/DiskFiles/Projects/Web/upwork_Invoice_Ninja/reception-par-type/vendor/laravel/framework/src/Illuminate/Http/Middleware/ValidatePostSize.php(27): Illuminate/Pipeline/Pipeline->Illuminate/Pipeline/{closure}()
#54 D:/DiskFiles/Projects/Web/upwork_Invoice_Ninja/reception-par-type/vendor/laravel/framework/src/Illuminate/Pipeline/Pipeline.php(209): Illuminate/Http/Middleware/ValidatePostSize->handle()
#55 D:/DiskFiles/Projects/Web/upwork_Invoice_Ninja/reception-par-type/vendor/laravel/framework/src/Illuminate/Foundation/Http/Middleware/PreventRequestsDuringMaintenance.php(110): Illuminate/Pipeline/Pipeline->Illuminate/Pipeline/{closure}()
#56 D:/DiskFiles/Projects/Web/upwork_Invoice_Ninja/reception-par-type/vendor/laravel/framework/src/Illuminate/Pipeline/Pipeline.php(209): Illuminate/Foundation/Http/Middleware/PreventRequestsDuringMaintenance->handle()
#57 D:/DiskFiles/Projects/Web/upwork_Invoice_Ninja/reception-par-type/vendor/laravel/framework/src/Illuminate/Http/Middleware/HandleCors.php(49): Illuminate/Pipeline/Pipeline->Illuminate/Pipeline/{closure}()
#58 D:/DiskFiles/Projects/Web/upwork_Invoice_Ninja/reception-par-type/vendor/laravel/framework/src/Illuminate/Pipeline/Pipeline.php(209): Illuminate/Http/Middleware/HandleCors->handle()
#59 D:/DiskFiles/Projects/Web/upwork_Invoice_Ninja/reception-par-type/vendor/laravel/framework/src/Illuminate/Http/Middleware/TrustProxies.php(58): Illuminate/Pipeline/Pipeline->Illuminate/Pipeline/{closure}()
#60 D:/DiskFiles/Projects/Web/upwork_Invoice_Ninja/reception-par-type/vendor/laravel/framework/src/Illuminate/Pipeline/Pipeline.php(209): Illuminate/Http/Middleware/TrustProxies->handle()
#61 D:/DiskFiles/Projects/Web/upwork_Invoice_Ninja/reception-par-type/vendor/laravel/framework/src/Illuminate/Foundation/Http/Middleware/InvokeDeferredCallbacks.php(22): Illuminate/Pipeline/Pipeline->Illuminate/Pipeline/{closure}()
#62 D:/DiskFiles/Projects/Web/upwork_Invoice_Ninja/reception-par-type/vendor/laravel/framework/src/Illuminate/Pipeline/Pipeline.php(209): Illuminate/Foundation/Http/Middleware/InvokeDeferredCallbacks->handle()
#63 D:/DiskFiles/Projects/Web/upwork_Invoice_Ninja/reception-par-type/vendor/laravel/framework/src/Illuminate/Pipeline/Pipeline.php(127): Illuminate/Pipeline/Pipeline->Illuminate/Pipeline/{closure}()
#64 D:/DiskFiles/Projects/Web/upwork_Invoice_Ninja/reception-par-type/vendor/laravel/framework/src/Illuminate/Foundation/Http/Kernel.php(176): Illuminate/Pipeline/Pipeline->then()
#65 D:/DiskFiles/Projects/Web/upwork_Invoice_Ninja/reception-par-type/vendor/laravel/framework/src/Illuminate/Foundation/Http/Kernel.php(145): Illuminate/Foundation/Http/Kernel->sendRequestThroughRouter()
#66 D:/DiskFiles/Projects/Web/upwork_Invoice_Ninja/reception-par-type/vendor/laravel/framework/src/Illuminate/Foundation/Application.php(1220): Illuminate/Foundation/Http/Kernel->handle()
#67 D:/DiskFiles/Projects/Web/upwork_Invoice_Ninja/reception-par-type/public/index.php(18): Illuminate/Foundation/Application->handleRequest()
#68 D:/DiskFiles/Projects/Web/upwork_Invoice_Ninja/reception-par-type/vendor/laravel/framework/src/Illuminate/Foundation/resources/server.php(23): require_once('...')
#69 {main}
"} 
[2026-06-24 14:26:12] production.ERROR: SQLSTATE[42S02]: Base table or view not found: 1146 Table 'c2815213c_receptiondb.jobs' doesn't exist (Connection: mysql, SQL: insert into `jobs` (`queue`, `attempts`, `reserved_at`, `available_at`, `created_at`, `payload`) values (imports, 0, ?, 1782303972, 1782303972, {"uuid":"830edac5-9313-424a-a3be-ad3b705c01ce","displayName":"App\\Jobs\\ImportAstraNewsletterJob","job":"Illuminate\\Queue\\CallQueuedHandler@call","maxTries":3,"maxExceptions":null,"failOnTimeout":false,"backoff":"60","timeout":600,"retryUntil":null,"data":{"commandName":"App\\Jobs\\ImportAstraNewsletterJob","command":"O:33:\"App\\Jobs\\ImportAstraNewsletterJob\":5:{s:44:\"\u0000App\\Jobs\\ImportAstraNewsletterJob\u0000directory\";s:0:\"\";s:46:\"\u0000App\\Jobs\\ImportAstraNewsletterJob\u0000triggeredBy\";s:32:\"admin:01kvarefp6wsnndkj42mr077f2\";s:47:\"\u0000App\\Jobs\\ImportAstraNewsletterJob\u0000specificFile\";N;s:52:\"\u0000App\\Jobs\\ImportAstraNewsletterJob\u0000deleteAfterImport\";b:1;s:5:\"queue\";s:7:\"imports\";}"}})) {"userId":"01kvarefp6wsnndkj42mr077f2","exception":"[object] (Illuminate\\Database\\QueryException(code: 42S02): SQLSTATE[42S02]: Base table or view not found: 1146 Table 'c2815213c_receptiondb.jobs' doesn't exist (Connection: mysql, SQL: insert into `jobs` (`queue`, `attempts`, `reserved_at`, `available_at`, `created_at`, `payload`) values (imports, 0, ?, 1782303972, 1782303972, {\"uuid\":\"830edac5-9313-424a-a3be-ad3b705c01ce\",\"displayName\":\"App\\\\Jobs\\\\ImportAstraNewsletterJob\",\"job\":\"Illuminate\\\\Queue\\\\CallQueuedHandler@call\",\"maxTries\":3,\"maxExceptions\":null,\"failOnTimeout\":false,\"backoff\":\"60\",\"timeout\":600,\"retryUntil\":null,\"data\":{\"commandName\":\"App\\\\Jobs\\\\ImportAstraNewsletterJob\",\"command\":\"O:33:\\\"App\\\\Jobs\\\\ImportAstraNewsletterJob\\\":5:{s:44:\\\"\\u0000App\\\\Jobs\\\\ImportAstraNewsletterJob\\u0000directory\\\";s:0:\\\"\\\";s:46:\\\"\\u0000App\\\\Jobs\\\\ImportAstraNewsletterJob\\u0000triggeredBy\\\";s:32:\\\"admin:01kvarefp6wsnndkj42mr077f2\\\";s:47:\\\"\\u0000App\\\\Jobs\\\\ImportAstraNewsletterJob\\u0000specificFile\\\";N;s:52:\\\"\\u0000App\\\\Jobs\\\\ImportAstraNewsletterJob\\u0000deleteAfterImport\\\";b:1;s:5:\\\"queue\\\";s:7:\\\"imports\\\";}\"}})) at D:/DiskFiles/Projects/Web/upwork_Invoice_Ninja/reception-par-type/vendor/laravel/framework/src/Illuminate/Database/Connection.php:825)
[stacktrace]
#0 D:/DiskFiles/Projects/Web/upwork_Invoice_Ninja/reception-par-type/vendor/laravel/framework/src/Illuminate/Database/Connection.php(779): Illuminate/Database/Connection->runQueryCallback()
#1 D:/DiskFiles/Projects/Web/upwork_Invoice_Ninja/reception-par-type/vendor/laravel/framework/src/Illuminate/Database/MySqlConnection.php(42): Illuminate/Database/Connection->run()
#2 D:/DiskFiles/Projects/Web/upwork_Invoice_Ninja/reception-par-type/vendor/laravel/framework/src/Illuminate/Database/Query/Processors/MySqlProcessor.php(35): Illuminate/Database/MySqlConnection->insert()
#3 D:/DiskFiles/Projects/Web/upwork_Invoice_Ninja/reception-par-type/vendor/laravel/framework/src/Illuminate/Database/Query/Builder.php(3766): Illuminate/Database/Query/Processors/MySqlProcessor->processInsertGetId()
#4 D:/DiskFiles/Projects/Web/upwork_Invoice_Ninja/reception-par-type/vendor/laravel/framework/src/Illuminate/Queue/DatabaseQueue.php(188): Illuminate/Database/Query/Builder->insertGetId()
#5 D:/DiskFiles/Projects/Web/upwork_Invoice_Ninja/reception-par-type/vendor/laravel/framework/src/Illuminate/Queue/DatabaseQueue.php(99): Illuminate/Queue/DatabaseQueue->pushToDatabase()
#6 D:/DiskFiles/Projects/Web/upwork_Invoice_Ninja/reception-par-type/vendor/laravel/framework/src/Illuminate/Queue/Queue.php(338): Illuminate/Queue/DatabaseQueue->Illuminate/Queue/{closure}()
#7 D:/DiskFiles/Projects/Web/upwork_Invoice_Ninja/reception-par-type/vendor/laravel/framework/src/Illuminate/Queue/DatabaseQueue.php(93): Illuminate/Queue/Queue->enqueueUsing()
#8 D:/DiskFiles/Projects/Web/upwork_Invoice_Ninja/reception-par-type/vendor/laravel/framework/src/Illuminate/Bus/Dispatcher.php(244): Illuminate/Queue/DatabaseQueue->push()
#9 D:/DiskFiles/Projects/Web/upwork_Invoice_Ninja/reception-par-type/vendor/laravel/framework/src/Illuminate/Bus/Dispatcher.php(228): Illuminate/Bus/Dispatcher->pushCommandToQueue()
#10 D:/DiskFiles/Projects/Web/upwork_Invoice_Ninja/reception-par-type/vendor/laravel/framework/src/Illuminate/Bus/Dispatcher.php(77): Illuminate/Bus/Dispatcher->dispatchToQueue()
#11 D:/DiskFiles/Projects/Web/upwork_Invoice_Ninja/reception-par-type/vendor/laravel/framework/src/Illuminate/Foundation/Bus/PendingDispatch.php(222): Illuminate/Bus/Dispatcher->dispatch()
#12 D:/DiskFiles/Projects/Web/upwork_Invoice_Ninja/reception-par-type/app/Http/Controllers/Admin/AdminImportController.php(134): Illuminate/Foundation/Bus/PendingDispatch->__destruct()
#13 D:/DiskFiles/Projects/Web/upwork_Invoice_Ninja/reception-par-type/vendor/laravel/framework/src/Illuminate/Routing/Controller.php(54): App/Http/Controllers/Admin/AdminImportController->trigger()
#14 D:/DiskFiles/Projects/Web/upwork_Invoice_Ninja/reception-par-type/vendor/laravel/framework/src/Illuminate/Routing/ControllerDispatcher.php(44): Illuminate/Routing/Controller->callAction()
#15 D:/DiskFiles/Projects/Web/upwork_Invoice_Ninja/reception-par-type/vendor/laravel/framework/src/Illuminate/Routing/Route.php(266): Illuminate/Routing/ControllerDispatcher->dispatch()
#16 D:/DiskFiles/Projects/Web/upwork_Invoice_Ninja/reception-par-type/vendor/laravel/framework/src/Illuminate/Routing/Route.php(212): Illuminate/Routing/Route->runController()
#17 D:/DiskFiles/Projects/Web/upwork_Invoice_Ninja/reception-par-type/vendor/laravel/framework/src/Illuminate/Routing/Router.php(808): Illuminate/Routing/Route->run()
#18 D:/DiskFiles/Projects/Web/upwork_Invoice_Ninja/reception-par-type/vendor/laravel/framework/src/Illuminate/Pipeline/Pipeline.php(170): Illuminate/Routing/Router->Illuminate/Routing/{closure}()
#19 D:/DiskFiles/Projects/Web/upwork_Invoice_Ninja/reception-par-type/app/Http/Middleware/AdminAccess.php(40): Illuminate/Pipeline/Pipeline->Illuminate/Pipeline/{closure}()
#20 D:/DiskFiles/Projects/Web/upwork_Invoice_Ninja/reception-par-type/vendor/laravel/framework/src/Illuminate/Pipeline/Pipeline.php(209): App/Http/Middleware/AdminAccess->handle()
#21 D:/DiskFiles/Projects/Web/upwork_Invoice_Ninja/reception-par-type/app/Http/Middleware/TrackAffiliate.php(45): Illuminate/Pipeline/Pipeline->Illuminate/Pipeline/{closure}()
#22 D:/DiskFiles/Projects/Web/upwork_Invoice_Ninja/reception-par-type/vendor/laravel/framework/src/Illuminate/Pipeline/Pipeline.php(209): App/Http/Middleware/TrackAffiliate->handle()
#23 D:/DiskFiles/Projects/Web/upwork_Invoice_Ninja/reception-par-type/vendor/laravel/framework/src/Illuminate/Routing/Middleware/SubstituteBindings.php(51): Illuminate/Pipeline/Pipeline->Illuminate/Pipeline/{closure}()
#24 D:/DiskFiles/Projects/Web/upwork_Invoice_Ninja/reception-par-type/vendor/laravel/framework/src/Illuminate/Pipeline/Pipeline.php(209): Illuminate/Routing/Middleware/SubstituteBindings->handle()
#25 D:/DiskFiles/Projects/Web/upwork_Invoice_Ninja/reception-par-type/vendor/laravel/framework/src/Illuminate/Auth/Middleware/Authenticate.php(64): Illuminate/Pipeline/Pipeline->Illuminate/Pipeline/{closure}()
#26 D:/DiskFiles/Projects/Web/upwork_Invoice_Ninja/reception-par-type/vendor/laravel/framework/src/Illuminate/Pipeline/Pipeline.php(209): Illuminate/Auth/Middleware/Authenticate->handle()
#27 D:/DiskFiles/Projects/Web/upwork_Invoice_Ninja/reception-par-type/vendor/laravel/framework/src/Illuminate/Foundation/Http/Middleware/VerifyCsrfToken.php(88): Illuminate/Pipeline/Pipeline->Illuminate/Pipeline/{closure}()
#28 D:/DiskFiles/Projects/Web/upwork_Invoice_Ninja/reception-par-type/vendor/laravel/framework/src/Illuminate/Pipeline/Pipeline.php(209): Illuminate/Foundation/Http/Middleware/VerifyCsrfToken->handle()
#29 D:/DiskFiles/Projects/Web/upwork_Invoice_Ninja/reception-par-type/vendor/laravel/framework/src/Illuminate/View/Middleware/ShareErrorsFromSession.php(49): Illuminate/Pipeline/Pipeline->Illuminate/Pipeline/{closure}()
#30 D:/DiskFiles/Projects/Web/upwork_Invoice_Ninja/reception-par-type/vendor/laravel/framework/src/Illuminate/Pipeline/Pipeline.php(209): Illuminate/View/Middleware/ShareErrorsFromSession->handle()
#31 D:/DiskFiles/Projects/Web/upwork_Invoice_Ninja/reception-par-type/vendor/laravel/framework/src/Illuminate/Session/Middleware/StartSession.php(121): Illuminate/Pipeline/Pipeline->Illuminate/Pipeline/{closure}()
#32 D:/DiskFiles/Projects/Web/upwork_Invoice_Ninja/reception-par-type/vendor/laravel/framework/src/Illuminate/Session/Middleware/StartSession.php(64): Illuminate/Session/Middleware/StartSession->handleStatefulRequest()
#33 D:/DiskFiles/Projects/Web/upwork_Invoice_Ninja/reception-par-type/vendor/laravel/framework/src/Illuminate/Pipeline/Pipeline.php(209): Illuminate/Session/Middleware/StartSession->handle()
#34 D:/DiskFiles/Projects/Web/upwork_Invoice_Ninja/reception-par-type/vendor/laravel/framework/src/Illuminate/Cookie/Middleware/AddQueuedCookiesToResponse.php(37): Illuminate/Pipeline/Pipeline->Illuminate/Pipeline/{closure}()
#35 D:/DiskFiles/Projects/Web/upwork_Invoice_Ninja/reception-par-type/vendor/laravel/framework/src/Illuminate/Pipeline/Pipeline.php(209): Illuminate/Cookie/Middleware/AddQueuedCookiesToResponse->handle()
#36 D:/DiskFiles/Projects/Web/upwork_Invoice_Ninja/reception-par-type/vendor/laravel/framework/src/Illuminate/Cookie/Middleware/EncryptCookies.php(75): Illuminate/Pipeline/Pipeline->Illuminate/Pipeline/{closure}()
#37 D:/DiskFiles/Projects/Web/upwork_Invoice_Ninja/reception-par-type/vendor/laravel/framework/src/Illuminate/Pipeline/Pipeline.php(209): Illuminate/Cookie/Middleware/EncryptCookies->handle()
#38 D:/DiskFiles/Projects/Web/upwork_Invoice_Ninja/reception-par-type/vendor/laravel/framework/src/Illuminate/Pipeline/Pipeline.php(127): Illuminate/Pipeline/Pipeline->Illuminate/Pipeline/{closure}()
#39 D:/DiskFiles/Projects/Web/upwork_Invoice_Ninja/reception-par-type/vendor/laravel/framework/src/Illuminate/Routing/Router.php(807): Illuminate/Pipeline/Pipeline->then()
#40 D:/DiskFiles/Projects/Web/upwork_Invoice_Ninja/reception-par-type/vendor/laravel/framework/src/Illuminate/Routing/Router.php(786): Illuminate/Routing/Router->runRouteWithinStack()
#41 D:/DiskFiles/Projects/Web/upwork_Invoice_Ninja/reception-par-type/vendor/laravel/framework/src/Illuminate/Routing/Router.php(750): Illuminate/Routing/Router->runRoute()
#42 D:/DiskFiles/Projects/Web/upwork_Invoice_Ninja/reception-par-type/vendor/laravel/framework/src/Illuminate/Routing/Router.php(739): Illuminate/Routing/Router->dispatchToRoute()
#43 D:/DiskFiles/Projects/Web/upwork_Invoice_Ninja/reception-par-type/vendor/laravel/framework/src/Illuminate/Foundation/Http/Kernel.php(201): Illuminate/Routing/Router->dispatch()
#44 D:/DiskFiles/Projects/Web/upwork_Invoice_Ninja/reception-par-type/vendor/laravel/framework/src/Illuminate/Pipeline/Pipeline.php(170): Illuminate/Foundation/Http/Kernel->Illuminate/Foundation/Http/{closure}()
#45 D:/DiskFiles/Projects/Web/upwork_Invoice_Ninja/reception-par-type/vendor/laravel/framework/src/Illuminate/Foundation/Http/Middleware/TransformsRequest.php(21): Illuminate/Pipeline/Pipeline->Illuminate/Pipeline/{closure}()
#46 D:/DiskFiles/Projects/Web/upwork_Invoice_Ninja/reception-par-type/vendor/laravel/framework/src/Illuminate/Foundation/Http/Middleware/ConvertEmptyStringsToNull.php(31): Illuminate/Foundation/Http/Middleware/TransformsRequest->handle()
#47 D:/DiskFiles/Projects/Web/upwork_Invoice_Ninja/reception-par-type/vendor/laravel/framework/src/Illuminate/Pipeline/Pipeline.php(209): Illuminate/Foundation/Http/Middleware/ConvertEmptyStringsToNull->handle()
#48 D:/DiskFiles/Projects/Web/upwork_Invoice_Ninja/reception-par-type/vendor/laravel/framework/src/Illuminate/Foundation/Http/Middleware/TransformsRequest.php(21): Illuminate/Pipeline/Pipeline->Illuminate/Pipeline/{closure}()
#49 D:/DiskFiles/Projects/Web/upwork_Invoice_Ninja/reception-par-type/vendor/laravel/framework/src/Illuminate/Foundation/Http/Middleware/TrimStrings.php(51): Illuminate/Foundation/Http/Middleware/TransformsRequest->handle()
#50 D:/DiskFiles/Projects/Web/upwork_Invoice_Ninja/reception-par-type/vendor/laravel/framework/src/Illuminate/Pipeline/Pipeline.php(209): Illuminate/Foundation/Http/Middleware/TrimStrings->handle()
#51 D:/DiskFiles/Projects/Web/upwork_Invoice_Ninja/reception-par-type/vendor/laravel/framework/src/Illuminate/Http/Middleware/ValidatePostSize.php(27): Illuminate/Pipeline/Pipeline->Illuminate/Pipeline/{closure}()
#52 D:/DiskFiles/Projects/Web/upwork_Invoice_Ninja/reception-par-type/vendor/laravel/framework/src/Illuminate/Pipeline/Pipeline.php(209): Illuminate/Http/Middleware/ValidatePostSize->handle()
#53 D:/DiskFiles/Projects/Web/upwork_Invoice_Ninja/reception-par-type/vendor/laravel/framework/src/Illuminate/Foundation/Http/Middleware/PreventRequestsDuringMaintenance.php(110): Illuminate/Pipeline/Pipeline->Illuminate/Pipeline/{closure}()
#54 D:/DiskFiles/Projects/Web/upwork_Invoice_Ninja/reception-par-type/vendor/laravel/framework/src/Illuminate/Pipeline/Pipeline.php(209): Illuminate/Foundation/Http/Middleware/PreventRequestsDuringMaintenance->handle()
#55 D:/DiskFiles/Projects/Web/upwork_Invoice_Ninja/reception-par-type/vendor/laravel/framework/src/Illuminate/Http/Middleware/HandleCors.php(49): Illuminate/Pipeline/Pipeline->Illuminate/Pipeline/{closure}()
#56 D:/DiskFiles/Projects/Web/upwork_Invoice_Ninja/reception-par-type/vendor/laravel/framework/src/Illuminate/Pipeline/Pipeline.php(209): Illuminate/Http/Middleware/HandleCors->handle()
#57 D:/DiskFiles/Projects/Web/upwork_Invoice_Ninja/reception-par-type/vendor/laravel/framework/src/Illuminate/Http/Middleware/TrustProxies.php(58): Illuminate/Pipeline/Pipeline->Illuminate/Pipeline/{closure}()
#58 D:/DiskFiles/Projects/Web/upwork_Invoice_Ninja/reception-par-type/vendor/laravel/framework/src/Illuminate/Pipeline/Pipeline.php(209): Illuminate/Http/Middleware/TrustProxies->handle()
#59 D:/DiskFiles/Projects/Web/upwork_Invoice_Ninja/reception-par-type/vendor/laravel/framework/src/Illuminate/Foundation/Http/Middleware/InvokeDeferredCallbacks.php(22): Illuminate/Pipeline/Pipeline->Illuminate/Pipeline/{closure}()
#60 D:/DiskFiles/Projects/Web/upwork_Invoice_Ninja/reception-par-type/vendor/laravel/framework/src/Illuminate/Pipeline/Pipeline.php(209): Illuminate/Foundation/Http/Middleware/InvokeDeferredCallbacks->handle()
#61 D:/DiskFiles/Projects/Web/upwork_Invoice_Ninja/reception-par-type/vendor/laravel/framework/src/Illuminate/Pipeline/Pipeline.php(127): Illuminate/Pipeline/Pipeline->Illuminate/Pipeline/{closure}()
#62 D:/DiskFiles/Projects/Web/upwork_Invoice_Ninja/reception-par-type/vendor/laravel/framework/src/Illuminate/Foundation/Http/Kernel.php(176): Illuminate/Pipeline/Pipeline->then()
#63 D:/DiskFiles/Projects/Web/upwork_Invoice_Ninja/reception-par-type/vendor/laravel/framework/src/Illuminate/Foundation/Http/Kernel.php(145): Illuminate/Foundation/Http/Kernel->sendRequestThroughRouter()
#64 D:/DiskFiles/Projects/Web/upwork_Invoice_Ninja/reception-par-type/vendor/laravel/framework/src/Illuminate/Foundation/Application.php(1220): Illuminate/Foundation/Http/Kernel->handle()
#65 D:/DiskFiles/Projects/Web/upwork_Invoice_Ninja/reception-par-type/public/index.php(18): Illuminate/Foundation/Application->handleRequest()
#66 D:/DiskFiles/Projects/Web/upwork_Invoice_Ninja/reception-par-type/vendor/laravel/framework/src/Illuminate/Foundation/resources/server.php(23): require_once('...')
#67 {main}

[previous exception] [object] (PDOException(code: 42S02): SQLSTATE[42S02]: Base table or view not found: 1146 Table 'c2815213c_receptiondb.jobs' doesn't exist at D:/DiskFiles/Projects/Web/upwork_Invoice_Ninja/reception-par-type/vendor/laravel/framework/src/Illuminate/Database/MySqlConnection.php:47)
[stacktrace]
#0 D:/DiskFiles/Projects/Web/upwork_Invoice_Ninja/reception-par-type/vendor/laravel/framework/src/Illuminate/Database/MySqlConnection.php(47): PDO->prepare()
#1 D:/DiskFiles/Projects/Web/upwork_Invoice_Ninja/reception-par-type/vendor/laravel/framework/src/Illuminate/Database/Connection.php(812): Illuminate/Database/MySqlConnection->Illuminate/Database/{closure}()
#2 D:/DiskFiles/Projects/Web/upwork_Invoice_Ninja/reception-par-type/vendor/laravel/framework/src/Illuminate/Database/Connection.php(779): Illuminate/Database/Connection->runQueryCallback()
#3 D:/DiskFiles/Projects/Web/upwork_Invoice_Ninja/reception-par-type/vendor/laravel/framework/src/Illuminate/Database/MySqlConnection.php(42): Illuminate/Database/Connection->run()
#4 D:/DiskFiles/Projects/Web/upwork_Invoice_Ninja/reception-par-type/vendor/laravel/framework/src/Illuminate/Database/Query/Processors/MySqlProcessor.php(35): Illuminate/Database/MySqlConnection->insert()
#5 D:/DiskFiles/Projects/Web/upwork_Invoice_Ninja/reception-par-type/vendor/laravel/framework/src/Illuminate/Database/Query/Builder.php(3766): Illuminate/Database/Query/Processors/MySqlProcessor->processInsertGetId()
#6 D:/DiskFiles/Projects/Web/upwork_Invoice_Ninja/reception-par-type/vendor/laravel/framework/src/Illuminate/Queue/DatabaseQueue.php(188): Illuminate/Database/Query/Builder->insertGetId()
#7 D:/DiskFiles/Projects/Web/upwork_Invoice_Ninja/reception-par-type/vendor/laravel/framework/src/Illuminate/Queue/DatabaseQueue.php(99): Illuminate/Queue/DatabaseQueue->pushToDatabase()
#8 D:/DiskFiles/Projects/Web/upwork_Invoice_Ninja/reception-par-type/vendor/laravel/framework/src/Illuminate/Queue/Queue.php(338): Illuminate/Queue/DatabaseQueue->Illuminate/Queue/{closure}()
#9 D:/DiskFiles/Projects/Web/upwork_Invoice_Ninja/reception-par-type/vendor/laravel/framework/src/Illuminate/Queue/DatabaseQueue.php(93): Illuminate/Queue/Queue->enqueueUsing()
#10 D:/DiskFiles/Projects/Web/upwork_Invoice_Ninja/reception-par-type/vendor/laravel/framework/src/Illuminate/Bus/Dispatcher.php(244): Illuminate/Queue/DatabaseQueue->push()
#11 D:/DiskFiles/Projects/Web/upwork_Invoice_Ninja/reception-par-type/vendor/laravel/framework/src/Illuminate/Bus/Dispatcher.php(228): Illuminate/Bus/Dispatcher->pushCommandToQueue()
#12 D:/DiskFiles/Projects/Web/upwork_Invoice_Ninja/reception-par-type/vendor/laravel/framework/src/Illuminate/Bus/Dispatcher.php(77): Illuminate/Bus/Dispatcher->dispatchToQueue()
#13 D:/DiskFiles/Projects/Web/upwork_Invoice_Ninja/reception-par-type/vendor/laravel/framework/src/Illuminate/Foundation/Bus/PendingDispatch.php(222): Illuminate/Bus/Dispatcher->dispatch()
#14 D:/DiskFiles/Projects/Web/upwork_Invoice_Ninja/reception-par-type/app/Http/Controllers/Admin/AdminImportController.php(134): Illuminate/Foundation/Bus/PendingDispatch->__destruct()
#15 D:/DiskFiles/Projects/Web/upwork_Invoice_Ninja/reception-par-type/vendor/laravel/framework/src/Illuminate/Routing/Controller.php(54): App/Http/Controllers/Admin/AdminImportController->trigger()
#16 D:/DiskFiles/Projects/Web/upwork_Invoice_Ninja/reception-par-type/vendor/laravel/framework/src/Illuminate/Routing/ControllerDispatcher.php(44): Illuminate/Routing/Controller->callAction()
#17 D:/DiskFiles/Projects/Web/upwork_Invoice_Ninja/reception-par-type/vendor/laravel/framework/src/Illuminate/Routing/Route.php(266): Illuminate/Routing/ControllerDispatcher->dispatch()
#18 D:/DiskFiles/Projects/Web/upwork_Invoice_Ninja/reception-par-type/vendor/laravel/framework/src/Illuminate/Routing/Route.php(212): Illuminate/Routing/Route->runController()
#19 D:/DiskFiles/Projects/Web/upwork_Invoice_Ninja/reception-par-type/vendor/laravel/framework/src/Illuminate/Routing/Router.php(808): Illuminate/Routing/Route->run()
#20 D:/DiskFiles/Projects/Web/upwork_Invoice_Ninja/reception-par-type/vendor/laravel/framework/src/Illuminate/Pipeline/Pipeline.php(170): Illuminate/Routing/Router->Illuminate/Routing/{closure}()
#21 D:/DiskFiles/Projects/Web/upwork_Invoice_Ninja/reception-par-type/app/Http/Middleware/AdminAccess.php(40): Illuminate/Pipeline/Pipeline->Illuminate/Pipeline/{closure}()
#22 D:/DiskFiles/Projects/Web/upwork_Invoice_Ninja/reception-par-type/vendor/laravel/framework/src/Illuminate/Pipeline/Pipeline.php(209): App/Http/Middleware/AdminAccess->handle()
#23 D:/DiskFiles/Projects/Web/upwork_Invoice_Ninja/reception-par-type/app/Http/Middleware/TrackAffiliate.php(45): Illuminate/Pipeline/Pipeline->Illuminate/Pipeline/{closure}()
#24 D:/DiskFiles/Projects/Web/upwork_Invoice_Ninja/reception-par-type/vendor/laravel/framework/src/Illuminate/Pipeline/Pipeline.php(209): App/Http/Middleware/TrackAffiliate->handle()
#25 D:/DiskFiles/Projects/Web/upwork_Invoice_Ninja/reception-par-type/vendor/laravel/framework/src/Illuminate/Routing/Middleware/SubstituteBindings.php(51): Illuminate/Pipeline/Pipeline->Illuminate/Pipeline/{closure}()
#26 D:/DiskFiles/Projects/Web/upwork_Invoice_Ninja/reception-par-type/vendor/laravel/framework/src/Illuminate/Pipeline/Pipeline.php(209): Illuminate/Routing/Middleware/SubstituteBindings->handle()
#27 D:/DiskFiles/Projects/Web/upwork_Invoice_Ninja/reception-par-type/vendor/laravel/framework/src/Illuminate/Auth/Middleware/Authenticate.php(64): Illuminate/Pipeline/Pipeline->Illuminate/Pipeline/{closure}()
#28 D:/DiskFiles/Projects/Web/upwork_Invoice_Ninja/reception-par-type/vendor/laravel/framework/src/Illuminate/Pipeline/Pipeline.php(209): Illuminate/Auth/Middleware/Authenticate->handle()
#29 D:/DiskFiles/Projects/Web/upwork_Invoice_Ninja/reception-par-type/vendor/laravel/framework/src/Illuminate/Foundation/Http/Middleware/VerifyCsrfToken.php(88): Illuminate/Pipeline/Pipeline->Illuminate/Pipeline/{closure}()
#30 D:/DiskFiles/Projects/Web/upwork_Invoice_Ninja/reception-par-type/vendor/laravel/framework/src/Illuminate/Pipeline/Pipeline.php(209): Illuminate/Foundation/Http/Middleware/VerifyCsrfToken->handle()
#31 D:/DiskFiles/Projects/Web/upwork_Invoice_Ninja/reception-par-type/vendor/laravel/framework/src/Illuminate/View/Middleware/ShareErrorsFromSession.php(49): Illuminate/Pipeline/Pipeline->Illuminate/Pipeline/{closure}()
#32 D:/DiskFiles/Projects/Web/upwork_Invoice_Ninja/reception-par-type/vendor/laravel/framework/src/Illuminate/Pipeline/Pipeline.php(209): Illuminate/View/Middleware/ShareErrorsFromSession->handle()
#33 D:/DiskFiles/Projects/Web/upwork_Invoice_Ninja/reception-par-type/vendor/laravel/framework/src/Illuminate/Session/Middleware/StartSession.php(121): Illuminate/Pipeline/Pipeline->Illuminate/Pipeline/{closure}()
#34 D:/DiskFiles/Projects/Web/upwork_Invoice_Ninja/reception-par-type/vendor/laravel/framework/src/Illuminate/Session/Middleware/StartSession.php(64): Illuminate/Session/Middleware/StartSession->handleStatefulRequest()
#35 D:/DiskFiles/Projects/Web/upwork_Invoice_Ninja/reception-par-type/vendor/laravel/framework/src/Illuminate/Pipeline/Pipeline.php(209): Illuminate/Session/Middleware/StartSession->handle()
#36 D:/DiskFiles/Projects/Web/upwork_Invoice_Ninja/reception-par-type/vendor/laravel/framework/src/Illuminate/Cookie/Middleware/AddQueuedCookiesToResponse.php(37): Illuminate/Pipeline/Pipeline->Illuminate/Pipeline/{closure}()
#37 D:/DiskFiles/Projects/Web/upwork_Invoice_Ninja/reception-par-type/vendor/laravel/framework/src/Illuminate/Pipeline/Pipeline.php(209): Illuminate/Cookie/Middleware/AddQueuedCookiesToResponse->handle()
#38 D:/DiskFiles/Projects/Web/upwork_Invoice_Ninja/reception-par-type/vendor/laravel/framework/src/Illuminate/Cookie/Middleware/EncryptCookies.php(75): Illuminate/Pipeline/Pipeline->Illuminate/Pipeline/{closure}()
#39 D:/DiskFiles/Projects/Web/upwork_Invoice_Ninja/reception-par-type/vendor/laravel/framework/src/Illuminate/Pipeline/Pipeline.php(209): Illuminate/Cookie/Middleware/EncryptCookies->handle()
#40 D:/DiskFiles/Projects/Web/upwork_Invoice_Ninja/reception-par-type/vendor/laravel/framework/src/Illuminate/Pipeline/Pipeline.php(127): Illuminate/Pipeline/Pipeline->Illuminate/Pipeline/{closure}()
#41 D:/DiskFiles/Projects/Web/upwork_Invoice_Ninja/reception-par-type/vendor/laravel/framework/src/Illuminate/Routing/Router.php(807): Illuminate/Pipeline/Pipeline->then()
#42 D:/DiskFiles/Projects/Web/upwork_Invoice_Ninja/reception-par-type/vendor/laravel/framework/src/Illuminate/Routing/Router.php(786): Illuminate/Routing/Router->runRouteWithinStack()
#43 D:/DiskFiles/Projects/Web/upwork_Invoice_Ninja/reception-par-type/vendor/laravel/framework/src/Illuminate/Routing/Router.php(750): Illuminate/Routing/Router->runRoute()
#44 D:/DiskFiles/Projects/Web/upwork_Invoice_Ninja/reception-par-type/vendor/laravel/framework/src/Illuminate/Routing/Router.php(739): Illuminate/Routing/Router->dispatchToRoute()
#45 D:/DiskFiles/Projects/Web/upwork_Invoice_Ninja/reception-par-type/vendor/laravel/framework/src/Illuminate/Foundation/Http/Kernel.php(201): Illuminate/Routing/Router->dispatch()
#46 D:/DiskFiles/Projects/Web/upwork_Invoice_Ninja/reception-par-type/vendor/laravel/framework/src/Illuminate/Pipeline/Pipeline.php(170): Illuminate/Foundation/Http/Kernel->Illuminate/Foundation/Http/{closure}()
#47 D:/DiskFiles/Projects/Web/upwork_Invoice_Ninja/reception-par-type/vendor/laravel/framework/src/Illuminate/Foundation/Http/Middleware/TransformsRequest.php(21): Illuminate/Pipeline/Pipeline->Illuminate/Pipeline/{closure}()
#48 D:/DiskFiles/Projects/Web/upwork_Invoice_Ninja/reception-par-type/vendor/laravel/framework/src/Illuminate/Foundation/Http/Middleware/ConvertEmptyStringsToNull.php(31): Illuminate/Foundation/Http/Middleware/TransformsRequest->handle()
#49 D:/DiskFiles/Projects/Web/upwork_Invoice_Ninja/reception-par-type/vendor/laravel/framework/src/Illuminate/Pipeline/Pipeline.php(209): Illuminate/Foundation/Http/Middleware/ConvertEmptyStringsToNull->handle()
#50 D:/DiskFiles/Projects/Web/upwork_Invoice_Ninja/reception-par-type/vendor/laravel/framework/src/Illuminate/Foundation/Http/Middleware/TransformsRequest.php(21): Illuminate/Pipeline/Pipeline->Illuminate/Pipeline/{closure}()
#51 D:/DiskFiles/Projects/Web/upwork_Invoice_Ninja/reception-par-type/vendor/laravel/framework/src/Illuminate/Foundation/Http/Middleware/TrimStrings.php(51): Illuminate/Foundation/Http/Middleware/TransformsRequest->handle()
#52 D:/DiskFiles/Projects/Web/upwork_Invoice_Ninja/reception-par-type/vendor/laravel/framework/src/Illuminate/Pipeline/Pipeline.php(209): Illuminate/Foundation/Http/Middleware/TrimStrings->handle()
#53 D:/DiskFiles/Projects/Web/upwork_Invoice_Ninja/reception-par-type/vendor/laravel/framework/src/Illuminate/Http/Middleware/ValidatePostSize.php(27): Illuminate/Pipeline/Pipeline->Illuminate/Pipeline/{closure}()
#54 D:/DiskFiles/Projects/Web/upwork_Invoice_Ninja/reception-par-type/vendor/laravel/framework/src/Illuminate/Pipeline/Pipeline.php(209): Illuminate/Http/Middleware/ValidatePostSize->handle()
#55 D:/DiskFiles/Projects/Web/upwork_Invoice_Ninja/reception-par-type/vendor/laravel/framework/src/Illuminate/Foundation/Http/Middleware/PreventRequestsDuringMaintenance.php(110): Illuminate/Pipeline/Pipeline->Illuminate/Pipeline/{closure}()
#56 D:/DiskFiles/Projects/Web/upwork_Invoice_Ninja/reception-par-type/vendor/laravel/framework/src/Illuminate/Pipeline/Pipeline.php(209): Illuminate/Foundation/Http/Middleware/PreventRequestsDuringMaintenance->handle()
#57 D:/DiskFiles/Projects/Web/upwork_Invoice_Ninja/reception-par-type/vendor/laravel/framework/src/Illuminate/Http/Middleware/HandleCors.php(49): Illuminate/Pipeline/Pipeline->Illuminate/Pipeline/{closure}()
#58 D:/DiskFiles/Projects/Web/upwork_Invoice_Ninja/reception-par-type/vendor/laravel/framework/src/Illuminate/Pipeline/Pipeline.php(209): Illuminate/Http/Middleware/HandleCors->handle()
#59 D:/DiskFiles/Projects/Web/upwork_Invoice_Ninja/reception-par-type/vendor/laravel/framework/src/Illuminate/Http/Middleware/TrustProxies.php(58): Illuminate/Pipeline/Pipeline->Illuminate/Pipeline/{closure}()
#60 D:/DiskFiles/Projects/Web/upwork_Invoice_Ninja/reception-par-type/vendor/laravel/framework/src/Illuminate/Pipeline/Pipeline.php(209): Illuminate/Http/Middleware/TrustProxies->handle()
#61 D:/DiskFiles/Projects/Web/upwork_Invoice_Ninja/reception-par-type/vendor/laravel/framework/src/Illuminate/Foundation/Http/Middleware/InvokeDeferredCallbacks.php(22): Illuminate/Pipeline/Pipeline->Illuminate/Pipeline/{closure}()
#62 D:/DiskFiles/Projects/Web/upwork_Invoice_Ninja/reception-par-type/vendor/laravel/framework/src/Illuminate/Pipeline/Pipeline.php(209): Illuminate/Foundation/Http/Middleware/InvokeDeferredCallbacks->handle()
#63 D:/DiskFiles/Projects/Web/upwork_Invoice_Ninja/reception-par-type/vendor/laravel/framework/src/Illuminate/Pipeline/Pipeline.php(127): Illuminate/Pipeline/Pipeline->Illuminate/Pipeline/{closure}()
#64 D:/DiskFiles/Projects/Web/upwork_Invoice_Ninja/reception-par-type/vendor/laravel/framework/src/Illuminate/Foundation/Http/Kernel.php(176): Illuminate/Pipeline/Pipeline->then()
#65 D:/DiskFiles/Projects/Web/upwork_Invoice_Ninja/reception-par-type/vendor/laravel/framework/src/Illuminate/Foundation/Http/Kernel.php(145): Illuminate/Foundation/Http/Kernel->sendRequestThroughRouter()
#66 D:/DiskFiles/Projects/Web/upwork_Invoice_Ninja/reception-par-type/vendor/laravel/framework/src/Illuminate/Foundation/Application.php(1220): Illuminate/Foundation/Http/Kernel->handle()
#67 D:/DiskFiles/Projects/Web/upwork_Invoice_Ninja/reception-par-type/public/index.php(18): Illuminate/Foundation/Application->handleRequest()
#68 D:/DiskFiles/Projects/Web/upwork_Invoice_Ninja/reception-par-type/vendor/laravel/framework/src/Illuminate/Foundation/resources/server.php(23): require_once('...')
#69 {main}
"} 
[2026-06-24 14:31:53] production.ERROR: SQLSTATE[42S02]: Base table or view not found: 1146 Table 'c2815213c_receptiondb.jobs' doesn't exist (Connection: mysql, SQL: insert into `jobs` (`queue`, `attempts`, `reserved_at`, `available_at`, `created_at`, `payload`) values (imports, 0, ?, 1782304313, 1782304313, {"uuid":"3c7e2caf-814b-43e2-b108-ac212c98dd5f","displayName":"App\\Jobs\\ImportAstraNewsletterJob","job":"Illuminate\\Queue\\CallQueuedHandler@call","maxTries":3,"maxExceptions":null,"failOnTimeout":false,"backoff":"60","timeout":600,"retryUntil":null,"data":{"commandName":"App\\Jobs\\ImportAstraNewsletterJob","command":"O:33:\"App\\Jobs\\ImportAstraNewsletterJob\":5:{s:44:\"\u0000App\\Jobs\\ImportAstraNewsletterJob\u0000directory\";s:0:\"\";s:46:\"\u0000App\\Jobs\\ImportAstraNewsletterJob\u0000triggeredBy\";s:32:\"admin:01kvarefp6wsnndkj42mr077f2\";s:47:\"\u0000App\\Jobs\\ImportAstraNewsletterJob\u0000specificFile\";N;s:52:\"\u0000App\\Jobs\\ImportAstraNewsletterJob\u0000deleteAfterImport\";b:1;s:5:\"queue\";s:7:\"imports\";}"}})) {"userId":"01kvarefp6wsnndkj42mr077f2","exception":"[object] (Illuminate\\Database\\QueryException(code: 42S02): SQLSTATE[42S02]: Base table or view not found: 1146 Table 'c2815213c_receptiondb.jobs' doesn't exist (Connection: mysql, SQL: insert into `jobs` (`queue`, `attempts`, `reserved_at`, `available_at`, `created_at`, `payload`) values (imports, 0, ?, 1782304313, 1782304313, {\"uuid\":\"3c7e2caf-814b-43e2-b108-ac212c98dd5f\",\"displayName\":\"App\\\\Jobs\\\\ImportAstraNewsletterJob\",\"job\":\"Illuminate\\\\Queue\\\\CallQueuedHandler@call\",\"maxTries\":3,\"maxExceptions\":null,\"failOnTimeout\":false,\"backoff\":\"60\",\"timeout\":600,\"retryUntil\":null,\"data\":{\"commandName\":\"App\\\\Jobs\\\\ImportAstraNewsletterJob\",\"command\":\"O:33:\\\"App\\\\Jobs\\\\ImportAstraNewsletterJob\\\":5:{s:44:\\\"\\u0000App\\\\Jobs\\\\ImportAstraNewsletterJob\\u0000directory\\\";s:0:\\\"\\\";s:46:\\\"\\u0000App\\\\Jobs\\\\ImportAstraNewsletterJob\\u0000triggeredBy\\\";s:32:\\\"admin:01kvarefp6wsnndkj42mr077f2\\\";s:47:\\\"\\u0000App\\\\Jobs\\\\ImportAstraNewsletterJob\\u0000specificFile\\\";N;s:52:\\\"\\u0000App\\\\Jobs\\\\ImportAstraNewsletterJob\\u0000deleteAfterImport\\\";b:1;s:5:\\\"queue\\\";s:7:\\\"imports\\\";}\"}})) at D:/DiskFiles/Projects/Web/upwork_Invoice_Ninja/reception-par-type/vendor/laravel/framework/src/Illuminate/Database/Connection.php:825)
[stacktrace]
#0 D:/DiskFiles/Projects/Web/upwork_Invoice_Ninja/reception-par-type/vendor/laravel/framework/src/Illuminate/Database/Connection.php(779): Illuminate/Database/Connection->runQueryCallback()
#1 D:/DiskFiles/Projects/Web/upwork_Invoice_Ninja/reception-par-type/vendor/laravel/framework/src/Illuminate/Database/MySqlConnection.php(42): Illuminate/Database/Connection->run()
#2 D:/DiskFiles/Projects/Web/upwork_Invoice_Ninja/reception-par-type/vendor/laravel/framework/src/Illuminate/Database/Query/Processors/MySqlProcessor.php(35): Illuminate/Database/MySqlConnection->insert()
#3 D:/DiskFiles/Projects/Web/upwork_Invoice_Ninja/reception-par-type/vendor/laravel/framework/src/Illuminate/Database/Query/Builder.php(3766): Illuminate/Database/Query/Processors/MySqlProcessor->processInsertGetId()
#4 D:/DiskFiles/Projects/Web/upwork_Invoice_Ninja/reception-par-type/vendor/laravel/framework/src/Illuminate/Queue/DatabaseQueue.php(188): Illuminate/Database/Query/Builder->insertGetId()
#5 D:/DiskFiles/Projects/Web/upwork_Invoice_Ninja/reception-par-type/vendor/laravel/framework/src/Illuminate/Queue/DatabaseQueue.php(99): Illuminate/Queue/DatabaseQueue->pushToDatabase()
#6 D:/DiskFiles/Projects/Web/upwork_Invoice_Ninja/reception-par-type/vendor/laravel/framework/src/Illuminate/Queue/Queue.php(338): Illuminate/Queue/DatabaseQueue->Illuminate/Queue/{closure}()
#7 D:/DiskFiles/Projects/Web/upwork_Invoice_Ninja/reception-par-type/vendor/laravel/framework/src/Illuminate/Queue/DatabaseQueue.php(93): Illuminate/Queue/Queue->enqueueUsing()
#8 D:/DiskFiles/Projects/Web/upwork_Invoice_Ninja/reception-par-type/vendor/laravel/framework/src/Illuminate/Bus/Dispatcher.php(244): Illuminate/Queue/DatabaseQueue->push()
#9 D:/DiskFiles/Projects/Web/upwork_Invoice_Ninja/reception-par-type/vendor/laravel/framework/src/Illuminate/Bus/Dispatcher.php(228): Illuminate/Bus/Dispatcher->pushCommandToQueue()
#10 D:/DiskFiles/Projects/Web/upwork_Invoice_Ninja/reception-par-type/vendor/laravel/framework/src/Illuminate/Bus/Dispatcher.php(77): Illuminate/Bus/Dispatcher->dispatchToQueue()
#11 D:/DiskFiles/Projects/Web/upwork_Invoice_Ninja/reception-par-type/vendor/laravel/framework/src/Illuminate/Foundation/Bus/PendingDispatch.php(222): Illuminate/Bus/Dispatcher->dispatch()
#12 D:/DiskFiles/Projects/Web/upwork_Invoice_Ninja/reception-par-type/app/Http/Controllers/Admin/AdminImportController.php(134): Illuminate/Foundation/Bus/PendingDispatch->__destruct()
#13 D:/DiskFiles/Projects/Web/upwork_Invoice_Ninja/reception-par-type/vendor/laravel/framework/src/Illuminate/Routing/Controller.php(54): App/Http/Controllers/Admin/AdminImportController->trigger()
#14 D:/DiskFiles/Projects/Web/upwork_Invoice_Ninja/reception-par-type/vendor/laravel/framework/src/Illuminate/Routing/ControllerDispatcher.php(44): Illuminate/Routing/Controller->callAction()
#15 D:/DiskFiles/Projects/Web/upwork_Invoice_Ninja/reception-par-type/vendor/laravel/framework/src/Illuminate/Routing/Route.php(266): Illuminate/Routing/ControllerDispatcher->dispatch()
#16 D:/DiskFiles/Projects/Web/upwork_Invoice_Ninja/reception-par-type/vendor/laravel/framework/src/Illuminate/Routing/Route.php(212): Illuminate/Routing/Route->runController()
#17 D:/DiskFiles/Projects/Web/upwork_Invoice_Ninja/reception-par-type/vendor/laravel/framework/src/Illuminate/Routing/Router.php(808): Illuminate/Routing/Route->run()
#18 D:/DiskFiles/Projects/Web/upwork_Invoice_Ninja/reception-par-type/vendor/laravel/framework/src/Illuminate/Pipeline/Pipeline.php(170): Illuminate/Routing/Router->Illuminate/Routing/{closure}()
#19 D:/DiskFiles/Projects/Web/upwork_Invoice_Ninja/reception-par-type/app/Http/Middleware/AdminAccess.php(40): Illuminate/Pipeline/Pipeline->Illuminate/Pipeline/{closure}()
#20 D:/DiskFiles/Projects/Web/upwork_Invoice_Ninja/reception-par-type/vendor/laravel/framework/src/Illuminate/Pipeline/Pipeline.php(209): App/Http/Middleware/AdminAccess->handle()
#21 D:/DiskFiles/Projects/Web/upwork_Invoice_Ninja/reception-par-type/app/Http/Middleware/TrackAffiliate.php(45): Illuminate/Pipeline/Pipeline->Illuminate/Pipeline/{closure}()
#22 D:/DiskFiles/Projects/Web/upwork_Invoice_Ninja/reception-par-type/vendor/laravel/framework/src/Illuminate/Pipeline/Pipeline.php(209): App/Http/Middleware/TrackAffiliate->handle()
#23 D:/DiskFiles/Projects/Web/upwork_Invoice_Ninja/reception-par-type/vendor/laravel/framework/src/Illuminate/Routing/Middleware/SubstituteBindings.php(51): Illuminate/Pipeline/Pipeline->Illuminate/Pipeline/{closure}()
#24 D:/DiskFiles/Projects/Web/upwork_Invoice_Ninja/reception-par-type/vendor/laravel/framework/src/Illuminate/Pipeline/Pipeline.php(209): Illuminate/Routing/Middleware/SubstituteBindings->handle()
#25 D:/DiskFiles/Projects/Web/upwork_Invoice_Ninja/reception-par-type/vendor/laravel/framework/src/Illuminate/Auth/Middleware/Authenticate.php(64): Illuminate/Pipeline/Pipeline->Illuminate/Pipeline/{closure}()
#26 D:/DiskFiles/Projects/Web/upwork_Invoice_Ninja/reception-par-type/vendor/laravel/framework/src/Illuminate/Pipeline/Pipeline.php(209): Illuminate/Auth/Middleware/Authenticate->handle()
#27 D:/DiskFiles/Projects/Web/upwork_Invoice_Ninja/reception-par-type/vendor/laravel/framework/src/Illuminate/Foundation/Http/Middleware/VerifyCsrfToken.php(88): Illuminate/Pipeline/Pipeline->Illuminate/Pipeline/{closure}()
#28 D:/DiskFiles/Projects/Web/upwork_Invoice_Ninja/reception-par-type/vendor/laravel/framework/src/Illuminate/Pipeline/Pipeline.php(209): Illuminate/Foundation/Http/Middleware/VerifyCsrfToken->handle()
#29 D:/DiskFiles/Projects/Web/upwork_Invoice_Ninja/reception-par-type/vendor/laravel/framework/src/Illuminate/View/Middleware/ShareErrorsFromSession.php(49): Illuminate/Pipeline/Pipeline->Illuminate/Pipeline/{closure}()
#30 D:/DiskFiles/Projects/Web/upwork_Invoice_Ninja/reception-par-type/vendor/laravel/framework/src/Illuminate/Pipeline/Pipeline.php(209): Illuminate/View/Middleware/ShareErrorsFromSession->handle()
#31 D:/DiskFiles/Projects/Web/upwork_Invoice_Ninja/reception-par-type/vendor/laravel/framework/src/Illuminate/Session/Middleware/StartSession.php(121): Illuminate/Pipeline/Pipeline->Illuminate/Pipeline/{closure}()
#32 D:/DiskFiles/Projects/Web/upwork_Invoice_Ninja/reception-par-type/vendor/laravel/framework/src/Illuminate/Session/Middleware/StartSession.php(64): Illuminate/Session/Middleware/StartSession->handleStatefulRequest()
#33 D:/DiskFiles/Projects/Web/upwork_Invoice_Ninja/reception-par-type/vendor/laravel/framework/src/Illuminate/Pipeline/Pipeline.php(209): Illuminate/Session/Middleware/StartSession->handle()
#34 D:/DiskFiles/Projects/Web/upwork_Invoice_Ninja/reception-par-type/vendor/laravel/framework/src/Illuminate/Cookie/Middleware/AddQueuedCookiesToResponse.php(37): Illuminate/Pipeline/Pipeline->Illuminate/Pipeline/{closure}()
#35 D:/DiskFiles/Projects/Web/upwork_Invoice_Ninja/reception-par-type/vendor/laravel/framework/src/Illuminate/Pipeline/Pipeline.php(209): Illuminate/Cookie/Middleware/AddQueuedCookiesToResponse->handle()
#36 D:/DiskFiles/Projects/Web/upwork_Invoice_Ninja/reception-par-type/vendor/laravel/framework/src/Illuminate/Cookie/Middleware/EncryptCookies.php(75): Illuminate/Pipeline/Pipeline->Illuminate/Pipeline/{closure}()
#37 D:/DiskFiles/Projects/Web/upwork_Invoice_Ninja/reception-par-type/vendor/laravel/framework/src/Illuminate/Pipeline/Pipeline.php(209): Illuminate/Cookie/Middleware/EncryptCookies->handle()
#38 D:/DiskFiles/Projects/Web/upwork_Invoice_Ninja/reception-par-type/vendor/laravel/framework/src/Illuminate/Pipeline/Pipeline.php(127): Illuminate/Pipeline/Pipeline->Illuminate/Pipeline/{closure}()
#39 D:/DiskFiles/Projects/Web/upwork_Invoice_Ninja/reception-par-type/vendor/laravel/framework/src/Illuminate/Routing/Router.php(807): Illuminate/Pipeline/Pipeline->then()
#40 D:/DiskFiles/Projects/Web/upwork_Invoice_Ninja/reception-par-type/vendor/laravel/framework/src/Illuminate/Routing/Router.php(786): Illuminate/Routing/Router->runRouteWithinStack()
#41 D:/DiskFiles/Projects/Web/upwork_Invoice_Ninja/reception-par-type/vendor/laravel/framework/src/Illuminate/Routing/Router.php(750): Illuminate/Routing/Router->runRoute()
#42 D:/DiskFiles/Projects/Web/upwork_Invoice_Ninja/reception-par-type/vendor/laravel/framework/src/Illuminate/Routing/Router.php(739): Illuminate/Routing/Router->dispatchToRoute()
#43 D:/DiskFiles/Projects/Web/upwork_Invoice_Ninja/reception-par-type/vendor/laravel/framework/src/Illuminate/Foundation/Http/Kernel.php(201): Illuminate/Routing/Router->dispatch()
#44 D:/DiskFiles/Projects/Web/upwork_Invoice_Ninja/reception-par-type/vendor/laravel/framework/src/Illuminate/Pipeline/Pipeline.php(170): Illuminate/Foundation/Http/Kernel->Illuminate/Foundation/Http/{closure}()
#45 D:/DiskFiles/Projects/Web/upwork_Invoice_Ninja/reception-par-type/vendor/laravel/framework/src/Illuminate/Foundation/Http/Middleware/TransformsRequest.php(21): Illuminate/Pipeline/Pipeline->Illuminate/Pipeline/{closure}()
#46 D:/DiskFiles/Projects/Web/upwork_Invoice_Ninja/reception-par-type/vendor/laravel/framework/src/Illuminate/Foundation/Http/Middleware/ConvertEmptyStringsToNull.php(31): Illuminate/Foundation/Http/Middleware/TransformsRequest->handle()
#47 D:/DiskFiles/Projects/Web/upwork_Invoice_Ninja/reception-par-type/vendor/laravel/framework/src/Illuminate/Pipeline/Pipeline.php(209): Illuminate/Foundation/Http/Middleware/ConvertEmptyStringsToNull->handle()
#48 D:/DiskFiles/Projects/Web/upwork_Invoice_Ninja/reception-par-type/vendor/laravel/framework/src/Illuminate/Foundation/Http/Middleware/TransformsRequest.php(21): Illuminate/Pipeline/Pipeline->Illuminate/Pipeline/{closure}()
#49 D:/DiskFiles/Projects/Web/upwork_Invoice_Ninja/reception-par-type/vendor/laravel/framework/src/Illuminate/Foundation/Http/Middleware/TrimStrings.php(51): Illuminate/Foundation/Http/Middleware/TransformsRequest->handle()
#50 D:/DiskFiles/Projects/Web/upwork_Invoice_Ninja/reception-par-type/vendor/laravel/framework/src/Illuminate/Pipeline/Pipeline.php(209): Illuminate/Foundation/Http/Middleware/TrimStrings->handle()
#51 D:/DiskFiles/Projects/Web/upwork_Invoice_Ninja/reception-par-type/vendor/laravel/framework/src/Illuminate/Http/Middleware/ValidatePostSize.php(27): Illuminate/Pipeline/Pipeline->Illuminate/Pipeline/{closure}()
#52 D:/DiskFiles/Projects/Web/upwork_Invoice_Ninja/reception-par-type/vendor/laravel/framework/src/Illuminate/Pipeline/Pipeline.php(209): Illuminate/Http/Middleware/ValidatePostSize->handle()
#53 D:/DiskFiles/Projects/Web/upwork_Invoice_Ninja/reception-par-type/vendor/laravel/framework/src/Illuminate/Foundation/Http/Middleware/PreventRequestsDuringMaintenance.php(110): Illuminate/Pipeline/Pipeline->Illuminate/Pipeline/{closure}()
#54 D:/DiskFiles/Projects/Web/upwork_Invoice_Ninja/reception-par-type/vendor/laravel/framework/src/Illuminate/Pipeline/Pipeline.php(209): Illuminate/Foundation/Http/Middleware/PreventRequestsDuringMaintenance->handle()
#55 D:/DiskFiles/Projects/Web/upwork_Invoice_Ninja/reception-par-type/vendor/laravel/framework/src/Illuminate/Http/Middleware/HandleCors.php(49): Illuminate/Pipeline/Pipeline->Illuminate/Pipeline/{closure}()
#56 D:/DiskFiles/Projects/Web/upwork_Invoice_Ninja/reception-par-type/vendor/laravel/framework/src/Illuminate/Pipeline/Pipeline.php(209): Illuminate/Http/Middleware/HandleCors->handle()
#57 D:/DiskFiles/Projects/Web/upwork_Invoice_Ninja/reception-par-type/vendor/laravel/framework/src/Illuminate/Http/Middleware/TrustProxies.php(58): Illuminate/Pipeline/Pipeline->Illuminate/Pipeline/{closure}()
#58 D:/DiskFiles/Projects/Web/upwork_Invoice_Ninja/reception-par-type/vendor/laravel/framework/src/Illuminate/Pipeline/Pipeline.php(209): Illuminate/Http/Middleware/TrustProxies->handle()
#59 D:/DiskFiles/Projects/Web/upwork_Invoice_Ninja/reception-par-type/vendor/laravel/framework/src/Illuminate/Foundation/Http/Middleware/InvokeDeferredCallbacks.php(22): Illuminate/Pipeline/Pipeline->Illuminate/Pipeline/{closure}()
#60 D:/DiskFiles/Projects/Web/upwork_Invoice_Ninja/reception-par-type/vendor/laravel/framework/src/Illuminate/Pipeline/Pipeline.php(209): Illuminate/Foundation/Http/Middleware/InvokeDeferredCallbacks->handle()
#61 D:/DiskFiles/Projects/Web/upwork_Invoice_Ninja/reception-par-type/vendor/laravel/framework/src/Illuminate/Pipeline/Pipeline.php(127): Illuminate/Pipeline/Pipeline->Illuminate/Pipeline/{closure}()
#62 D:/DiskFiles/Projects/Web/upwork_Invoice_Ninja/reception-par-type/vendor/laravel/framework/src/Illuminate/Foundation/Http/Kernel.php(176): Illuminate/Pipeline/Pipeline->then()
#63 D:/DiskFiles/Projects/Web/upwork_Invoice_Ninja/reception-par-type/vendor/laravel/framework/src/Illuminate/Foundation/Http/Kernel.php(145): Illuminate/Foundation/Http/Kernel->sendRequestThroughRouter()
#64 D:/DiskFiles/Projects/Web/upwork_Invoice_Ninja/reception-par-type/vendor/laravel/framework/src/Illuminate/Foundation/Application.php(1220): Illuminate/Foundation/Http/Kernel->handle()
#65 D:/DiskFiles/Projects/Web/upwork_Invoice_Ninja/reception-par-type/public/index.php(18): Illuminate/Foundation/Application->handleRequest()
#66 D:/DiskFiles/Projects/Web/upwork_Invoice_Ninja/reception-par-type/vendor/laravel/framework/src/Illuminate/Foundation/resources/server.php(23): require_once('...')
#67 {main}

[previous exception] [object] (PDOException(code: 42S02): SQLSTATE[42S02]: Base table or view not found: 1146 Table 'c2815213c_receptiondb.jobs' doesn't exist at D:/DiskFiles/Projects/Web/upwork_Invoice_Ninja/reception-par-type/vendor/laravel/framework/src/Illuminate/Database/MySqlConnection.php:47)
[stacktrace]
#0 D:/DiskFiles/Projects/Web/upwork_Invoice_Ninja/reception-par-type/vendor/laravel/framework/src/Illuminate/Database/MySqlConnection.php(47): PDO->prepare()
#1 D:/DiskFiles/Projects/Web/upwork_Invoice_Ninja/reception-par-type/vendor/laravel/framework/src/Illuminate/Database/Connection.php(812): Illuminate/Database/MySqlConnection->Illuminate/Database/{closure}()
#2 D:/DiskFiles/Projects/Web/upwork_Invoice_Ninja/reception-par-type/vendor/laravel/framework/src/Illuminate/Database/Connection.php(779): Illuminate/Database/Connection->runQueryCallback()
#3 D:/DiskFiles/Projects/Web/upwork_Invoice_Ninja/reception-par-type/vendor/laravel/framework/src/Illuminate/Database/MySqlConnection.php(42): Illuminate/Database/Connection->run()
#4 D:/DiskFiles/Projects/Web/upwork_Invoice_Ninja/reception-par-type/vendor/laravel/framework/src/Illuminate/Database/Query/Processors/MySqlProcessor.php(35): Illuminate/Database/MySqlConnection->insert()
#5 D:/DiskFiles/Projects/Web/upwork_Invoice_Ninja/reception-par-type/vendor/laravel/framework/src/Illuminate/Database/Query/Builder.php(3766): Illuminate/Database/Query/Processors/MySqlProcessor->processInsertGetId()
#6 D:/DiskFiles/Projects/Web/upwork_Invoice_Ninja/reception-par-type/vendor/laravel/framework/src/Illuminate/Queue/DatabaseQueue.php(188): Illuminate/Database/Query/Builder->insertGetId()
#7 D:/DiskFiles/Projects/Web/upwork_Invoice_Ninja/reception-par-type/vendor/laravel/framework/src/Illuminate/Queue/DatabaseQueue.php(99): Illuminate/Queue/DatabaseQueue->pushToDatabase()
#8 D:/DiskFiles/Projects/Web/upwork_Invoice_Ninja/reception-par-type/vendor/laravel/framework/src/Illuminate/Queue/Queue.php(338): Illuminate/Queue/DatabaseQueue->Illuminate/Queue/{closure}()
#9 D:/DiskFiles/Projects/Web/upwork_Invoice_Ninja/reception-par-type/vendor/laravel/framework/src/Illuminate/Queue/DatabaseQueue.php(93): Illuminate/Queue/Queue->enqueueUsing()
#10 D:/DiskFiles/Projects/Web/upwork_Invoice_Ninja/reception-par-type/vendor/laravel/framework/src/Illuminate/Bus/Dispatcher.php(244): Illuminate/Queue/DatabaseQueue->push()
#11 D:/DiskFiles/Projects/Web/upwork_Invoice_Ninja/reception-par-type/vendor/laravel/framework/src/Illuminate/Bus/Dispatcher.php(228): Illuminate/Bus/Dispatcher->pushCommandToQueue()
#12 D:/DiskFiles/Projects/Web/upwork_Invoice_Ninja/reception-par-type/vendor/laravel/framework/src/Illuminate/Bus/Dispatcher.php(77): Illuminate/Bus/Dispatcher->dispatchToQueue()
#13 D:/DiskFiles/Projects/Web/upwork_Invoice_Ninja/reception-par-type/vendor/laravel/framework/src/Illuminate/Foundation/Bus/PendingDispatch.php(222): Illuminate/Bus/Dispatcher->dispatch()
#14 D:/DiskFiles/Projects/Web/upwork_Invoice_Ninja/reception-par-type/app/Http/Controllers/Admin/AdminImportController.php(134): Illuminate/Foundation/Bus/PendingDispatch->__destruct()
#15 D:/DiskFiles/Projects/Web/upwork_Invoice_Ninja/reception-par-type/vendor/laravel/framework/src/Illuminate/Routing/Controller.php(54): App/Http/Controllers/Admin/AdminImportController->trigger()
#16 D:/DiskFiles/Projects/Web/upwork_Invoice_Ninja/reception-par-type/vendor/laravel/framework/src/Illuminate/Routing/ControllerDispatcher.php(44): Illuminate/Routing/Controller->callAction()
#17 D:/DiskFiles/Projects/Web/upwork_Invoice_Ninja/reception-par-type/vendor/laravel/framework/src/Illuminate/Routing/Route.php(266): Illuminate/Routing/ControllerDispatcher->dispatch()
#18 D:/DiskFiles/Projects/Web/upwork_Invoice_Ninja/reception-par-type/vendor/laravel/framework/src/Illuminate/Routing/Route.php(212): Illuminate/Routing/Route->runController()
#19 D:/DiskFiles/Projects/Web/upwork_Invoice_Ninja/reception-par-type/vendor/laravel/framework/src/Illuminate/Routing/Router.php(808): Illuminate/Routing/Route->run()
#20 D:/DiskFiles/Projects/Web/upwork_Invoice_Ninja/reception-par-type/vendor/laravel/framework/src/Illuminate/Pipeline/Pipeline.php(170): Illuminate/Routing/Router->Illuminate/Routing/{closure}()
#21 D:/DiskFiles/Projects/Web/upwork_Invoice_Ninja/reception-par-type/app/Http/Middleware/AdminAccess.php(40): Illuminate/Pipeline/Pipeline->Illuminate/Pipeline/{closure}()
#22 D:/DiskFiles/Projects/Web/upwork_Invoice_Ninja/reception-par-type/vendor/laravel/framework/src/Illuminate/Pipeline/Pipeline.php(209): App/Http/Middleware/AdminAccess->handle()
#23 D:/DiskFiles/Projects/Web/upwork_Invoice_Ninja/reception-par-type/app/Http/Middleware/TrackAffiliate.php(45): Illuminate/Pipeline/Pipeline->Illuminate/Pipeline/{closure}()
#24 D:/DiskFiles/Projects/Web/upwork_Invoice_Ninja/reception-par-type/vendor/laravel/framework/src/Illuminate/Pipeline/Pipeline.php(209): App/Http/Middleware/TrackAffiliate->handle()
#25 D:/DiskFiles/Projects/Web/upwork_Invoice_Ninja/reception-par-type/vendor/laravel/framework/src/Illuminate/Routing/Middleware/SubstituteBindings.php(51): Illuminate/Pipeline/Pipeline->Illuminate/Pipeline/{closure}()
#26 D:/DiskFiles/Projects/Web/upwork_Invoice_Ninja/reception-par-type/vendor/laravel/framework/src/Illuminate/Pipeline/Pipeline.php(209): Illuminate/Routing/Middleware/SubstituteBindings->handle()
#27 D:/DiskFiles/Projects/Web/upwork_Invoice_Ninja/reception-par-type/vendor/laravel/framework/src/Illuminate/Auth/Middleware/Authenticate.php(64): Illuminate/Pipeline/Pipeline->Illuminate/Pipeline/{closure}()
#28 D:/DiskFiles/Projects/Web/upwork_Invoice_Ninja/reception-par-type/vendor/laravel/framework/src/Illuminate/Pipeline/Pipeline.php(209): Illuminate/Auth/Middleware/Authenticate->handle()
#29 D:/DiskFiles/Projects/Web/upwork_Invoice_Ninja/reception-par-type/vendor/laravel/framework/src/Illuminate/Foundation/Http/Middleware/VerifyCsrfToken.php(88): Illuminate/Pipeline/Pipeline->Illuminate/Pipeline/{closure}()
#30 D:/DiskFiles/Projects/Web/upwork_Invoice_Ninja/reception-par-type/vendor/laravel/framework/src/Illuminate/Pipeline/Pipeline.php(209): Illuminate/Foundation/Http/Middleware/VerifyCsrfToken->handle()
#31 D:/DiskFiles/Projects/Web/upwork_Invoice_Ninja/reception-par-type/vendor/laravel/framework/src/Illuminate/View/Middleware/ShareErrorsFromSession.php(49): Illuminate/Pipeline/Pipeline->Illuminate/Pipeline/{closure}()
#32 D:/DiskFiles/Projects/Web/upwork_Invoice_Ninja/reception-par-type/vendor/laravel/framework/src/Illuminate/Pipeline/Pipeline.php(209): Illuminate/View/Middleware/ShareErrorsFromSession->handle()
#33 D:/DiskFiles/Projects/Web/upwork_Invoice_Ninja/reception-par-type/vendor/laravel/framework/src/Illuminate/Session/Middleware/StartSession.php(121): Illuminate/Pipeline/Pipeline->Illuminate/Pipeline/{closure}()
#34 D:/DiskFiles/Projects/Web/upwork_Invoice_Ninja/reception-par-type/vendor/laravel/framework/src/Illuminate/Session/Middleware/StartSession.php(64): Illuminate/Session/Middleware/StartSession->handleStatefulRequest()
#35 D:/DiskFiles/Projects/Web/upwork_Invoice_Ninja/reception-par-type/vendor/laravel/framework/src/Illuminate/Pipeline/Pipeline.php(209): Illuminate/Session/Middleware/StartSession->handle()
#36 D:/DiskFiles/Projects/Web/upwork_Invoice_Ninja/reception-par-type/vendor/laravel/framework/src/Illuminate/Cookie/Middleware/AddQueuedCookiesToResponse.php(37): Illuminate/Pipeline/Pipeline->Illuminate/Pipeline/{closure}()
#37 D:/DiskFiles/Projects/Web/upwork_Invoice_Ninja/reception-par-type/vendor/laravel/framework/src/Illuminate/Pipeline/Pipeline.php(209): Illuminate/Cookie/Middleware/AddQueuedCookiesToResponse->handle()
#38 D:/DiskFiles/Projects/Web/upwork_Invoice_Ninja/reception-par-type/vendor/laravel/framework/src/Illuminate/Cookie/Middleware/EncryptCookies.php(75): Illuminate/Pipeline/Pipeline->Illuminate/Pipeline/{closure}()
#39 D:/DiskFiles/Projects/Web/upwork_Invoice_Ninja/reception-par-type/vendor/laravel/framework/src/Illuminate/Pipeline/Pipeline.php(209): Illuminate/Cookie/Middleware/EncryptCookies->handle()
#40 D:/DiskFiles/Projects/Web/upwork_Invoice_Ninja/reception-par-type/vendor/laravel/framework/src/Illuminate/Pipeline/Pipeline.php(127): Illuminate/Pipeline/Pipeline->Illuminate/Pipeline/{closure}()
#41 D:/DiskFiles/Projects/Web/upwork_Invoice_Ninja/reception-par-type/vendor/laravel/framework/src/Illuminate/Routing/Router.php(807): Illuminate/Pipeline/Pipeline->then()
#42 D:/DiskFiles/Projects/Web/upwork_Invoice_Ninja/reception-par-type/vendor/laravel/framework/src/Illuminate/Routing/Router.php(786): Illuminate/Routing/Router->runRouteWithinStack()
#43 D:/DiskFiles/Projects/Web/upwork_Invoice_Ninja/reception-par-type/vendor/laravel/framework/src/Illuminate/Routing/Router.php(750): Illuminate/Routing/Router->runRoute()
#44 D:/DiskFiles/Projects/Web/upwork_Invoice_Ninja/reception-par-type/vendor/laravel/framework/src/Illuminate/Routing/Router.php(739): Illuminate/Routing/Router->dispatchToRoute()
#45 D:/DiskFiles/Projects/Web/upwork_Invoice_Ninja/reception-par-type/vendor/laravel/framework/src/Illuminate/Foundation/Http/Kernel.php(201): Illuminate/Routing/Router->dispatch()
#46 D:/DiskFiles/Projects/Web/upwork_Invoice_Ninja/reception-par-type/vendor/laravel/framework/src/Illuminate/Pipeline/Pipeline.php(170): Illuminate/Foundation/Http/Kernel->Illuminate/Foundation/Http/{closure}()
#47 D:/DiskFiles/Projects/Web/upwork_Invoice_Ninja/reception-par-type/vendor/laravel/framework/src/Illuminate/Foundation/Http/Middleware/TransformsRequest.php(21): Illuminate/Pipeline/Pipeline->Illuminate/Pipeline/{closure}()
#48 D:/DiskFiles/Projects/Web/upwork_Invoice_Ninja/reception-par-type/vendor/laravel/framework/src/Illuminate/Foundation/Http/Middleware/ConvertEmptyStringsToNull.php(31): Illuminate/Foundation/Http/Middleware/TransformsRequest->handle()
#49 D:/DiskFiles/Projects/Web/upwork_Invoice_Ninja/reception-par-type/vendor/laravel/framework/src/Illuminate/Pipeline/Pipeline.php(209): Illuminate/Foundation/Http/Middleware/ConvertEmptyStringsToNull->handle()
#50 D:/DiskFiles/Projects/Web/upwork_Invoice_Ninja/reception-par-type/vendor/laravel/framework/src/Illuminate/Foundation/Http/Middleware/TransformsRequest.php(21): Illuminate/Pipeline/Pipeline->Illuminate/Pipeline/{closure}()
#51 D:/DiskFiles/Projects/Web/upwork_Invoice_Ninja/reception-par-type/vendor/laravel/framework/src/Illuminate/Foundation/Http/Middleware/TrimStrings.php(51): Illuminate/Foundation/Http/Middleware/TransformsRequest->handle()
#52 D:/DiskFiles/Projects/Web/upwork_Invoice_Ninja/reception-par-type/vendor/laravel/framework/src/Illuminate/Pipeline/Pipeline.php(209): Illuminate/Foundation/Http/Middleware/TrimStrings->handle()
#53 D:/DiskFiles/Projects/Web/upwork_Invoice_Ninja/reception-par-type/vendor/laravel/framework/src/Illuminate/Http/Middleware/ValidatePostSize.php(27): Illuminate/Pipeline/Pipeline->Illuminate/Pipeline/{closure}()
#54 D:/DiskFiles/Projects/Web/upwork_Invoice_Ninja/reception-par-type/vendor/laravel/framework/src/Illuminate/Pipeline/Pipeline.php(209): Illuminate/Http/Middleware/ValidatePostSize->handle()
#55 D:/DiskFiles/Projects/Web/upwork_Invoice_Ninja/reception-par-type/vendor/laravel/framework/src/Illuminate/Foundation/Http/Middleware/PreventRequestsDuringMaintenance.php(110): Illuminate/Pipeline/Pipeline->Illuminate/Pipeline/{closure}()
#56 D:/DiskFiles/Projects/Web/upwork_Invoice_Ninja/reception-par-type/vendor/laravel/framework/src/Illuminate/Pipeline/Pipeline.php(209): Illuminate/Foundation/Http/Middleware/PreventRequestsDuringMaintenance->handle()
#57 D:/DiskFiles/Projects/Web/upwork_Invoice_Ninja/reception-par-type/vendor/laravel/framework/src/Illuminate/Http/Middleware/HandleCors.php(49): Illuminate/Pipeline/Pipeline->Illuminate/Pipeline/{closure}()
#58 D:/DiskFiles/Projects/Web/upwork_Invoice_Ninja/reception-par-type/vendor/laravel/framework/src/Illuminate/Pipeline/Pipeline.php(209): Illuminate/Http/Middleware/HandleCors->handle()
#59 D:/DiskFiles/Projects/Web/upwork_Invoice_Ninja/reception-par-type/vendor/laravel/framework/src/Illuminate/Http/Middleware/TrustProxies.php(58): Illuminate/Pipeline/Pipeline->Illuminate/Pipeline/{closure}()
#60 D:/DiskFiles/Projects/Web/upwork_Invoice_Ninja/reception-par-type/vendor/laravel/framework/src/Illuminate/Pipeline/Pipeline.php(209): Illuminate/Http/Middleware/TrustProxies->handle()
#61 D:/DiskFiles/Projects/Web/upwork_Invoice_Ninja/reception-par-type/vendor/laravel/framework/src/Illuminate/Foundation/Http/Middleware/InvokeDeferredCallbacks.php(22): Illuminate/Pipeline/Pipeline->Illuminate/Pipeline/{closure}()
#62 D:/DiskFiles/Projects/Web/upwork_Invoice_Ninja/reception-par-type/vendor/laravel/framework/src/Illuminate/Pipeline/Pipeline.php(209): Illuminate/Foundation/Http/Middleware/InvokeDeferredCallbacks->handle()
#63 D:/DiskFiles/Projects/Web/upwork_Invoice_Ninja/reception-par-type/vendor/laravel/framework/src/Illuminate/Pipeline/Pipeline.php(127): Illuminate/Pipeline/Pipeline->Illuminate/Pipeline/{closure}()
#64 D:/DiskFiles/Projects/Web/upwork_Invoice_Ninja/reception-par-type/vendor/laravel/framework/src/Illuminate/Foundation/Http/Kernel.php(176): Illuminate/Pipeline/Pipeline->then()
#65 D:/DiskFiles/Projects/Web/upwork_Invoice_Ninja/reception-par-type/vendor/laravel/framework/src/Illuminate/Foundation/Http/Kernel.php(145): Illuminate/Foundation/Http/Kernel->sendRequestThroughRouter()
#66 D:/DiskFiles/Projects/Web/upwork_Invoice_Ninja/reception-par-type/vendor/laravel/framework/src/Illuminate/Foundation/Application.php(1220): Illuminate/Foundation/Http/Kernel->handle()
#67 D:/DiskFiles/Projects/Web/upwork_Invoice_Ninja/reception-par-type/public/index.php(18): Illuminate/Foundation/Application->handleRequest()
#68 D:/DiskFiles/Projects/Web/upwork_Invoice_Ninja/reception-par-type/vendor/laravel/framework/src/Illuminate/Foundation/resources/server.php(23): require_once('...')
#69 {main}
"} 
[2026-06-24 14:40:22] production.ERROR: SQLSTATE[42S02]: Base table or view not found: 1146 Table 'c2815213c_receptiondb.jobs' doesn't exist (Connection: mysql, SQL: insert into `jobs` (`queue`, `attempts`, `reserved_at`, `available_at`, `created_at`, `payload`) values (imports, 0, ?, 1782304821, 1782304821, {"uuid":"fb20229f-70c6-4281-a0cc-5b1548642b0d","displayName":"App\\Jobs\\ImportAstraNewsletterJob","job":"Illuminate\\Queue\\CallQueuedHandler@call","maxTries":3,"maxExceptions":null,"failOnTimeout":false,"backoff":"60","timeout":600,"retryUntil":null,"data":{"commandName":"App\\Jobs\\ImportAstraNewsletterJob","command":"O:33:\"App\\Jobs\\ImportAstraNewsletterJob\":5:{s:44:\"\u0000App\\Jobs\\ImportAstraNewsletterJob\u0000directory\";s:0:\"\";s:46:\"\u0000App\\Jobs\\ImportAstraNewsletterJob\u0000triggeredBy\";s:32:\"admin:01kvarefp6wsnndkj42mr077f2\";s:47:\"\u0000App\\Jobs\\ImportAstraNewsletterJob\u0000specificFile\";N;s:52:\"\u0000App\\Jobs\\ImportAstraNewsletterJob\u0000deleteAfterImport\";b:1;s:5:\"queue\";s:7:\"imports\";}"}})) {"userId":"01kvarefp6wsnndkj42mr077f2","exception":"[object] (Illuminate\\Database\\QueryException(code: 42S02): SQLSTATE[42S02]: Base table or view not found: 1146 Table 'c2815213c_receptiondb.jobs' doesn't exist (Connection: mysql, SQL: insert into `jobs` (`queue`, `attempts`, `reserved_at`, `available_at`, `created_at`, `payload`) values (imports, 0, ?, 1782304821, 1782304821, {\"uuid\":\"fb20229f-70c6-4281-a0cc-5b1548642b0d\",\"displayName\":\"App\\\\Jobs\\\\ImportAstraNewsletterJob\",\"job\":\"Illuminate\\\\Queue\\\\CallQueuedHandler@call\",\"maxTries\":3,\"maxExceptions\":null,\"failOnTimeout\":false,\"backoff\":\"60\",\"timeout\":600,\"retryUntil\":null,\"data\":{\"commandName\":\"App\\\\Jobs\\\\ImportAstraNewsletterJob\",\"command\":\"O:33:\\\"App\\\\Jobs\\\\ImportAstraNewsletterJob\\\":5:{s:44:\\\"\\u0000App\\\\Jobs\\\\ImportAstraNewsletterJob\\u0000directory\\\";s:0:\\\"\\\";s:46:\\\"\\u0000App\\\\Jobs\\\\ImportAstraNewsletterJob\\u0000triggeredBy\\\";s:32:\\\"admin:01kvarefp6wsnndkj42mr077f2\\\";s:47:\\\"\\u0000App\\\\Jobs\\\\ImportAstraNewsletterJob\\u0000specificFile\\\";N;s:52:\\\"\\u0000App\\\\Jobs\\\\ImportAstraNewsletterJob\\u0000deleteAfterImport\\\";b:1;s:5:\\\"queue\\\";s:7:\\\"imports\\\";}\"}})) at D:/DiskFiles/Projects/Web/upwork_Invoice_Ninja/reception-par-type/vendor/laravel/framework/src/Illuminate/Database/Connection.php:825)
[stacktrace]
#0 D:/DiskFiles/Projects/Web/upwork_Invoice_Ninja/reception-par-type/vendor/laravel/framework/src/Illuminate/Database/Connection.php(779): Illuminate/Database/Connection->runQueryCallback()
#1 D:/DiskFiles/Projects/Web/upwork_Invoice_Ninja/reception-par-type/vendor/laravel/framework/src/Illuminate/Database/MySqlConnection.php(42): Illuminate/Database/Connection->run()
#2 D:/DiskFiles/Projects/Web/upwork_Invoice_Ninja/reception-par-type/vendor/laravel/framework/src/Illuminate/Database/Query/Processors/MySqlProcessor.php(35): Illuminate/Database/MySqlConnection->insert()
#3 D:/DiskFiles/Projects/Web/upwork_Invoice_Ninja/reception-par-type/vendor/laravel/framework/src/Illuminate/Database/Query/Builder.php(3766): Illuminate/Database/Query/Processors/MySqlProcessor->processInsertGetId()
#4 D:/DiskFiles/Projects/Web/upwork_Invoice_Ninja/reception-par-type/vendor/laravel/framework/src/Illuminate/Queue/DatabaseQueue.php(188): Illuminate/Database/Query/Builder->insertGetId()
#5 D:/DiskFiles/Projects/Web/upwork_Invoice_Ninja/reception-par-type/vendor/laravel/framework/src/Illuminate/Queue/DatabaseQueue.php(99): Illuminate/Queue/DatabaseQueue->pushToDatabase()
#6 D:/DiskFiles/Projects/Web/upwork_Invoice_Ninja/reception-par-type/vendor/laravel/framework/src/Illuminate/Queue/Queue.php(338): Illuminate/Queue/DatabaseQueue->Illuminate/Queue/{closure}()
#7 D:/DiskFiles/Projects/Web/upwork_Invoice_Ninja/reception-par-type/vendor/laravel/framework/src/Illuminate/Queue/DatabaseQueue.php(93): Illuminate/Queue/Queue->enqueueUsing()
#8 D:/DiskFiles/Projects/Web/upwork_Invoice_Ninja/reception-par-type/vendor/laravel/framework/src/Illuminate/Bus/Dispatcher.php(244): Illuminate/Queue/DatabaseQueue->push()
#9 D:/DiskFiles/Projects/Web/upwork_Invoice_Ninja/reception-par-type/vendor/laravel/framework/src/Illuminate/Bus/Dispatcher.php(228): Illuminate/Bus/Dispatcher->pushCommandToQueue()
#10 D:/DiskFiles/Projects/Web/upwork_Invoice_Ninja/reception-par-type/vendor/laravel/framework/src/Illuminate/Bus/Dispatcher.php(77): Illuminate/Bus/Dispatcher->dispatchToQueue()
#11 D:/DiskFiles/Projects/Web/upwork_Invoice_Ninja/reception-par-type/vendor/laravel/framework/src/Illuminate/Foundation/Bus/PendingDispatch.php(222): Illuminate/Bus/Dispatcher->dispatch()
#12 D:/DiskFiles/Projects/Web/upwork_Invoice_Ninja/reception-par-type/app/Http/Controllers/Admin/AdminImportController.php(134): Illuminate/Foundation/Bus/PendingDispatch->__destruct()
#13 D:/DiskFiles/Projects/Web/upwork_Invoice_Ninja/reception-par-type/vendor/laravel/framework/src/Illuminate/Routing/Controller.php(54): App/Http/Controllers/Admin/AdminImportController->trigger()
#14 D:/DiskFiles/Projects/Web/upwork_Invoice_Ninja/reception-par-type/vendor/laravel/framework/src/Illuminate/Routing/ControllerDispatcher.php(44): Illuminate/Routing/Controller->callAction()
#15 D:/DiskFiles/Projects/Web/upwork_Invoice_Ninja/reception-par-type/vendor/laravel/framework/src/Illuminate/Routing/Route.php(266): Illuminate/Routing/ControllerDispatcher->dispatch()
#16 D:/DiskFiles/Projects/Web/upwork_Invoice_Ninja/reception-par-type/vendor/laravel/framework/src/Illuminate/Routing/Route.php(212): Illuminate/Routing/Route->runController()
#17 D:/DiskFiles/Projects/Web/upwork_Invoice_Ninja/reception-par-type/vendor/laravel/framework/src/Illuminate/Routing/Router.php(808): Illuminate/Routing/Route->run()
#18 D:/DiskFiles/Projects/Web/upwork_Invoice_Ninja/reception-par-type/vendor/laravel/framework/src/Illuminate/Pipeline/Pipeline.php(170): Illuminate/Routing/Router->Illuminate/Routing/{closure}()
#19 D:/DiskFiles/Projects/Web/upwork_Invoice_Ninja/reception-par-type/app/Http/Middleware/AdminAccess.php(40): Illuminate/Pipeline/Pipeline->Illuminate/Pipeline/{closure}()
#20 D:/DiskFiles/Projects/Web/upwork_Invoice_Ninja/reception-par-type/vendor/laravel/framework/src/Illuminate/Pipeline/Pipeline.php(209): App/Http/Middleware/AdminAccess->handle()
#21 D:/DiskFiles/Projects/Web/upwork_Invoice_Ninja/reception-par-type/app/Http/Middleware/TrackAffiliate.php(45): Illuminate/Pipeline/Pipeline->Illuminate/Pipeline/{closure}()
#22 D:/DiskFiles/Projects/Web/upwork_Invoice_Ninja/reception-par-type/vendor/laravel/framework/src/Illuminate/Pipeline/Pipeline.php(209): App/Http/Middleware/TrackAffiliate->handle()
#23 D:/DiskFiles/Projects/Web/upwork_Invoice_Ninja/reception-par-type/vendor/laravel/framework/src/Illuminate/Routing/Middleware/SubstituteBindings.php(51): Illuminate/Pipeline/Pipeline->Illuminate/Pipeline/{closure}()
#24 D:/DiskFiles/Projects/Web/upwork_Invoice_Ninja/reception-par-type/vendor/laravel/framework/src/Illuminate/Pipeline/Pipeline.php(209): Illuminate/Routing/Middleware/SubstituteBindings->handle()
#25 D:/DiskFiles/Projects/Web/upwork_Invoice_Ninja/reception-par-type/vendor/laravel/framework/src/Illuminate/Auth/Middleware/Authenticate.php(64): Illuminate/Pipeline/Pipeline->Illuminate/Pipeline/{closure}()
#26 D:/DiskFiles/Projects/Web/upwork_Invoice_Ninja/reception-par-type/vendor/laravel/framework/src/Illuminate/Pipeline/Pipeline.php(209): Illuminate/Auth/Middleware/Authenticate->handle()
#27 D:/DiskFiles/Projects/Web/upwork_Invoice_Ninja/reception-par-type/vendor/laravel/framework/src/Illuminate/Foundation/Http/Middleware/VerifyCsrfToken.php(88): Illuminate/Pipeline/Pipeline->Illuminate/Pipeline/{closure}()
#28 D:/DiskFiles/Projects/Web/upwork_Invoice_Ninja/reception-par-type/vendor/laravel/framework/src/Illuminate/Pipeline/Pipeline.php(209): Illuminate/Foundation/Http/Middleware/VerifyCsrfToken->handle()
#29 D:/DiskFiles/Projects/Web/upwork_Invoice_Ninja/reception-par-type/vendor/laravel/framework/src/Illuminate/View/Middleware/ShareErrorsFromSession.php(49): Illuminate/Pipeline/Pipeline->Illuminate/Pipeline/{closure}()
#30 D:/DiskFiles/Projects/Web/upwork_Invoice_Ninja/reception-par-type/vendor/laravel/framework/src/Illuminate/Pipeline/Pipeline.php(209): Illuminate/View/Middleware/ShareErrorsFromSession->handle()
#31 D:/DiskFiles/Projects/Web/upwork_Invoice_Ninja/reception-par-type/vendor/laravel/framework/src/Illuminate/Session/Middleware/StartSession.php(121): Illuminate/Pipeline/Pipeline->Illuminate/Pipeline/{closure}()
#32 D:/DiskFiles/Projects/Web/upwork_Invoice_Ninja/reception-par-type/vendor/laravel/framework/src/Illuminate/Session/Middleware/StartSession.php(64): Illuminate/Session/Middleware/StartSession->handleStatefulRequest()
#33 D:/DiskFiles/Projects/Web/upwork_Invoice_Ninja/reception-par-type/vendor/laravel/framework/src/Illuminate/Pipeline/Pipeline.php(209): Illuminate/Session/Middleware/StartSession->handle()
#34 D:/DiskFiles/Projects/Web/upwork_Invoice_Ninja/reception-par-type/vendor/laravel/framework/src/Illuminate/Cookie/Middleware/AddQueuedCookiesToResponse.php(37): Illuminate/Pipeline/Pipeline->Illuminate/Pipeline/{closure}()
#35 D:/DiskFiles/Projects/Web/upwork_Invoice_Ninja/reception-par-type/vendor/laravel/framework/src/Illuminate/Pipeline/Pipeline.php(209): Illuminate/Cookie/Middleware/AddQueuedCookiesToResponse->handle()
#36 D:/DiskFiles/Projects/Web/upwork_Invoice_Ninja/reception-par-type/vendor/laravel/framework/src/Illuminate/Cookie/Middleware/EncryptCookies.php(75): Illuminate/Pipeline/Pipeline->Illuminate/Pipeline/{closure}()
#37 D:/DiskFiles/Projects/Web/upwork_Invoice_Ninja/reception-par-type/vendor/laravel/framework/src/Illuminate/Pipeline/Pipeline.php(209): Illuminate/Cookie/Middleware/EncryptCookies->handle()
#38 D:/DiskFiles/Projects/Web/upwork_Invoice_Ninja/reception-par-type/vendor/laravel/framework/src/Illuminate/Pipeline/Pipeline.php(127): Illuminate/Pipeline/Pipeline->Illuminate/Pipeline/{closure}()
#39 D:/DiskFiles/Projects/Web/upwork_Invoice_Ninja/reception-par-type/vendor/laravel/framework/src/Illuminate/Routing/Router.php(807): Illuminate/Pipeline/Pipeline->then()
#40 D:/DiskFiles/Projects/Web/upwork_Invoice_Ninja/reception-par-type/vendor/laravel/framework/src/Illuminate/Routing/Router.php(786): Illuminate/Routing/Router->runRouteWithinStack()
#41 D:/DiskFiles/Projects/Web/upwork_Invoice_Ninja/reception-par-type/vendor/laravel/framework/src/Illuminate/Routing/Router.php(750): Illuminate/Routing/Router->runRoute()
#42 D:/DiskFiles/Projects/Web/upwork_Invoice_Ninja/reception-par-type/vendor/laravel/framework/src/Illuminate/Routing/Router.php(739): Illuminate/Routing/Router->dispatchToRoute()
#43 D:/DiskFiles/Projects/Web/upwork_Invoice_Ninja/reception-par-type/vendor/laravel/framework/src/Illuminate/Foundation/Http/Kernel.php(201): Illuminate/Routing/Router->dispatch()
#44 D:/DiskFiles/Projects/Web/upwork_Invoice_Ninja/reception-par-type/vendor/laravel/framework/src/Illuminate/Pipeline/Pipeline.php(170): Illuminate/Foundation/Http/Kernel->Illuminate/Foundation/Http/{closure}()
#45 D:/DiskFiles/Projects/Web/upwork_Invoice_Ninja/reception-par-type/vendor/laravel/framework/src/Illuminate/Foundation/Http/Middleware/TransformsRequest.php(21): Illuminate/Pipeline/Pipeline->Illuminate/Pipeline/{closure}()
#46 D:/DiskFiles/Projects/Web/upwork_Invoice_Ninja/reception-par-type/vendor/laravel/framework/src/Illuminate/Foundation/Http/Middleware/ConvertEmptyStringsToNull.php(31): Illuminate/Foundation/Http/Middleware/TransformsRequest->handle()
#47 D:/DiskFiles/Projects/Web/upwork_Invoice_Ninja/reception-par-type/vendor/laravel/framework/src/Illuminate/Pipeline/Pipeline.php(209): Illuminate/Foundation/Http/Middleware/ConvertEmptyStringsToNull->handle()
#48 D:/DiskFiles/Projects/Web/upwork_Invoice_Ninja/reception-par-type/vendor/laravel/framework/src/Illuminate/Foundation/Http/Middleware/TransformsRequest.php(21): Illuminate/Pipeline/Pipeline->Illuminate/Pipeline/{closure}()
#49 D:/DiskFiles/Projects/Web/upwork_Invoice_Ninja/reception-par-type/vendor/laravel/framework/src/Illuminate/Foundation/Http/Middleware/TrimStrings.php(51): Illuminate/Foundation/Http/Middleware/TransformsRequest->handle()
#50 D:/DiskFiles/Projects/Web/upwork_Invoice_Ninja/reception-par-type/vendor/laravel/framework/src/Illuminate/Pipeline/Pipeline.php(209): Illuminate/Foundation/Http/Middleware/TrimStrings->handle()
#51 D:/DiskFiles/Projects/Web/upwork_Invoice_Ninja/reception-par-type/vendor/laravel/framework/src/Illuminate/Http/Middleware/ValidatePostSize.php(27): Illuminate/Pipeline/Pipeline->Illuminate/Pipeline/{closure}()
#52 D:/DiskFiles/Projects/Web/upwork_Invoice_Ninja/reception-par-type/vendor/laravel/framework/src/Illuminate/Pipeline/Pipeline.php(209): Illuminate/Http/Middleware/ValidatePostSize->handle()
#53 D:/DiskFiles/Projects/Web/upwork_Invoice_Ninja/reception-par-type/vendor/laravel/framework/src/Illuminate/Foundation/Http/Middleware/PreventRequestsDuringMaintenance.php(110): Illuminate/Pipeline/Pipeline->Illuminate/Pipeline/{closure}()
#54 D:/DiskFiles/Projects/Web/upwork_Invoice_Ninja/reception-par-type/vendor/laravel/framework/src/Illuminate/Pipeline/Pipeline.php(209): Illuminate/Foundation/Http/Middleware/PreventRequestsDuringMaintenance->handle()
#55 D:/DiskFiles/Projects/Web/upwork_Invoice_Ninja/reception-par-type/vendor/laravel/framework/src/Illuminate/Http/Middleware/HandleCors.php(49): Illuminate/Pipeline/Pipeline->Illuminate/Pipeline/{closure}()
#56 D:/DiskFiles/Projects/Web/upwork_Invoice_Ninja/reception-par-type/vendor/laravel/framework/src/Illuminate/Pipeline/Pipeline.php(209): Illuminate/Http/Middleware/HandleCors->handle()
#57 D:/DiskFiles/Projects/Web/upwork_Invoice_Ninja/reception-par-type/vendor/laravel/framework/src/Illuminate/Http/Middleware/TrustProxies.php(58): Illuminate/Pipeline/Pipeline->Illuminate/Pipeline/{closure}()
#58 D:/DiskFiles/Projects/Web/upwork_Invoice_Ninja/reception-par-type/vendor/laravel/framework/src/Illuminate/Pipeline/Pipeline.php(209): Illuminate/Http/Middleware/TrustProxies->handle()
#59 D:/DiskFiles/Projects/Web/upwork_Invoice_Ninja/reception-par-type/vendor/laravel/framework/src/Illuminate/Foundation/Http/Middleware/InvokeDeferredCallbacks.php(22): Illuminate/Pipeline/Pipeline->Illuminate/Pipeline/{closure}()
#60 D:/DiskFiles/Projects/Web/upwork_Invoice_Ninja/reception-par-type/vendor/laravel/framework/src/Illuminate/Pipeline/Pipeline.php(209): Illuminate/Foundation/Http/Middleware/InvokeDeferredCallbacks->handle()
#61 D:/DiskFiles/Projects/Web/upwork_Invoice_Ninja/reception-par-type/vendor/laravel/framework/src/Illuminate/Pipeline/Pipeline.php(127): Illuminate/Pipeline/Pipeline->Illuminate/Pipeline/{closure}()
#62 D:/DiskFiles/Projects/Web/upwork_Invoice_Ninja/reception-par-type/vendor/laravel/framework/src/Illuminate/Foundation/Http/Kernel.php(176): Illuminate/Pipeline/Pipeline->then()
#63 D:/DiskFiles/Projects/Web/upwork_Invoice_Ninja/reception-par-type/vendor/laravel/framework/src/Illuminate/Foundation/Http/Kernel.php(145): Illuminate/Foundation/Http/Kernel->sendRequestThroughRouter()
#64 D:/DiskFiles/Projects/Web/upwork_Invoice_Ninja/reception-par-type/vendor/laravel/framework/src/Illuminate/Foundation/Application.php(1220): Illuminate/Foundation/Http/Kernel->handle()
#65 D:/DiskFiles/Projects/Web/upwork_Invoice_Ninja/reception-par-type/public/index.php(18): Illuminate/Foundation/Application->handleRequest()
#66 D:/DiskFiles/Projects/Web/upwork_Invoice_Ninja/reception-par-type/vendor/laravel/framework/src/Illuminate/Foundation/resources/server.php(23): require_once('...')
#67 {main}

[previous exception] [object] (PDOException(code: 42S02): SQLSTATE[42S02]: Base table or view not found: 1146 Table 'c2815213c_receptiondb.jobs' doesn't exist at D:/DiskFiles/Projects/Web/upwork_Invoice_Ninja/reception-par-type/vendor/laravel/framework/src/Illuminate/Database/MySqlConnection.php:47)
[stacktrace]
#0 D:/DiskFiles/Projects/Web/upwork_Invoice_Ninja/reception-par-type/vendor/laravel/framework/src/Illuminate/Database/MySqlConnection.php(47): PDO->prepare()
#1 D:/DiskFiles/Projects/Web/upwork_Invoice_Ninja/reception-par-type/vendor/laravel/framework/src/Illuminate/Database/Connection.php(812): Illuminate/Database/MySqlConnection->Illuminate/Database/{closure}()
#2 D:/DiskFiles/Projects/Web/upwork_Invoice_Ninja/reception-par-type/vendor/laravel/framework/src/Illuminate/Database/Connection.php(779): Illuminate/Database/Connection->runQueryCallback()
#3 D:/DiskFiles/Projects/Web/upwork_Invoice_Ninja/reception-par-type/vendor/laravel/framework/src/Illuminate/Database/MySqlConnection.php(42): Illuminate/Database/Connection->run()
#4 D:/DiskFiles/Projects/Web/upwork_Invoice_Ninja/reception-par-type/vendor/laravel/framework/src/Illuminate/Database/Query/Processors/MySqlProcessor.php(35): Illuminate/Database/MySqlConnection->insert()
#5 D:/DiskFiles/Projects/Web/upwork_Invoice_Ninja/reception-par-type/vendor/laravel/framework/src/Illuminate/Database/Query/Builder.php(3766): Illuminate/Database/Query/Processors/MySqlProcessor->processInsertGetId()
#6 D:/DiskFiles/Projects/Web/upwork_Invoice_Ninja/reception-par-type/vendor/laravel/framework/src/Illuminate/Queue/DatabaseQueue.php(188): Illuminate/Database/Query/Builder->insertGetId()
#7 D:/DiskFiles/Projects/Web/upwork_Invoice_Ninja/reception-par-type/vendor/laravel/framework/src/Illuminate/Queue/DatabaseQueue.php(99): Illuminate/Queue/DatabaseQueue->pushToDatabase()
#8 D:/DiskFiles/Projects/Web/upwork_Invoice_Ninja/reception-par-type/vendor/laravel/framework/src/Illuminate/Queue/Queue.php(338): Illuminate/Queue/DatabaseQueue->Illuminate/Queue/{closure}()
#9 D:/DiskFiles/Projects/Web/upwork_Invoice_Ninja/reception-par-type/vendor/laravel/framework/src/Illuminate/Queue/DatabaseQueue.php(93): Illuminate/Queue/Queue->enqueueUsing()
#10 D:/DiskFiles/Projects/Web/upwork_Invoice_Ninja/reception-par-type/vendor/laravel/framework/src/Illuminate/Bus/Dispatcher.php(244): Illuminate/Queue/DatabaseQueue->push()
#11 D:/DiskFiles/Projects/Web/upwork_Invoice_Ninja/reception-par-type/vendor/laravel/framework/src/Illuminate/Bus/Dispatcher.php(228): Illuminate/Bus/Dispatcher->pushCommandToQueue()
#12 D:/DiskFiles/Projects/Web/upwork_Invoice_Ninja/reception-par-type/vendor/laravel/framework/src/Illuminate/Bus/Dispatcher.php(77): Illuminate/Bus/Dispatcher->dispatchToQueue()
#13 D:/DiskFiles/Projects/Web/upwork_Invoice_Ninja/reception-par-type/vendor/laravel/framework/src/Illuminate/Foundation/Bus/PendingDispatch.php(222): Illuminate/Bus/Dispatcher->dispatch()
#14 D:/DiskFiles/Projects/Web/upwork_Invoice_Ninja/reception-par-type/app/Http/Controllers/Admin/AdminImportController.php(134): Illuminate/Foundation/Bus/PendingDispatch->__destruct()
#15 D:/DiskFiles/Projects/Web/upwork_Invoice_Ninja/reception-par-type/vendor/laravel/framework/src/Illuminate/Routing/Controller.php(54): App/Http/Controllers/Admin/AdminImportController->trigger()
#16 D:/DiskFiles/Projects/Web/upwork_Invoice_Ninja/reception-par-type/vendor/laravel/framework/src/Illuminate/Routing/ControllerDispatcher.php(44): Illuminate/Routing/Controller->callAction()
#17 D:/DiskFiles/Projects/Web/upwork_Invoice_Ninja/reception-par-type/vendor/laravel/framework/src/Illuminate/Routing/Route.php(266): Illuminate/Routing/ControllerDispatcher->dispatch()
#18 D:/DiskFiles/Projects/Web/upwork_Invoice_Ninja/reception-par-type/vendor/laravel/framework/src/Illuminate/Routing/Route.php(212): Illuminate/Routing/Route->runController()
#19 D:/DiskFiles/Projects/Web/upwork_Invoice_Ninja/reception-par-type/vendor/laravel/framework/src/Illuminate/Routing/Router.php(808): Illuminate/Routing/Route->run()
#20 D:/DiskFiles/Projects/Web/upwork_Invoice_Ninja/reception-par-type/vendor/laravel/framework/src/Illuminate/Pipeline/Pipeline.php(170): Illuminate/Routing/Router->Illuminate/Routing/{closure}()
#21 D:/DiskFiles/Projects/Web/upwork_Invoice_Ninja/reception-par-type/app/Http/Middleware/AdminAccess.php(40): Illuminate/Pipeline/Pipeline->Illuminate/Pipeline/{closure}()
#22 D:/DiskFiles/Projects/Web/upwork_Invoice_Ninja/reception-par-type/vendor/laravel/framework/src/Illuminate/Pipeline/Pipeline.php(209): App/Http/Middleware/AdminAccess->handle()
#23 D:/DiskFiles/Projects/Web/upwork_Invoice_Ninja/reception-par-type/app/Http/Middleware/TrackAffiliate.php(45): Illuminate/Pipeline/Pipeline->Illuminate/Pipeline/{closure}()
#24 D:/DiskFiles/Projects/Web/upwork_Invoice_Ninja/reception-par-type/vendor/laravel/framework/src/Illuminate/Pipeline/Pipeline.php(209): App/Http/Middleware/TrackAffiliate->handle()
#25 D:/DiskFiles/Projects/Web/upwork_Invoice_Ninja/reception-par-type/vendor/laravel/framework/src/Illuminate/Routing/Middleware/SubstituteBindings.php(51): Illuminate/Pipeline/Pipeline->Illuminate/Pipeline/{closure}()
#26 D:/DiskFiles/Projects/Web/upwork_Invoice_Ninja/reception-par-type/vendor/laravel/framework/src/Illuminate/Pipeline/Pipeline.php(209): Illuminate/Routing/Middleware/SubstituteBindings->handle()
#27 D:/DiskFiles/Projects/Web/upwork_Invoice_Ninja/reception-par-type/vendor/laravel/framework/src/Illuminate/Auth/Middleware/Authenticate.php(64): Illuminate/Pipeline/Pipeline->Illuminate/Pipeline/{closure}()
#28 D:/DiskFiles/Projects/Web/upwork_Invoice_Ninja/reception-par-type/vendor/laravel/framework/src/Illuminate/Pipeline/Pipeline.php(209): Illuminate/Auth/Middleware/Authenticate->handle()
#29 D:/DiskFiles/Projects/Web/upwork_Invoice_Ninja/reception-par-type/vendor/laravel/framework/src/Illuminate/Foundation/Http/Middleware/VerifyCsrfToken.php(88): Illuminate/Pipeline/Pipeline->Illuminate/Pipeline/{closure}()
#30 D:/DiskFiles/Projects/Web/upwork_Invoice_Ninja/reception-par-type/vendor/laravel/framework/src/Illuminate/Pipeline/Pipeline.php(209): Illuminate/Foundation/Http/Middleware/VerifyCsrfToken->handle()
#31 D:/DiskFiles/Projects/Web/upwork_Invoice_Ninja/reception-par-type/vendor/laravel/framework/src/Illuminate/View/Middleware/ShareErrorsFromSession.php(49): Illuminate/Pipeline/Pipeline->Illuminate/Pipeline/{closure}()
#32 D:/DiskFiles/Projects/Web/upwork_Invoice_Ninja/reception-par-type/vendor/laravel/framework/src/Illuminate/Pipeline/Pipeline.php(209): Illuminate/View/Middleware/ShareErrorsFromSession->handle()
#33 D:/DiskFiles/Projects/Web/upwork_Invoice_Ninja/reception-par-type/vendor/laravel/framework/src/Illuminate/Session/Middleware/StartSession.php(121): Illuminate/Pipeline/Pipeline->Illuminate/Pipeline/{closure}()
#34 D:/DiskFiles/Projects/Web/upwork_Invoice_Ninja/reception-par-type/vendor/laravel/framework/src/Illuminate/Session/Middleware/StartSession.php(64): Illuminate/Session/Middleware/StartSession->handleStatefulRequest()
#35 D:/DiskFiles/Projects/Web/upwork_Invoice_Ninja/reception-par-type/vendor/laravel/framework/src/Illuminate/Pipeline/Pipeline.php(209): Illuminate/Session/Middleware/StartSession->handle()
#36 D:/DiskFiles/Projects/Web/upwork_Invoice_Ninja/reception-par-type/vendor/laravel/framework/src/Illuminate/Cookie/Middleware/AddQueuedCookiesToResponse.php(37): Illuminate/Pipeline/Pipeline->Illuminate/Pipeline/{closure}()
#37 D:/DiskFiles/Projects/Web/upwork_Invoice_Ninja/reception-par-type/vendor/laravel/framework/src/Illuminate/Pipeline/Pipeline.php(209): Illuminate/Cookie/Middleware/AddQueuedCookiesToResponse->handle()
#38 D:/DiskFiles/Projects/Web/upwork_Invoice_Ninja/reception-par-type/vendor/laravel/framework/src/Illuminate/Cookie/Middleware/EncryptCookies.php(75): Illuminate/Pipeline/Pipeline->Illuminate/Pipeline/{closure}()
#39 D:/DiskFiles/Projects/Web/upwork_Invoice_Ninja/reception-par-type/vendor/laravel/framework/src/Illuminate/Pipeline/Pipeline.php(209): Illuminate/Cookie/Middleware/EncryptCookies->handle()
#40 D:/DiskFiles/Projects/Web/upwork_Invoice_Ninja/reception-par-type/vendor/laravel/framework/src/Illuminate/Pipeline/Pipeline.php(127): Illuminate/Pipeline/Pipeline->Illuminate/Pipeline/{closure}()
#41 D:/DiskFiles/Projects/Web/upwork_Invoice_Ninja/reception-par-type/vendor/laravel/framework/src/Illuminate/Routing/Router.php(807): Illuminate/Pipeline/Pipeline->then()
#42 D:/DiskFiles/Projects/Web/upwork_Invoice_Ninja/reception-par-type/vendor/laravel/framework/src/Illuminate/Routing/Router.php(786): Illuminate/Routing/Router->runRouteWithinStack()
#43 D:/DiskFiles/Projects/Web/upwork_Invoice_Ninja/reception-par-type/vendor/laravel/framework/src/Illuminate/Routing/Router.php(750): Illuminate/Routing/Router->runRoute()
#44 D:/DiskFiles/Projects/Web/upwork_Invoice_Ninja/reception-par-type/vendor/laravel/framework/src/Illuminate/Routing/Router.php(739): Illuminate/Routing/Router->dispatchToRoute()
#45 D:/DiskFiles/Projects/Web/upwork_Invoice_Ninja/reception-par-type/vendor/laravel/framework/src/Illuminate/Foundation/Http/Kernel.php(201): Illuminate/Routing/Router->dispatch()
#46 D:/DiskFiles/Projects/Web/upwork_Invoice_Ninja/reception-par-type/vendor/laravel/framework/src/Illuminate/Pipeline/Pipeline.php(170): Illuminate/Foundation/Http/Kernel->Illuminate/Foundation/Http/{closure}()
#47 D:/DiskFiles/Projects/Web/upwork_Invoice_Ninja/reception-par-type/vendor/laravel/framework/src/Illuminate/Foundation/Http/Middleware/TransformsRequest.php(21): Illuminate/Pipeline/Pipeline->Illuminate/Pipeline/{closure}()
#48 D:/DiskFiles/Projects/Web/upwork_Invoice_Ninja/reception-par-type/vendor/laravel/framework/src/Illuminate/Foundation/Http/Middleware/ConvertEmptyStringsToNull.php(31): Illuminate/Foundation/Http/Middleware/TransformsRequest->handle()
#49 D:/DiskFiles/Projects/Web/upwork_Invoice_Ninja/reception-par-type/vendor/laravel/framework/src/Illuminate/Pipeline/Pipeline.php(209): Illuminate/Foundation/Http/Middleware/ConvertEmptyStringsToNull->handle()
#50 D:/DiskFiles/Projects/Web/upwork_Invoice_Ninja/reception-par-type/vendor/laravel/framework/src/Illuminate/Foundation/Http/Middleware/TransformsRequest.php(21): Illuminate/Pipeline/Pipeline->Illuminate/Pipeline/{closure}()
#51 D:/DiskFiles/Projects/Web/upwork_Invoice_Ninja/reception-par-type/vendor/laravel/framework/src/Illuminate/Foundation/Http/Middleware/TrimStrings.php(51): Illuminate/Foundation/Http/Middleware/TransformsRequest->handle()
#52 D:/DiskFiles/Projects/Web/upwork_Invoice_Ninja/reception-par-type/vendor/laravel/framework/src/Illuminate/Pipeline/Pipeline.php(209): Illuminate/Foundation/Http/Middleware/TrimStrings->handle()
#53 D:/DiskFiles/Projects/Web/upwork_Invoice_Ninja/reception-par-type/vendor/laravel/framework/src/Illuminate/Http/Middleware/ValidatePostSize.php(27): Illuminate/Pipeline/Pipeline->Illuminate/Pipeline/{closure}()
#54 D:/DiskFiles/Projects/Web/upwork_Invoice_Ninja/reception-par-type/vendor/laravel/framework/src/Illuminate/Pipeline/Pipeline.php(209): Illuminate/Http/Middleware/ValidatePostSize->handle()
#55 D:/DiskFiles/Projects/Web/upwork_Invoice_Ninja/reception-par-type/vendor/laravel/framework/src/Illuminate/Foundation/Http/Middleware/PreventRequestsDuringMaintenance.php(110): Illuminate/Pipeline/Pipeline->Illuminate/Pipeline/{closure}()
#56 D:/DiskFiles/Projects/Web/upwork_Invoice_Ninja/reception-par-type/vendor/laravel/framework/src/Illuminate/Pipeline/Pipeline.php(209): Illuminate/Foundation/Http/Middleware/PreventRequestsDuringMaintenance->handle()
#57 D:/DiskFiles/Projects/Web/upwork_Invoice_Ninja/reception-par-type/vendor/laravel/framework/src/Illuminate/Http/Middleware/HandleCors.php(49): Illuminate/Pipeline/Pipeline->Illuminate/Pipeline/{closure}()
#58 D:/DiskFiles/Projects/Web/upwork_Invoice_Ninja/reception-par-type/vendor/laravel/framework/src/Illuminate/Pipeline/Pipeline.php(209): Illuminate/Http/Middleware/HandleCors->handle()
#59 D:/DiskFiles/Projects/Web/upwork_Invoice_Ninja/reception-par-type/vendor/laravel/framework/src/Illuminate/Http/Middleware/TrustProxies.php(58): Illuminate/Pipeline/Pipeline->Illuminate/Pipeline/{closure}()
#60 D:/DiskFiles/Projects/Web/upwork_Invoice_Ninja/reception-par-type/vendor/laravel/framework/src/Illuminate/Pipeline/Pipeline.php(209): Illuminate/Http/Middleware/TrustProxies->handle()
#61 D:/DiskFiles/Projects/Web/upwork_Invoice_Ninja/reception-par-type/vendor/laravel/framework/src/Illuminate/Foundation/Http/Middleware/InvokeDeferredCallbacks.php(22): Illuminate/Pipeline/Pipeline->Illuminate/Pipeline/{closure}()
#62 D:/DiskFiles/Projects/Web/upwork_Invoice_Ninja/reception-par-type/vendor/laravel/framework/src/Illuminate/Pipeline/Pipeline.php(209): Illuminate/Foundation/Http/Middleware/InvokeDeferredCallbacks->handle()
#63 D:/DiskFiles/Projects/Web/upwork_Invoice_Ninja/reception-par-type/vendor/laravel/framework/src/Illuminate/Pipeline/Pipeline.php(127): Illuminate/Pipeline/Pipeline->Illuminate/Pipeline/{closure}()
#64 D:/DiskFiles/Projects/Web/upwork_Invoice_Ninja/reception-par-type/vendor/laravel/framework/src/Illuminate/Foundation/Http/Kernel.php(176): Illuminate/Pipeline/Pipeline->then()
#65 D:/DiskFiles/Projects/Web/upwork_Invoice_Ninja/reception-par-type/vendor/laravel/framework/src/Illuminate/Foundation/Http/Kernel.php(145): Illuminate/Foundation/Http/Kernel->sendRequestThroughRouter()
#66 D:/DiskFiles/Projects/Web/upwork_Invoice_Ninja/reception-par-type/vendor/laravel/framework/src/Illuminate/Foundation/Application.php(1220): Illuminate/Foundation/Http/Kernel->handle()
#67 D:/DiskFiles/Projects/Web/upwork_Invoice_Ninja/reception-par-type/public/index.php(18): Illuminate/Foundation/Application->handleRequest()
#68 D:/DiskFiles/Projects/Web/upwork_Invoice_Ninja/reception-par-type/vendor/laravel/framework/src/Illuminate/Foundation/resources/server.php(23): require_once('...')
#69 {main}
"} 
[2026-06-24 14:43:58] production.ERROR: SQLSTATE[42S02]: Base table or view not found: 1146 Table 'c2815213c_receptiondb.jobs' doesn't exist (Connection: mysql, SQL: insert into `jobs` (`queue`, `attempts`, `reserved_at`, `available_at`, `created_at`, `payload`) values (imports, 0, ?, 1782305038, 1782305038, {"uuid":"0e72cb0c-f2f0-417a-9f22-7bbe2651af44","displayName":"App\\Jobs\\ImportAstraNewsletterJob","job":"Illuminate\\Queue\\CallQueuedHandler@call","maxTries":3,"maxExceptions":null,"failOnTimeout":false,"backoff":"60","timeout":600,"retryUntil":null,"data":{"commandName":"App\\Jobs\\ImportAstraNewsletterJob","command":"O:33:\"App\\Jobs\\ImportAstraNewsletterJob\":5:{s:44:\"\u0000App\\Jobs\\ImportAstraNewsletterJob\u0000directory\";s:0:\"\";s:46:\"\u0000App\\Jobs\\ImportAstraNewsletterJob\u0000triggeredBy\";s:32:\"admin:01kvarefp6wsnndkj42mr077f2\";s:47:\"\u0000App\\Jobs\\ImportAstraNewsletterJob\u0000specificFile\";N;s:52:\"\u0000App\\Jobs\\ImportAstraNewsletterJob\u0000deleteAfterImport\";b:1;s:5:\"queue\";s:7:\"imports\";}"}})) {"userId":"01kvarefp6wsnndkj42mr077f2","exception":"[object] (Illuminate\\Database\\QueryException(code: 42S02): SQLSTATE[42S02]: Base table or view not found: 1146 Table 'c2815213c_receptiondb.jobs' doesn't exist (Connection: mysql, SQL: insert into `jobs` (`queue`, `attempts`, `reserved_at`, `available_at`, `created_at`, `payload`) values (imports, 0, ?, 1782305038, 1782305038, {\"uuid\":\"0e72cb0c-f2f0-417a-9f22-7bbe2651af44\",\"displayName\":\"App\\\\Jobs\\\\ImportAstraNewsletterJob\",\"job\":\"Illuminate\\\\Queue\\\\CallQueuedHandler@call\",\"maxTries\":3,\"maxExceptions\":null,\"failOnTimeout\":false,\"backoff\":\"60\",\"timeout\":600,\"retryUntil\":null,\"data\":{\"commandName\":\"App\\\\Jobs\\\\ImportAstraNewsletterJob\",\"command\":\"O:33:\\\"App\\\\Jobs\\\\ImportAstraNewsletterJob\\\":5:{s:44:\\\"\\u0000App\\\\Jobs\\\\ImportAstraNewsletterJob\\u0000directory\\\";s:0:\\\"\\\";s:46:\\\"\\u0000App\\\\Jobs\\\\ImportAstraNewsletterJob\\u0000triggeredBy\\\";s:32:\\\"admin:01kvarefp6wsnndkj42mr077f2\\\";s:47:\\\"\\u0000App\\\\Jobs\\\\ImportAstraNewsletterJob\\u0000specificFile\\\";N;s:52:\\\"\\u0000App\\\\Jobs\\\\ImportAstraNewsletterJob\\u0000deleteAfterImport\\\";b:1;s:5:\\\"queue\\\";s:7:\\\"imports\\\";}\"}})) at D:/DiskFiles/Projects/Web/upwork_Invoice_Ninja/reception-par-type/vendor/laravel/framework/src/Illuminate/Database/Connection.php:825)
[stacktrace]
#0 D:/DiskFiles/Projects/Web/upwork_Invoice_Ninja/reception-par-type/vendor/laravel/framework/src/Illuminate/Database/Connection.php(779): Illuminate/Database/Connection->runQueryCallback()
#1 D:/DiskFiles/Projects/Web/upwork_Invoice_Ninja/reception-par-type/vendor/laravel/framework/src/Illuminate/Database/MySqlConnection.php(42): Illuminate/Database/Connection->run()
#2 D:/DiskFiles/Projects/Web/upwork_Invoice_Ninja/reception-par-type/vendor/laravel/framework/src/Illuminate/Database/Query/Processors/MySqlProcessor.php(35): Illuminate/Database/MySqlConnection->insert()
#3 D:/DiskFiles/Projects/Web/upwork_Invoice_Ninja/reception-par-type/vendor/laravel/framework/src/Illuminate/Database/Query/Builder.php(3766): Illuminate/Database/Query/Processors/MySqlProcessor->processInsertGetId()
#4 D:/DiskFiles/Projects/Web/upwork_Invoice_Ninja/reception-par-type/vendor/laravel/framework/src/Illuminate/Queue/DatabaseQueue.php(188): Illuminate/Database/Query/Builder->insertGetId()
#5 D:/DiskFiles/Projects/Web/upwork_Invoice_Ninja/reception-par-type/vendor/laravel/framework/src/Illuminate/Queue/DatabaseQueue.php(99): Illuminate/Queue/DatabaseQueue->pushToDatabase()
#6 D:/DiskFiles/Projects/Web/upwork_Invoice_Ninja/reception-par-type/vendor/laravel/framework/src/Illuminate/Queue/Queue.php(338): Illuminate/Queue/DatabaseQueue->Illuminate/Queue/{closure}()
#7 D:/DiskFiles/Projects/Web/upwork_Invoice_Ninja/reception-par-type/vendor/laravel/framework/src/Illuminate/Queue/DatabaseQueue.php(93): Illuminate/Queue/Queue->enqueueUsing()
#8 D:/DiskFiles/Projects/Web/upwork_Invoice_Ninja/reception-par-type/vendor/laravel/framework/src/Illuminate/Bus/Dispatcher.php(244): Illuminate/Queue/DatabaseQueue->push()
#9 D:/DiskFiles/Projects/Web/upwork_Invoice_Ninja/reception-par-type/vendor/laravel/framework/src/Illuminate/Bus/Dispatcher.php(228): Illuminate/Bus/Dispatcher->pushCommandToQueue()
#10 D:/DiskFiles/Projects/Web/upwork_Invoice_Ninja/reception-par-type/vendor/laravel/framework/src/Illuminate/Bus/Dispatcher.php(77): Illuminate/Bus/Dispatcher->dispatchToQueue()
#11 D:/DiskFiles/Projects/Web/upwork_Invoice_Ninja/reception-par-type/vendor/laravel/framework/src/Illuminate/Foundation/Bus/PendingDispatch.php(222): Illuminate/Bus/Dispatcher->dispatch()
#12 D:/DiskFiles/Projects/Web/upwork_Invoice_Ninja/reception-par-type/app/Http/Controllers/Admin/AdminImportController.php(134): Illuminate/Foundation/Bus/PendingDispatch->__destruct()
#13 D:/DiskFiles/Projects/Web/upwork_Invoice_Ninja/reception-par-type/vendor/laravel/framework/src/Illuminate/Routing/Controller.php(54): App/Http/Controllers/Admin/AdminImportController->trigger()
#14 D:/DiskFiles/Projects/Web/upwork_Invoice_Ninja/reception-par-type/vendor/laravel/framework/src/Illuminate/Routing/ControllerDispatcher.php(44): Illuminate/Routing/Controller->callAction()
#15 D:/DiskFiles/Projects/Web/upwork_Invoice_Ninja/reception-par-type/vendor/laravel/framework/src/Illuminate/Routing/Route.php(266): Illuminate/Routing/ControllerDispatcher->dispatch()
#16 D:/DiskFiles/Projects/Web/upwork_Invoice_Ninja/reception-par-type/vendor/laravel/framework/src/Illuminate/Routing/Route.php(212): Illuminate/Routing/Route->runController()
#17 D:/DiskFiles/Projects/Web/upwork_Invoice_Ninja/reception-par-type/vendor/laravel/framework/src/Illuminate/Routing/Router.php(808): Illuminate/Routing/Route->run()
#18 D:/DiskFiles/Projects/Web/upwork_Invoice_Ninja/reception-par-type/vendor/laravel/framework/src/Illuminate/Pipeline/Pipeline.php(170): Illuminate/Routing/Router->Illuminate/Routing/{closure}()
#19 D:/DiskFiles/Projects/Web/upwork_Invoice_Ninja/reception-par-type/app/Http/Middleware/AdminAccess.php(40): Illuminate/Pipeline/Pipeline->Illuminate/Pipeline/{closure}()
#20 D:/DiskFiles/Projects/Web/upwork_Invoice_Ninja/reception-par-type/vendor/laravel/framework/src/Illuminate/Pipeline/Pipeline.php(209): App/Http/Middleware/AdminAccess->handle()
#21 D:/DiskFiles/Projects/Web/upwork_Invoice_Ninja/reception-par-type/app/Http/Middleware/TrackAffiliate.php(45): Illuminate/Pipeline/Pipeline->Illuminate/Pipeline/{closure}()
#22 D:/DiskFiles/Projects/Web/upwork_Invoice_Ninja/reception-par-type/vendor/laravel/framework/src/Illuminate/Pipeline/Pipeline.php(209): App/Http/Middleware/TrackAffiliate->handle()
#23 D:/DiskFiles/Projects/Web/upwork_Invoice_Ninja/reception-par-type/vendor/laravel/framework/src/Illuminate/Routing/Middleware/SubstituteBindings.php(51): Illuminate/Pipeline/Pipeline->Illuminate/Pipeline/{closure}()
#24 D:/DiskFiles/Projects/Web/upwork_Invoice_Ninja/reception-par-type/vendor/laravel/framework/src/Illuminate/Pipeline/Pipeline.php(209): Illuminate/Routing/Middleware/SubstituteBindings->handle()
#25 D:/DiskFiles/Projects/Web/upwork_Invoice_Ninja/reception-par-type/vendor/laravel/framework/src/Illuminate/Auth/Middleware/Authenticate.php(64): Illuminate/Pipeline/Pipeline->Illuminate/Pipeline/{closure}()
#26 D:/DiskFiles/Projects/Web/upwork_Invoice_Ninja/reception-par-type/vendor/laravel/framework/src/Illuminate/Pipeline/Pipeline.php(209): Illuminate/Auth/Middleware/Authenticate->handle()
#27 D:/DiskFiles/Projects/Web/upwork_Invoice_Ninja/reception-par-type/vendor/laravel/framework/src/Illuminate/Foundation/Http/Middleware/VerifyCsrfToken.php(88): Illuminate/Pipeline/Pipeline->Illuminate/Pipeline/{closure}()
#28 D:/DiskFiles/Projects/Web/upwork_Invoice_Ninja/reception-par-type/vendor/laravel/framework/src/Illuminate/Pipeline/Pipeline.php(209): Illuminate/Foundation/Http/Middleware/VerifyCsrfToken->handle()
#29 D:/DiskFiles/Projects/Web/upwork_Invoice_Ninja/reception-par-type/vendor/laravel/framework/src/Illuminate/View/Middleware/ShareErrorsFromSession.php(49): Illuminate/Pipeline/Pipeline->Illuminate/Pipeline/{closure}()
#30 D:/DiskFiles/Projects/Web/upwork_Invoice_Ninja/reception-par-type/vendor/laravel/framework/src/Illuminate/Pipeline/Pipeline.php(209): Illuminate/View/Middleware/ShareErrorsFromSession->handle()
#31 D:/DiskFiles/Projects/Web/upwork_Invoice_Ninja/reception-par-type/vendor/laravel/framework/src/Illuminate/Session/Middleware/StartSession.php(121): Illuminate/Pipeline/Pipeline->Illuminate/Pipeline/{closure}()
#32 D:/DiskFiles/Projects/Web/upwork_Invoice_Ninja/reception-par-type/vendor/laravel/framework/src/Illuminate/Session/Middleware/StartSession.php(64): Illuminate/Session/Middleware/StartSession->handleStatefulRequest()
#33 D:/DiskFiles/Projects/Web/upwork_Invoice_Ninja/reception-par-type/vendor/laravel/framework/src/Illuminate/Pipeline/Pipeline.php(209): Illuminate/Session/Middleware/StartSession->handle()
#34 D:/DiskFiles/Projects/Web/upwork_Invoice_Ninja/reception-par-type/vendor/laravel/framework/src/Illuminate/Cookie/Middleware/AddQueuedCookiesToResponse.php(37): Illuminate/Pipeline/Pipeline->Illuminate/Pipeline/{closure}()
#35 D:/DiskFiles/Projects/Web/upwork_Invoice_Ninja/reception-par-type/vendor/laravel/framework/src/Illuminate/Pipeline/Pipeline.php(209): Illuminate/Cookie/Middleware/AddQueuedCookiesToResponse->handle()
#36 D:/DiskFiles/Projects/Web/upwork_Invoice_Ninja/reception-par-type/vendor/laravel/framework/src/Illuminate/Cookie/Middleware/EncryptCookies.php(75): Illuminate/Pipeline/Pipeline->Illuminate/Pipeline/{closure}()
#37 D:/DiskFiles/Projects/Web/upwork_Invoice_Ninja/reception-par-type/vendor/laravel/framework/src/Illuminate/Pipeline/Pipeline.php(209): Illuminate/Cookie/Middleware/EncryptCookies->handle()
#38 D:/DiskFiles/Projects/Web/upwork_Invoice_Ninja/reception-par-type/vendor/laravel/framework/src/Illuminate/Pipeline/Pipeline.php(127): Illuminate/Pipeline/Pipeline->Illuminate/Pipeline/{closure}()
#39 D:/DiskFiles/Projects/Web/upwork_Invoice_Ninja/reception-par-type/vendor/laravel/framework/src/Illuminate/Routing/Router.php(807): Illuminate/Pipeline/Pipeline->then()
#40 D:/DiskFiles/Projects/Web/upwork_Invoice_Ninja/reception-par-type/vendor/laravel/framework/src/Illuminate/Routing/Router.php(786): Illuminate/Routing/Router->runRouteWithinStack()
#41 D:/DiskFiles/Projects/Web/upwork_Invoice_Ninja/reception-par-type/vendor/laravel/framework/src/Illuminate/Routing/Router.php(750): Illuminate/Routing/Router->runRoute()
#42 D:/DiskFiles/Projects/Web/upwork_Invoice_Ninja/reception-par-type/vendor/laravel/framework/src/Illuminate/Routing/Router.php(739): Illuminate/Routing/Router->dispatchToRoute()
#43 D:/DiskFiles/Projects/Web/upwork_Invoice_Ninja/reception-par-type/vendor/laravel/framework/src/Illuminate/Foundation/Http/Kernel.php(201): Illuminate/Routing/Router->dispatch()
#44 D:/DiskFiles/Projects/Web/upwork_Invoice_Ninja/reception-par-type/vendor/laravel/framework/src/Illuminate/Pipeline/Pipeline.php(170): Illuminate/Foundation/Http/Kernel->Illuminate/Foundation/Http/{closure}()
#45 D:/DiskFiles/Projects/Web/upwork_Invoice_Ninja/reception-par-type/vendor/laravel/framework/src/Illuminate/Foundation/Http/Middleware/TransformsRequest.php(21): Illuminate/Pipeline/Pipeline->Illuminate/Pipeline/{closure}()
#46 D:/DiskFiles/Projects/Web/upwork_Invoice_Ninja/reception-par-type/vendor/laravel/framework/src/Illuminate/Foundation/Http/Middleware/ConvertEmptyStringsToNull.php(31): Illuminate/Foundation/Http/Middleware/TransformsRequest->handle()
#47 D:/DiskFiles/Projects/Web/upwork_Invoice_Ninja/reception-par-type/vendor/laravel/framework/src/Illuminate/Pipeline/Pipeline.php(209): Illuminate/Foundation/Http/Middleware/ConvertEmptyStringsToNull->handle()
#48 D:/DiskFiles/Projects/Web/upwork_Invoice_Ninja/reception-par-type/vendor/laravel/framework/src/Illuminate/Foundation/Http/Middleware/TransformsRequest.php(21): Illuminate/Pipeline/Pipeline->Illuminate/Pipeline/{closure}()
#49 D:/DiskFiles/Projects/Web/upwork_Invoice_Ninja/reception-par-type/vendor/laravel/framework/src/Illuminate/Foundation/Http/Middleware/TrimStrings.php(51): Illuminate/Foundation/Http/Middleware/TransformsRequest->handle()
#50 D:/DiskFiles/Projects/Web/upwork_Invoice_Ninja/reception-par-type/vendor/laravel/framework/src/Illuminate/Pipeline/Pipeline.php(209): Illuminate/Foundation/Http/Middleware/TrimStrings->handle()
#51 D:/DiskFiles/Projects/Web/upwork_Invoice_Ninja/reception-par-type/vendor/laravel/framework/src/Illuminate/Http/Middleware/ValidatePostSize.php(27): Illuminate/Pipeline/Pipeline->Illuminate/Pipeline/{closure}()
#52 D:/DiskFiles/Projects/Web/upwork_Invoice_Ninja/reception-par-type/vendor/laravel/framework/src/Illuminate/Pipeline/Pipeline.php(209): Illuminate/Http/Middleware/ValidatePostSize->handle()
#53 D:/DiskFiles/Projects/Web/upwork_Invoice_Ninja/reception-par-type/vendor/laravel/framework/src/Illuminate/Foundation/Http/Middleware/PreventRequestsDuringMaintenance.php(110): Illuminate/Pipeline/Pipeline->Illuminate/Pipeline/{closure}()
#54 D:/DiskFiles/Projects/Web/upwork_Invoice_Ninja/reception-par-type/vendor/laravel/framework/src/Illuminate/Pipeline/Pipeline.php(209): Illuminate/Foundation/Http/Middleware/PreventRequestsDuringMaintenance->handle()
#55 D:/DiskFiles/Projects/Web/upwork_Invoice_Ninja/reception-par-type/vendor/laravel/framework/src/Illuminate/Http/Middleware/HandleCors.php(49): Illuminate/Pipeline/Pipeline->Illuminate/Pipeline/{closure}()
#56 D:/DiskFiles/Projects/Web/upwork_Invoice_Ninja/reception-par-type/vendor/laravel/framework/src/Illuminate/Pipeline/Pipeline.php(209): Illuminate/Http/Middleware/HandleCors->handle()
#57 D:/DiskFiles/Projects/Web/upwork_Invoice_Ninja/reception-par-type/vendor/laravel/framework/src/Illuminate/Http/Middleware/TrustProxies.php(58): Illuminate/Pipeline/Pipeline->Illuminate/Pipeline/{closure}()
#58 D:/DiskFiles/Projects/Web/upwork_Invoice_Ninja/reception-par-type/vendor/laravel/framework/src/Illuminate/Pipeline/Pipeline.php(209): Illuminate/Http/Middleware/TrustProxies->handle()
#59 D:/DiskFiles/Projects/Web/upwork_Invoice_Ninja/reception-par-type/vendor/laravel/framework/src/Illuminate/Foundation/Http/Middleware/InvokeDeferredCallbacks.php(22): Illuminate/Pipeline/Pipeline->Illuminate/Pipeline/{closure}()
#60 D:/DiskFiles/Projects/Web/upwork_Invoice_Ninja/reception-par-type/vendor/laravel/framework/src/Illuminate/Pipeline/Pipeline.php(209): Illuminate/Foundation/Http/Middleware/InvokeDeferredCallbacks->handle()
#61 D:/DiskFiles/Projects/Web/upwork_Invoice_Ninja/reception-par-type/vendor/laravel/framework/src/Illuminate/Pipeline/Pipeline.php(127): Illuminate/Pipeline/Pipeline->Illuminate/Pipeline/{closure}()
#62 D:/DiskFiles/Projects/Web/upwork_Invoice_Ninja/reception-par-type/vendor/laravel/framework/src/Illuminate/Foundation/Http/Kernel.php(176): Illuminate/Pipeline/Pipeline->then()
#63 D:/DiskFiles/Projects/Web/upwork_Invoice_Ninja/reception-par-type/vendor/laravel/framework/src/Illuminate/Foundation/Http/Kernel.php(145): Illuminate/Foundation/Http/Kernel->sendRequestThroughRouter()
#64 D:/DiskFiles/Projects/Web/upwork_Invoice_Ninja/reception-par-type/vendor/laravel/framework/src/Illuminate/Foundation/Application.php(1220): Illuminate/Foundation/Http/Kernel->handle()
#65 D:/DiskFiles/Projects/Web/upwork_Invoice_Ninja/reception-par-type/public/index.php(18): Illuminate/Foundation/Application->handleRequest()
#66 D:/DiskFiles/Projects/Web/upwork_Invoice_Ninja/reception-par-type/vendor/laravel/framework/src/Illuminate/Foundation/resources/server.php(23): require_once('...')
#67 {main}

[previous exception] [object] (PDOException(code: 42S02): SQLSTATE[42S02]: Base table or view not found: 1146 Table 'c2815213c_receptiondb.jobs' doesn't exist at D:/DiskFiles/Projects/Web/upwork_Invoice_Ninja/reception-par-type/vendor/laravel/framework/src/Illuminate/Database/MySqlConnection.php:47)
[stacktrace]
#0 D:/DiskFiles/Projects/Web/upwork_Invoice_Ninja/reception-par-type/vendor/laravel/framework/src/Illuminate/Database/MySqlConnection.php(47): PDO->prepare()
#1 D:/DiskFiles/Projects/Web/upwork_Invoice_Ninja/reception-par-type/vendor/laravel/framework/src/Illuminate/Database/Connection.php(812): Illuminate/Database/MySqlConnection->Illuminate/Database/{closure}()
#2 D:/DiskFiles/Projects/Web/upwork_Invoice_Ninja/reception-par-type/vendor/laravel/framework/src/Illuminate/Database/Connection.php(779): Illuminate/Database/Connection->runQueryCallback()
#3 D:/DiskFiles/Projects/Web/upwork_Invoice_Ninja/reception-par-type/vendor/laravel/framework/src/Illuminate/Database/MySqlConnection.php(42): Illuminate/Database/Connection->run()
#4 D:/DiskFiles/Projects/Web/upwork_Invoice_Ninja/reception-par-type/vendor/laravel/framework/src/Illuminate/Database/Query/Processors/MySqlProcessor.php(35): Illuminate/Database/MySqlConnection->insert()
#5 D:/DiskFiles/Projects/Web/upwork_Invoice_Ninja/reception-par-type/vendor/laravel/framework/src/Illuminate/Database/Query/Builder.php(3766): Illuminate/Database/Query/Processors/MySqlProcessor->processInsertGetId()
#6 D:/DiskFiles/Projects/Web/upwork_Invoice_Ninja/reception-par-type/vendor/laravel/framework/src/Illuminate/Queue/DatabaseQueue.php(188): Illuminate/Database/Query/Builder->insertGetId()
#7 D:/DiskFiles/Projects/Web/upwork_Invoice_Ninja/reception-par-type/vendor/laravel/framework/src/Illuminate/Queue/DatabaseQueue.php(99): Illuminate/Queue/DatabaseQueue->pushToDatabase()
#8 D:/DiskFiles/Projects/Web/upwork_Invoice_Ninja/reception-par-type/vendor/laravel/framework/src/Illuminate/Queue/Queue.php(338): Illuminate/Queue/DatabaseQueue->Illuminate/Queue/{closure}()
#9 D:/DiskFiles/Projects/Web/upwork_Invoice_Ninja/reception-par-type/vendor/laravel/framework/src/Illuminate/Queue/DatabaseQueue.php(93): Illuminate/Queue/Queue->enqueueUsing()
#10 D:/DiskFiles/Projects/Web/upwork_Invoice_Ninja/reception-par-type/vendor/laravel/framework/src/Illuminate/Bus/Dispatcher.php(244): Illuminate/Queue/DatabaseQueue->push()
#11 D:/DiskFiles/Projects/Web/upwork_Invoice_Ninja/reception-par-type/vendor/laravel/framework/src/Illuminate/Bus/Dispatcher.php(228): Illuminate/Bus/Dispatcher->pushCommandToQueue()
#12 D:/DiskFiles/Projects/Web/upwork_Invoice_Ninja/reception-par-type/vendor/laravel/framework/src/Illuminate/Bus/Dispatcher.php(77): Illuminate/Bus/Dispatcher->dispatchToQueue()
#13 D:/DiskFiles/Projects/Web/upwork_Invoice_Ninja/reception-par-type/vendor/laravel/framework/src/Illuminate/Foundation/Bus/PendingDispatch.php(222): Illuminate/Bus/Dispatcher->dispatch()
#14 D:/DiskFiles/Projects/Web/upwork_Invoice_Ninja/reception-par-type/app/Http/Controllers/Admin/AdminImportController.php(134): Illuminate/Foundation/Bus/PendingDispatch->__destruct()
#15 D:/DiskFiles/Projects/Web/upwork_Invoice_Ninja/reception-par-type/vendor/laravel/framework/src/Illuminate/Routing/Controller.php(54): App/Http/Controllers/Admin/AdminImportController->trigger()
#16 D:/DiskFiles/Projects/Web/upwork_Invoice_Ninja/reception-par-type/vendor/laravel/framework/src/Illuminate/Routing/ControllerDispatcher.php(44): Illuminate/Routing/Controller->callAction()
#17 D:/DiskFiles/Projects/Web/upwork_Invoice_Ninja/reception-par-type/vendor/laravel/framework/src/Illuminate/Routing/Route.php(266): Illuminate/Routing/ControllerDispatcher->dispatch()
#18 D:/DiskFiles/Projects/Web/upwork_Invoice_Ninja/reception-par-type/vendor/laravel/framework/src/Illuminate/Routing/Route.php(212): Illuminate/Routing/Route->runController()
#19 D:/DiskFiles/Projects/Web/upwork_Invoice_Ninja/reception-par-type/vendor/laravel/framework/src/Illuminate/Routing/Router.php(808): Illuminate/Routing/Route->run()
#20 D:/DiskFiles/Projects/Web/upwork_Invoice_Ninja/reception-par-type/vendor/laravel/framework/src/Illuminate/Pipeline/Pipeline.php(170): Illuminate/Routing/Router->Illuminate/Routing/{closure}()
#21 D:/DiskFiles/Projects/Web/upwork_Invoice_Ninja/reception-par-type/app/Http/Middleware/AdminAccess.php(40): Illuminate/Pipeline/Pipeline->Illuminate/Pipeline/{closure}()
#22 D:/DiskFiles/Projects/Web/upwork_Invoice_Ninja/reception-par-type/vendor/laravel/framework/src/Illuminate/Pipeline/Pipeline.php(209): App/Http/Middleware/AdminAccess->handle()
#23 D:/DiskFiles/Projects/Web/upwork_Invoice_Ninja/reception-par-type/app/Http/Middleware/TrackAffiliate.php(45): Illuminate/Pipeline/Pipeline->Illuminate/Pipeline/{closure}()
#24 D:/DiskFiles/Projects/Web/upwork_Invoice_Ninja/reception-par-type/vendor/laravel/framework/src/Illuminate/Pipeline/Pipeline.php(209): App/Http/Middleware/TrackAffiliate->handle()
#25 D:/DiskFiles/Projects/Web/upwork_Invoice_Ninja/reception-par-type/vendor/laravel/framework/src/Illuminate/Routing/Middleware/SubstituteBindings.php(51): Illuminate/Pipeline/Pipeline->Illuminate/Pipeline/{closure}()
#26 D:/DiskFiles/Projects/Web/upwork_Invoice_Ninja/reception-par-type/vendor/laravel/framework/src/Illuminate/Pipeline/Pipeline.php(209): Illuminate/Routing/Middleware/SubstituteBindings->handle()
#27 D:/DiskFiles/Projects/Web/upwork_Invoice_Ninja/reception-par-type/vendor/laravel/framework/src/Illuminate/Auth/Middleware/Authenticate.php(64): Illuminate/Pipeline/Pipeline->Illuminate/Pipeline/{closure}()
#28 D:/DiskFiles/Projects/Web/upwork_Invoice_Ninja/reception-par-type/vendor/laravel/framework/src/Illuminate/Pipeline/Pipeline.php(209): Illuminate/Auth/Middleware/Authenticate->handle()
#29 D:/DiskFiles/Projects/Web/upwork_Invoice_Ninja/reception-par-type/vendor/laravel/framework/src/Illuminate/Foundation/Http/Middleware/VerifyCsrfToken.php(88): Illuminate/Pipeline/Pipeline->Illuminate/Pipeline/{closure}()
#30 D:/DiskFiles/Projects/Web/upwork_Invoice_Ninja/reception-par-type/vendor/laravel/framework/src/Illuminate/Pipeline/Pipeline.php(209): Illuminate/Foundation/Http/Middleware/VerifyCsrfToken->handle()
#31 D:/DiskFiles/Projects/Web/upwork_Invoice_Ninja/reception-par-type/vendor/laravel/framework/src/Illuminate/View/Middleware/ShareErrorsFromSession.php(49): Illuminate/Pipeline/Pipeline->Illuminate/Pipeline/{closure}()
#32 D:/DiskFiles/Projects/Web/upwork_Invoice_Ninja/reception-par-type/vendor/laravel/framework/src/Illuminate/Pipeline/Pipeline.php(209): Illuminate/View/Middleware/ShareErrorsFromSession->handle()
#33 D:/DiskFiles/Projects/Web/upwork_Invoice_Ninja/reception-par-type/vendor/laravel/framework/src/Illuminate/Session/Middleware/StartSession.php(121): Illuminate/Pipeline/Pipeline->Illuminate/Pipeline/{closure}()
#34 D:/DiskFiles/Projects/Web/upwork_Invoice_Ninja/reception-par-type/vendor/laravel/framework/src/Illuminate/Session/Middleware/StartSession.php(64): Illuminate/Session/Middleware/StartSession->handleStatefulRequest()
#35 D:/DiskFiles/Projects/Web/upwork_Invoice_Ninja/reception-par-type/vendor/laravel/framework/src/Illuminate/Pipeline/Pipeline.php(209): Illuminate/Session/Middleware/StartSession->handle()
#36 D:/DiskFiles/Projects/Web/upwork_Invoice_Ninja/reception-par-type/vendor/laravel/framework/src/Illuminate/Cookie/Middleware/AddQueuedCookiesToResponse.php(37): Illuminate/Pipeline/Pipeline->Illuminate/Pipeline/{closure}()
#37 D:/DiskFiles/Projects/Web/upwork_Invoice_Ninja/reception-par-type/vendor/laravel/framework/src/Illuminate/Pipeline/Pipeline.php(209): Illuminate/Cookie/Middleware/AddQueuedCookiesToResponse->handle()
#38 D:/DiskFiles/Projects/Web/upwork_Invoice_Ninja/reception-par-type/vendor/laravel/framework/src/Illuminate/Cookie/Middleware/EncryptCookies.php(75): Illuminate/Pipeline/Pipeline->Illuminate/Pipeline/{closure}()
#39 D:/DiskFiles/Projects/Web/upwork_Invoice_Ninja/reception-par-type/vendor/laravel/framework/src/Illuminate/Pipeline/Pipeline.php(209): Illuminate/Cookie/Middleware/EncryptCookies->handle()
#40 D:/DiskFiles/Projects/Web/upwork_Invoice_Ninja/reception-par-type/vendor/laravel/framework/src/Illuminate/Pipeline/Pipeline.php(127): Illuminate/Pipeline/Pipeline->Illuminate/Pipeline/{closure}()
#41 D:/DiskFiles/Projects/Web/upwork_Invoice_Ninja/reception-par-type/vendor/laravel/framework/src/Illuminate/Routing/Router.php(807): Illuminate/Pipeline/Pipeline->then()
#42 D:/DiskFiles/Projects/Web/upwork_Invoice_Ninja/reception-par-type/vendor/laravel/framework/src/Illuminate/Routing/Router.php(786): Illuminate/Routing/Router->runRouteWithinStack()
#43 D:/DiskFiles/Projects/Web/upwork_Invoice_Ninja/reception-par-type/vendor/laravel/framework/src/Illuminate/Routing/Router.php(750): Illuminate/Routing/Router->runRoute()
#44 D:/DiskFiles/Projects/Web/upwork_Invoice_Ninja/reception-par-type/vendor/laravel/framework/src/Illuminate/Routing/Router.php(739): Illuminate/Routing/Router->dispatchToRoute()
#45 D:/DiskFiles/Projects/Web/upwork_Invoice_Ninja/reception-par-type/vendor/laravel/framework/src/Illuminate/Foundation/Http/Kernel.php(201): Illuminate/Routing/Router->dispatch()
#46 D:/DiskFiles/Projects/Web/upwork_Invoice_Ninja/reception-par-type/vendor/laravel/framework/src/Illuminate/Pipeline/Pipeline.php(170): Illuminate/Foundation/Http/Kernel->Illuminate/Foundation/Http/{closure}()
#47 D:/DiskFiles/Projects/Web/upwork_Invoice_Ninja/reception-par-type/vendor/laravel/framework/src/Illuminate/Foundation/Http/Middleware/TransformsRequest.php(21): Illuminate/Pipeline/Pipeline->Illuminate/Pipeline/{closure}()
#48 D:/DiskFiles/Projects/Web/upwork_Invoice_Ninja/reception-par-type/vendor/laravel/framework/src/Illuminate/Foundation/Http/Middleware/ConvertEmptyStringsToNull.php(31): Illuminate/Foundation/Http/Middleware/TransformsRequest->handle()
#49 D:/DiskFiles/Projects/Web/upwork_Invoice_Ninja/reception-par-type/vendor/laravel/framework/src/Illuminate/Pipeline/Pipeline.php(209): Illuminate/Foundation/Http/Middleware/ConvertEmptyStringsToNull->handle()
#50 D:/DiskFiles/Projects/Web/upwork_Invoice_Ninja/reception-par-type/vendor/laravel/framework/src/Illuminate/Foundation/Http/Middleware/TransformsRequest.php(21): Illuminate/Pipeline/Pipeline->Illuminate/Pipeline/{closure}()
#51 D:/DiskFiles/Projects/Web/upwork_Invoice_Ninja/reception-par-type/vendor/laravel/framework/src/Illuminate/Foundation/Http/Middleware/TrimStrings.php(51): Illuminate/Foundation/Http/Middleware/TransformsRequest->handle()
#52 D:/DiskFiles/Projects/Web/upwork_Invoice_Ninja/reception-par-type/vendor/laravel/framework/src/Illuminate/Pipeline/Pipeline.php(209): Illuminate/Foundation/Http/Middleware/TrimStrings->handle()
#53 D:/DiskFiles/Projects/Web/upwork_Invoice_Ninja/reception-par-type/vendor/laravel/framework/src/Illuminate/Http/Middleware/ValidatePostSize.php(27): Illuminate/Pipeline/Pipeline->Illuminate/Pipeline/{closure}()
#54 D:/DiskFiles/Projects/Web/upwork_Invoice_Ninja/reception-par-type/vendor/laravel/framework/src/Illuminate/Pipeline/Pipeline.php(209): Illuminate/Http/Middleware/ValidatePostSize->handle()
#55 D:/DiskFiles/Projects/Web/upwork_Invoice_Ninja/reception-par-type/vendor/laravel/framework/src/Illuminate/Foundation/Http/Middleware/PreventRequestsDuringMaintenance.php(110): Illuminate/Pipeline/Pipeline->Illuminate/Pipeline/{closure}()
#56 D:/DiskFiles/Projects/Web/upwork_Invoice_Ninja/reception-par-type/vendor/laravel/framework/src/Illuminate/Pipeline/Pipeline.php(209): Illuminate/Foundation/Http/Middleware/PreventRequestsDuringMaintenance->handle()
#57 D:/DiskFiles/Projects/Web/upwork_Invoice_Ninja/reception-par-type/vendor/laravel/framework/src/Illuminate/Http/Middleware/HandleCors.php(49): Illuminate/Pipeline/Pipeline->Illuminate/Pipeline/{closure}()
#58 D:/DiskFiles/Projects/Web/upwork_Invoice_Ninja/reception-par-type/vendor/laravel/framework/src/Illuminate/Pipeline/Pipeline.php(209): Illuminate/Http/Middleware/HandleCors->handle()
#59 D:/DiskFiles/Projects/Web/upwork_Invoice_Ninja/reception-par-type/vendor/laravel/framework/src/Illuminate/Http/Middleware/TrustProxies.php(58): Illuminate/Pipeline/Pipeline->Illuminate/Pipeline/{closure}()
#60 D:/DiskFiles/Projects/Web/upwork_Invoice_Ninja/reception-par-type/vendor/laravel/framework/src/Illuminate/Pipeline/Pipeline.php(209): Illuminate/Http/Middleware/TrustProxies->handle()
#61 D:/DiskFiles/Projects/Web/upwork_Invoice_Ninja/reception-par-type/vendor/laravel/framework/src/Illuminate/Foundation/Http/Middleware/InvokeDeferredCallbacks.php(22): Illuminate/Pipeline/Pipeline->Illuminate/Pipeline/{closure}()
#62 D:/DiskFiles/Projects/Web/upwork_Invoice_Ninja/reception-par-type/vendor/laravel/framework/src/Illuminate/Pipeline/Pipeline.php(209): Illuminate/Foundation/Http/Middleware/InvokeDeferredCallbacks->handle()
#63 D:/DiskFiles/Projects/Web/upwork_Invoice_Ninja/reception-par-type/vendor/laravel/framework/src/Illuminate/Pipeline/Pipeline.php(127): Illuminate/Pipeline/Pipeline->Illuminate/Pipeline/{closure}()
#64 D:/DiskFiles/Projects/Web/upwork_Invoice_Ninja/reception-par-type/vendor/laravel/framework/src/Illuminate/Foundation/Http/Kernel.php(176): Illuminate/Pipeline/Pipeline->then()
#65 D:/DiskFiles/Projects/Web/upwork_Invoice_Ninja/reception-par-type/vendor/laravel/framework/src/Illuminate/Foundation/Http/Kernel.php(145): Illuminate/Foundation/Http/Kernel->sendRequestThroughRouter()
#66 D:/DiskFiles/Projects/Web/upwork_Invoice_Ninja/reception-par-type/vendor/laravel/framework/src/Illuminate/Foundation/Application.php(1220): Illuminate/Foundation/Http/Kernel->handle()
#67 D:/DiskFiles/Projects/Web/upwork_Invoice_Ninja/reception-par-type/public/index.php(18): Illuminate/Foundation/Application->handleRequest()
#68 D:/DiskFiles/Projects/Web/upwork_Invoice_Ninja/reception-par-type/vendor/laravel/framework/src/Illuminate/Foundation/resources/server.php(23): require_once('...')
#69 {main}
"} 
